Date,Open,High,Low,Close,Adj Close,Volume
2001-11-26,500.79998779296875,508.8999938964844,498.6000061035156,508.1000061035156,324.765869140625,1105000
2001-11-27,508.1000061035156,509.8999938964844,500.0,505.5,323.1039733886719,1028200
2001-11-28,500.0,502.20001220703125,477.5,478.0,305.526611328125,2365100
2001-11-29,478.0,484.8999938964844,470.0,483.6000061035156,309.10601806640625,1553400
2001-11-30,483.6000061035156,484.70001220703125,475.1000061035156,479.0,306.165771484375,1325500
2001-12-03,480.0,480.0,465.5,469.1000061035156,299.8379211425781,1378900
2001-12-04,470.5,478.8999938964844,469.6000061035156,478.29998779296875,305.71844482421875,970900
2001-12-05,480.0,495.29998779296875,480.0,490.0,313.19677734375,1275900
2001-12-06,492.0,499.70001220703125,488.5,496.0,317.0318298339844,1148300
2001-12-07,498.5,498.5,488.0,492.1000061035156,314.5390625,841000
2001-12-10,487.5,490.8999938964844,478.20001220703125,479.20001220703125,306.29364013671875,983600
2001-12-11,482.0,491.0,475.5,486.1000061035156,310.7040100097656,1237100
2001-12-12,487.0,491.0,474.8999938964844,481.5,307.7638244628906,1366800
2001-12-13,472.5,475.0,470.5,474.5,303.2895812988281,1319000
2001-12-14,469.29998779296875,472.5,460.0,466.8999938964844,298.4317626953125,1481200
2001-12-17,469.3999938964844,477.29998779296875,463.0,473.70001220703125,302.7783203125,1158300
2001-12-18,478.5,483.3999938964844,473.5,481.0,307.4441223144531,1375400
2001-12-19,485.0,501.1000061035156,485.0,500.0,319.5885314941406,1837200
2001-12-20,503.5,505.0,494.5,497.1000061035156,317.7348937988281,1392200
2001-12-21,497.20001220703125,501.5,489.0,501.5,320.5473937988281,2693000
2001-12-24,500.0,503.0,499.20001220703125,499.70001220703125,319.39691162109375,484800
2001-12-26,501.1000061035156,508.29998779296875,500.6000061035156,502.20001220703125,320.9947204589844,657600
2001-12-27,500.0,508.3999938964844,500.0,507.3999938964844,324.31854248046875,743900
2001-12-28,510.0,518.0,509.3999938964844,511.8999938964844,327.1947937011719,868500
2001-12-31,506.0,513.7000122070312,504.79998779296875,504.79998779296875,322.65655517578125,841600
2002-01-02,500.20001220703125,511.0,499.1000061035156,510.1000061035156,326.0442810058594,1127600
2002-01-03,507.0,514.0,502.5,510.5,326.2999572753906,1181500
2002-01-04,511.5,520.0,511.5,520.0,332.3721618652344,1234800
2002-01-07,519.9000244140625,522.0,511.6000061035156,513.9000244140625,328.47314453125,1051100
2002-01-08,509.5,510.6000061035156,492.5,495.0,316.39263916015625,1983500
2002-01-09,501.5,506.0,496.70001220703125,497.8999938964844,318.2462158203125,1296600
2002-01-10,500.0,503.0,494.8999938964844,498.5,318.6297912597656,918400
2002-01-11,501.0,501.8999938964844,489.8999938964844,490.70001220703125,313.644287109375,863000
2002-01-14,490.70001220703125,492.8999938964844,485.0,488.79998779296875,312.42974853515625,1101600
2002-01-15,494.0,498.0,488.3999938964844,497.20001220703125,317.79888916015625,1054200
2002-01-16,493.0,494.79998779296875,487.0,488.6000061035156,312.3020324707031,1212800
2002-01-17,501.0,502.5,497.0,499.0,318.9493103027344,1543000
2002-01-18,499.0,503.20001220703125,498.0,499.6000061035156,319.33294677734375,1273500
2002-01-22,505.0,505.5,490.6000061035156,492.0,314.47503662109375,1244400
2002-01-23,496.3999938964844,499.8999938964844,487.0,495.0,316.39263916015625,982300
2002-01-24,499.5,505.6000061035156,494.5,499.0,318.9493103027344,1148900
2002-01-25,496.0,501.8999938964844,492.70001220703125,496.20001220703125,317.15960693359375,967500
2002-01-28,498.70001220703125,500.8999938964844,485.29998779296875,493.1000061035156,315.1783447265625,1033000
2002-01-29,493.1000061035156,496.0,462.5,467.1000061035156,298.5596618652344,2255500
2002-01-30,465.0,477.0,452.1000061035156,475.0,303.6091003417969,2308200
2002-01-31,477.29998779296875,477.5,462.5,474.0,303.99395751953125,1498800
2002-02-01,470.1000061035156,474.0,460.0,464.8999938964844,298.1578369140625,1432200
2002-02-04,460.0,460.1000061035156,439.8999938964844,443.0,284.112548828125,2210800
2002-02-05,455.0,455.0,431.5,448.0,287.31915283203125,1956800
2002-02-06,448.0,453.70001220703125,435.0,440.0,282.1884765625,1578000
2002-02-07,437.5,453.3999938964844,435.5,441.3999938964844,283.08636474609375,1611200
2002-02-08,447.5,458.29998779296875,445.8999938964844,454.8999938964844,291.744384765625,1526900
2002-02-11,455.0,459.0,450.0,458.29998779296875,293.9249572753906,1105000
2002-02-12,458.5,458.5,450.5,451.5,289.5637512207031,1023000
2002-02-13,454.0,461.5,450.6000061035156,453.5,290.84661865234375,1380700
2002-02-14,454.5,459.5,446.79998779296875,455.5,292.12921142578125,1191600
2002-02-15,451.0,452.3999938964844,439.8999938964844,441.29998779296875,283.0221252441406,2001300
2002-02-19,432.5,435.0,421.3999938964844,422.20001220703125,270.77264404296875,2302700
2002-02-20,424.0,436.6000061035156,418.0,435.20001220703125,279.1100769042969,2198500
2002-02-21,435.29998779296875,440.70001220703125,428.0,428.0,274.49249267578125,1601400
2002-02-22,428.1000061035156,428.1000061035156,415.0,424.0,271.9271240234375,1949500
2002-02-25,429.5,439.0,427.29998779296875,437.8999938964844,280.84173583984375,1601100
2002-02-26,440.0,443.0,432.5,438.0,280.9058837890625,1719300
2002-02-27,443.5,452.1000061035156,439.0,442.3999938964844,283.72772216796875,1758800
2002-02-28,448.5,459.79998779296875,445.3999938964844,452.5,290.20526123046875,1770200
2002-03-01,455.0,458.8999938964844,448.20001220703125,458.0,293.7325439453125,1741300
2002-03-04,464.0,477.5,462.70001220703125,476.1000061035156,305.34075927734375,1907700
2002-03-05,470.5,485.0,470.5,477.0,305.9179992675781,1448800
2002-03-06,480.0,492.0,477.0,487.0,312.331298828125,1615900
2002-03-07,494.5,494.5,482.0,487.20001220703125,312.4595642089844,1326100
2002-03-08,494.5,498.0,482.5,488.70001220703125,313.4216003417969,1500000
2002-03-11,486.5,492.5,484.0,489.0,313.6141052246094,1186500
2002-03-12,489.0,494.5,482.0,493.29998779296875,316.3717956542969,1183400
2002-03-13,488.0,489.79998779296875,476.5,483.8999938964844,310.34326171875,1235300
2002-03-14,484.79998779296875,490.6000061035156,482.0,488.1000061035156,313.0368347167969,994300
2002-03-15,493.79998779296875,497.0,491.5,496.8999938964844,318.6805725097656,1940500
2002-03-18,500.0,504.5,491.0,495.5,317.78265380859375,1336300
2002-03-19,500.0,501.3999938964844,495.1000061035156,499.0,320.0273742675781,1017500
2002-03-20,498.5,499.0,491.8999938964844,492.5,315.8587646484375,971400
2002-03-21,494.0,497.8999938964844,485.5,496.0,318.1034240722656,979800
2002-03-22,497.5,501.0,488.20001220703125,498.3999938964844,319.64251708984375,993500
2002-03-25,495.5,499.5,486.5,486.5,312.0106201171875,1018200
2002-03-26,486.5,499.0,485.6000061035156,491.5,315.2173767089844,1218900
2002-03-27,494.0,502.1000061035156,491.5,500.0,320.6686706542969,1181900
2002-03-28,500.0,504.8999938964844,495.0,495.20001220703125,317.5902099609375,1267100
2002-04-01,491.5,498.0,488.20001220703125,494.5,317.14141845703125,856700
2002-04-02,490.0,497.1000061035156,489.5,494.5,317.14141845703125,925500
2002-04-03,494.6000061035156,495.29998779296875,486.0,487.70001220703125,312.7803955078125,988100
2002-04-04,486.5,487.79998779296875,481.5,486.5,312.0106201171875,1070100
2002-04-05,488.8999938964844,493.79998779296875,485.70001220703125,486.70001220703125,312.138916015625,1043700
2002-04-08,480.0,487.79998779296875,478.29998779296875,486.0,311.6899719238281,873400
2002-04-09,489.5,491.6000061035156,487.5,488.3999938964844,313.2291564941406,967700
2002-04-10,488.29998779296875,491.0,483.1000061035156,486.29998779296875,311.8824768066406,1143000
2002-04-11,485.6000061035156,486.20001220703125,465.0,467.6000061035156,299.8893737792969,1541300
2002-04-12,470.0,477.0,467.79998779296875,471.0,302.0699462890625,1177400
2002-04-15,469.5,471.3999938964844,452.8999938964844,459.20001220703125,294.5021057128906,1622300
2002-04-16,466.5,482.0,464.5,481.1000061035156,308.54754638671875,1609800
2002-04-17,481.0,484.8999938964844,473.5,476.20001220703125,305.40496826171875,1342400
2002-04-18,475.0,477.6000061035156,461.5,470.5,301.7492370605469,1125500
2002-04-19,475.0,475.5,463.0,465.29998779296875,298.414306640625,1312700
2002-04-22,461.5,461.6000061035156,451.8999938964844,454.5,291.4879455566406,1320800
2002-04-23,454.0,459.0,448.0,455.0,291.8085021972656,1276400
2002-04-24,457.5,459.79998779296875,445.0,447.0,286.6778259277344,1231800
2002-04-25,440.0,443.5,430.5,441.5,283.1505126953125,1796600
2002-04-26,442.0,448.0,430.5,430.5,276.095703125,1516600
2002-04-29,431.5,438.0,428.0,428.79998779296875,275.0055236816406,1340700
2002-04-30,430.0,441.0,427.5,433.0,277.6991271972656,1608700
2002-05-01,433.0,441.79998779296875,427.5,439.6000061035156,281.9319763183594,1326700
2002-05-02,440.5,449.5,439.5,449.5,289.4664306640625,1144200
2002-05-03,449.5,449.5,440.0,442.8999938964844,285.2161865234375,1093600
2002-05-06,443.5,446.0,424.20001220703125,424.29998779296875,273.23822021484375,1081800
2002-05-07,431.5,431.5,420.8999938964844,421.5,271.4351501464844,1496800
2002-05-08,435.5,450.6000061035156,434.5,447.70001220703125,288.3072814941406,1416800
2002-05-09,444.29998779296875,449.1000061035156,440.0,443.29998779296875,285.473876953125,913200
2002-05-10,449.5,449.5,431.8999938964844,433.0,278.8409729003906,1431600
2002-05-13,431.0,442.6000061035156,428.0,442.3999938964844,284.8942565917969,1370800
2002-05-14,452.5,454.0,447.8999938964844,454.0,292.36431884765625,1318100
2002-05-15,454.0,469.70001220703125,450.1000061035156,457.6000061035156,294.6825866699219,1636400
2002-05-16,457.6000061035156,465.20001220703125,455.8999938964844,463.5,298.4820251464844,942400
2002-05-17,469.5,470.8999938964844,459.3999938964844,467.79998779296875,301.25115966796875,1114800
2002-05-20,466.0,466.0,455.1000061035156,458.5,295.2622375488281,728500
2002-05-21,464.0,466.0,451.79998779296875,452.6000061035156,291.4627685546875,1046000
2002-05-22,447.5,450.5,444.8999938964844,450.0,289.78839111328125,1733400
2002-05-23,451.70001220703125,456.0,446.6000061035156,453.3999938964844,291.97796630859375,1197800
2002-05-24,453.3999938964844,455.0,445.79998779296875,448.20001220703125,288.6293640136719,692800
2002-05-28,452.5,452.6000061035156,437.79998779296875,439.79998779296875,283.21990966796875,1318100
2002-05-29,437.20001220703125,439.6000061035156,432.5,435.0,280.1288146972656,1200200
2002-05-30,431.5,439.0,426.20001220703125,433.3999938964844,279.0983581542969,1114600
2002-05-31,433.3999938964844,438.70001220703125,429.1000061035156,431.79998779296875,278.06817626953125,1370800
2002-06-03,434.5,437.3999938964844,420.0,424.0,273.045166015625,1202200
2002-06-04,421.5,426.5,416.8999938964844,419.8999938964844,270.40478515625,1506100
2002-06-05,420.0,425.3999938964844,415.0,423.3999938964844,272.65875244140625,1413000
2002-06-06,422.0,423.29998779296875,409.0,420.0,270.46923828125,1783100
2002-06-07,412.5,417.5,399.5,410.0,264.02947998046875,2299200
2002-06-10,410.0,419.0,405.1000061035156,417.0,268.5373229980469,1128600
2002-06-11,418.6000061035156,422.6000061035156,405.5,407.1000061035156,262.1618347167969,1234200
2002-06-12,405.5,413.5,397.0,412.0,265.31744384765625,1845500
2002-06-13,407.79998779296875,415.70001220703125,400.5,401.79998779296875,258.74896240234375,1220200
2002-06-14,393.0,405.20001220703125,383.5,402.0,258.8775634765625,1790900
2002-06-17,409.5,429.0,409.0,428.29998779296875,275.814208984375,1587900
2002-06-18,423.0,431.5,421.70001220703125,430.70001220703125,277.3597717285156,1473600
2002-06-19,425.0,430.0,419.0,420.6000061035156,270.8555908203125,1387000
2002-06-20,416.5,421.0,402.29998779296875,404.8999938964844,260.7451477050781,1581700
2002-06-21,397.5,406.29998779296875,395.5,398.0,256.3017883300781,2593400
2002-06-24,395.0,405.0,385.20001220703125,395.8999938964844,254.94949340820312,2803900
2002-06-25,400.0,405.5,389.6000061035156,391.20001220703125,251.92279052734375,1921600
2002-06-26,362.5,381.5,360.0,370.0,238.2705078125,4217300
2002-06-27,377.0,392.79998779296875,372.5,391.6000061035156,252.18038940429688,2107400
2002-06-28,393.0,404.0,386.79998779296875,387.5,249.5400848388672,1936000
2002-07-01,389.5,397.5,382.79998779296875,384.8999938964844,247.8656005859375,1470900
2002-07-02,384.8999938964844,385.0,372.0,374.79998779296875,241.36160278320312,1851100
2002-07-03,369.29998779296875,378.5,360.5,370.1000061035156,238.33486938476562,1856100
2002-07-05,380.0,395.70001220703125,377.20001220703125,395.5,254.69178771972656,963900
2002-07-08,390.0,395.8999938964844,382.5,384.70001220703125,247.73695373535156,1457000
2002-07-09,384.70001220703125,388.8999938964844,372.70001220703125,375.70001220703125,241.94117736816406,1524000
2002-07-10,375.79998779296875,381.0,361.29998779296875,365.5,235.37258911132812,2282000
2002-07-11,360.29998779296875,373.0,351.0,369.0,237.62643432617188,2706100
2002-07-12,371.5,374.0,361.1000061035156,363.5,234.0846405029297,1505100
2002-07-15,360.6000061035156,369.79998779296875,350.0,369.3999938964844,237.88418579101562,2116200
2002-07-16,361.0,371.0,356.0,362.0,233.11871337890625,3003700
2002-07-17,376.0,380.0,365.0,369.29998779296875,237.819580078125,2886800
2002-07-18,371.5,379.5,367.5,369.0,237.62643432617188,2165900
2002-07-19,363.0,369.0,352.5,360.0,231.83078002929688,2554400
2002-07-22,335.0,350.5,320.0,320.3999938964844,206.3293914794922,5402800
2002-07-23,307.5,320.5,252.5,270.0,173.8730926513672,12162400
2002-07-24,255.5,297.8999938964844,244.8000030517578,295.8999938964844,190.55197143554688,9385500
2002-07-25,295.5,314.0,271.0,296.5,190.93836975097656,5816500
2002-07-26,296.5,309.0,293.29998779296875,307.3999938964844,197.9576873779297,2556000
2002-07-29,322.0,334.3999938964844,320.0,333.1000061035156,214.5078582763672,3185500
2002-07-30,330.0,339.8999938964844,323.0,339.5,218.62928771972656,2743700
2002-07-31,338.0,340.5,324.5,335.3999938964844,215.98902893066406,2901200
2002-08-01,330.0,334.0,315.29998779296875,323.0,209.12599182128906,2727900
2002-08-02,319.1000061035156,321.5,300.70001220703125,308.79998779296875,199.9322052001953,2336100
2002-08-05,299.5,302.5,286.0,286.5,185.49411010742188,2350100
2002-08-06,293.5,322.0,293.5,304.0,196.82455444335938,2514700
2002-08-07,316.5,317.5,304.0,315.20001220703125,204.07589721679688,1991800
2002-08-08,328.5,339.8999938964844,327.5,339.0,219.4851837158203,2702400
2002-08-09,332.70001220703125,346.29998779296875,329.0,343.1000061035156,222.1397705078125,2095500
2002-08-12,337.5,343.0,331.5,340.79998779296875,220.65065002441406,1305700
2002-08-13,340.79998779296875,351.0,330.79998779296875,331.0,214.3055419921875,2385800
2002-08-14,332.70001220703125,353.5,326.8999938964844,352.3999938964844,228.16102600097656,2168600
2002-08-15,352.5,360.5,350.20001220703125,358.3999938964844,232.0457763671875,2095500
2002-08-16,352.0,356.0,345.3999938964844,349.0,225.95965576171875,2283000
2002-08-19,349.1000061035156,364.0,349.1000061035156,363.5,235.34774780273438,1555600
2002-08-20,363.5,363.5,353.79998779296875,357.8999938964844,231.72198486328125,1578300
2002-08-21,343.5,345.1000061035156,330.1000061035156,343.5,238.49142456054688,1909900
2002-08-22,343.5,357.0,339.5,351.79998779296875,244.25413513183594,1670600
2002-08-23,339.0,345.0,335.1000061035156,340.0,236.06129455566406,2060600
2002-08-26,339.8999938964844,346.5,334.0,344.0,238.8385467529297,1475000
2002-08-27,343.0,347.0,335.79998779296875,342.0,237.44996643066406,1484500
2002-08-28,335.0,339.5,329.8999938964844,331.5,230.15982055664062,1799000
2002-08-29,325.0,333.6000061035156,321.20001220703125,328.20001220703125,227.86856079101562,1433600
2002-08-30,328.5,337.6000061035156,325.8999938964844,327.5,227.3826904296875,1290800
2002-09-03,309.8999938964844,312.5,292.0,293.8999938964844,204.05416870117188,3425000
2002-09-04,292.5,305.5,292.3999938964844,303.0,210.37234497070312,2725600
2002-09-05,292.0,298.0,286.5,293.0,203.42938232421875,2175300
2002-09-06,300.0,307.70001220703125,300.0,302.79998779296875,210.2334442138672,2048300
2002-09-09,298.6000061035156,314.0,295.1000061035156,310.70001220703125,215.7184600830078,1961400
2002-09-10,312.5,314.79998779296875,305.6000061035156,308.70001220703125,214.329833984375,1618800
2002-09-11,316.0,318.0,300.1000061035156,301.3999938964844,209.26136779785156,1632300
2002-09-12,300.20001220703125,301.3999938964844,288.79998779296875,291.5,202.38790893554688,2003900
2002-09-13,291.6000061035156,299.0,290.20001220703125,293.79998779296875,203.98480224609375,1634600
2002-09-16,293.8999938964844,300.5,289.0,298.79998779296875,207.45631408691406,1227900
2002-09-17,305.5,307.5,295.20001220703125,298.0,206.90087890625,1859200
2002-09-18,285.0,296.3999938964844,284.3999938964844,291.1000061035156,202.11019897460938,2232000
2002-09-19,283.5,286.0,274.0,276.5,191.97348022460938,2471800
2002-09-20,278.1000061035156,278.1000061035156,266.0,268.29998779296875,186.28013610839844,4362600
2002-09-23,268.3999938964844,276.8999938964844,261.5,275.70001220703125,191.41796875,2736100
2002-09-24,275.79998779296875,281.0,268.0,272.0,188.84910583496094,2513100
2002-09-25,282.0,283.0,269.5,280.79998779296875,194.95887756347656,2403200
2002-09-26,280.8999938964844,297.5,280.0,295.1000061035156,204.8873748779297,2647500
2002-09-27,295.20001220703125,305.0,286.6000061035156,290.20001220703125,201.4853973388672,2404200
2002-09-30,290.29998779296875,302.5,275.5,296.5,205.8594207763672,2988100
2002-10-01,300.20001220703125,310.0,293.0,310.0,215.23243713378906,2374400
2002-10-02,304.0,311.0,293.0,296.0,205.51234436035156,2174100
2002-10-03,296.1000061035156,300.0,282.0,285.1000061035156,197.94439697265625,2343400
2002-10-04,285.1000061035156,290.8999938964844,250.8000030517578,279.79998779296875,194.26463317871094,2229200
2002-10-07,279.8999938964844,281.0,265.70001220703125,267.29998779296875,185.58592224121094,2157500
2002-10-08,267.3999938964844,285.0,267.3999938964844,278.3999938964844,193.29257202148438,2503900
2002-10-09,278.5,278.5,264.0,268.8999938964844,186.6967315673828,2379000
2002-10-10,265.0,287.5,264.5,285.70001220703125,198.3610076904297,2475300
2002-10-11,287.6000061035156,309.70001220703125,285.70001220703125,304.0,211.06668090820312,2630900
2002-10-14,301.70001220703125,309.5,296.5,303.1000061035156,210.44174194335938,1761700
2002-10-15,330.0,345.0,325.5,341.3999938964844,237.0333251953125,4591600
2002-10-16,337.6000061035156,338.6000061035156,328.6000061035156,338.5,235.01988220214844,2408700
2002-10-17,352.0,359.8999938964844,345.3999938964844,357.5,248.21151733398438,3100500
2002-10-18,357.5,359.20001220703125,347.5,349.79998779296875,242.865478515625,2447800
2002-10-21,344.3999938964844,357.5,339.3999938964844,355.20001220703125,246.6147003173828,1997000
2002-10-22,350.0,358.0,347.5,355.29998779296875,246.6841278076172,1569500
2002-10-23,355.3999938964844,355.3999938964844,334.0,354.8999938964844,246.40638732910156,2949500
2002-10-24,355.0,359.0,343.70001220703125,346.70001220703125,240.713134765625,2057200
2002-10-25,346.79998779296875,358.0,341.79998779296875,357.0,247.86444091796875,1465300
2002-10-28,370.5,372.3999938964844,357.1000061035156,363.0,252.0301971435547,2208200
2002-10-29,362.0,366.0,352.6000061035156,365.0,253.41883850097656,2286000
2002-10-30,365.1000061035156,372.3999938964844,361.6000061035156,370.79998779296875,257.4457092285156,2323100
2002-10-31,369.0,372.5,362.5,369.5,257.7947082519531,2002900
2002-11-01,367.5,376.5,363.0,376.5,262.67840576171875,1891300
2002-11-04,383.6000061035156,393.5,374.0,376.0,262.32958984375,1896400
2002-11-05,376.0,382.8999938964844,373.79998779296875,380.1000061035156,265.1900634765625,1442400
2002-11-06,383.0,385.0,368.0,378.8999938964844,264.35284423828125,2203800
2002-11-07,372.0,375.3999938964844,362.29998779296875,364.5,254.3061981201172,1935700
2002-11-08,364.6000061035156,374.0,363.6000061035156,368.70001220703125,257.23638916015625,1696000
2002-11-11,368.70001220703125,368.70001220703125,353.6000061035156,357.0,249.0734405517578,1276900
2002-11-12,357.0,369.0,357.0,363.8999938964844,253.88754272460938,1582700
2002-11-13,358.5,359.8999938964844,342.8999938964844,350.0,244.18972778320312,2769200
2002-11-14,350.0,362.0,350.0,361.3999938964844,252.1433563232422,1579000
2002-11-15,361.5,370.8999938964844,353.20001220703125,369.0,257.44573974609375,1802800
2002-11-18,372.5,373.0,357.79998779296875,358.20001220703125,249.91073608398438,1587300
2002-11-19,358.20001220703125,367.70001220703125,357.0,364.3999938964844,254.23634338378906,1788600
2002-11-20,368.0,379.70001220703125,367.5,377.8999938964844,263.65509033203125,1732300
2002-11-21,382.0,391.1000061035156,380.5,389.3999938964844,271.6786193847656,2213100
2002-11-22,387.29998779296875,391.6000061035156,385.3999938964844,385.3999938964844,268.88775634765625,1496400
2002-11-25,389.0,390.6000061035156,382.0,386.5,269.65521240234375,1295000
2002-11-26,381.5,385.0,370.0,371.6000061035156,259.2596740722656,1619400
2002-11-27,378.5,391.70001220703125,377.0,389.70001220703125,271.88787841796875,1645100
2002-11-29,392.5,395.0,388.5,388.79998779296875,271.2598876953125,867100
2002-12-02,388.8999938964844,394.79998779296875,381.1000061035156,385.20001220703125,268.748291015625,1736500
2002-12-03,380.70001220703125,384.79998779296875,375.8999938964844,378.5,264.07379150390625,1297300
2002-12-04,374.0,385.0,369.5,378.5,264.07379150390625,1613600
2002-12-05,380.0,380.1000061035156,370.1000061035156,371.3999938964844,259.1202087402344,1040900
2002-12-06,365.29998779296875,377.5,365.0,375.6000061035156,262.0504455566406,1292700
2002-12-09,369.0,371.5,360.0,361.5,252.21307373046875,1591500
2002-12-10,361.5,371.3999938964844,359.0,367.8999938964844,256.6783142089844,1250600
2002-12-11,367.8999938964844,370.3999938964844,360.3999938964844,362.6000061035156,252.98068237304688,1208800
2002-12-12,362.6000061035156,369.29998779296875,362.1000061035156,366.20001220703125,255.49221801757812,1097900
2002-12-13,364.5,367.70001220703125,357.5,360.0,251.16656494140625,1166700
2002-12-16,363.5,374.79998779296875,362.79998779296875,374.79998779296875,261.4922790527344,1332500
2002-12-17,376.79998779296875,377.0,370.5,371.29998779296875,259.0504455566406,1210500
2002-12-18,372.5,374.8999938964844,368.5,371.5,259.18994140625,1283100
2002-12-19,371.6000061035156,378.0,366.1000061035156,370.0,258.1433410644531,1614700
2002-12-20,372.5,381.5,372.5,381.3999938964844,266.0970458984375,3196000
2002-12-23,376.5,380.1000061035156,373.70001220703125,376.79998779296875,262.8876953125,1360500
2002-12-24,371.20001220703125,373.5,364.1000061035156,365.0,254.65505981445312,872200
2002-12-26,365.0,370.70001220703125,357.70001220703125,360.20001220703125,251.3060760498047,1146000
2002-12-27,358.5,360.6000061035156,348.5,351.70001220703125,245.37579345703125,1354500
2002-12-30,351.79998779296875,355.0,348.1000061035156,352.5,245.93386840820312,1280400
2002-12-31,351.5,353.5,346.0,351.8999938964844,245.5153350830078,1209600
2003-01-02,357.0,364.0,350.8999938964844,363.5,253.60841369628906,1849800
2003-01-03,363.5,364.0,358.1000061035156,361.1000061035156,251.9340057373047,1365600
2003-01-06,363.5,375.8999938964844,362.70001220703125,373.1000061035156,260.3062438964844,1519700
2003-01-07,373.20001220703125,376.0,366.79998779296875,369.79998779296875,258.0039367675781,1309300
2003-01-08,365.5,373.5,364.1000061035156,366.8999938964844,255.98062133789062,1204000
2003-01-09,368.0,376.0,368.0,370.29998779296875,258.35272216796875,1523500
2003-01-10,370.3999938964844,376.1000061035156,365.8999938964844,374.6000061035156,261.35284423828125,2087800
2003-01-13,378.0,381.20001220703125,370.29998779296875,370.3999938964844,258.4224548339844,1498300
2003-01-14,372.0,379.5,370.3999938964844,379.29998779296875,264.6318664550781,1428400
2003-01-15,381.0,389.0,373.0,374.5,261.2830810546875,1368000
2003-01-16,376.5,376.5,368.29998779296875,371.1000061035156,258.9108581542969,1329200
2003-01-17,371.20001220703125,372.29998779296875,364.79998779296875,368.0,256.7480773925781,1121700
2003-01-21,373.3999938964844,373.3999938964844,359.5,361.3999938964844,252.1433563232422,1369100
2003-01-22,361.5,363.3999938964844,355.0,359.0,250.46890258789062,1786000
2003-01-23,361.5,372.0,361.0,371.3999938964844,259.1202087402344,1883700
2003-01-24,371.0,371.3999938964844,355.1000061035156,357.8999938964844,249.70138549804688,1913700
2003-01-27,353.5,359.5,346.5,350.8999938964844,244.8176727294922,1709100
2003-01-28,352.0,357.70001220703125,351.0,354.6000061035156,247.3989715576172,1516600
2003-01-29,350.5,357.5,343.8999938964844,355.5,248.0270233154297,1725800
2003-01-30,353.0,354.8999938964844,342.0,342.0,239.9581756591797,1508200
2003-01-31,339.0,344.79998779296875,336.5,343.5,241.01068115234375,2364300
2003-02-03,343.79998779296875,350.1000061035156,342.8999938964844,346.5,243.11557006835938,1356200
2003-02-04,339.0,340.29998779296875,333.1000061035156,336.3999938964844,236.0290069580078,1861300
2003-02-05,341.0,346.6000061035156,334.0,336.5,236.0993194580078,1406200
2003-02-06,336.5,336.5,327.0,331.5,232.59107971191406,1589600
2003-02-07,336.0,336.79998779296875,324.20001220703125,329.1000061035156,230.90724182128906,1616500
2003-02-10,329.5,331.1000061035156,321.70001220703125,328.8999938964844,230.766845703125,1533500
2003-02-11,332.0,334.1000061035156,317.5,320.5,224.87307739257812,1922800
2003-02-12,320.5,324.0,313.79998779296875,314.20001220703125,220.45278930664062,1458400
2003-02-13,314.20001220703125,321.1000061035156,310.5,318.3999938964844,223.39968872070312,1554700
2003-02-14,317.79998779296875,325.3999938964844,316.20001220703125,325.3999938964844,228.31117248535156,1952600
2003-02-18,332.5,335.5,325.3999938964844,332.3999938964844,233.22262573242188,1264900
2003-02-19,332.3999938964844,337.5,329.8999938964844,333.6000061035156,234.06446838378906,988200
2003-02-20,333.6000061035156,335.0,327.5,328.6000061035156,230.55638122558594,984900
2003-02-21,332.0,335.5,323.5,332.0,232.94186401367188,1327600
2003-02-24,332.1000061035156,332.1000061035156,321.79998779296875,324.29998779296875,227.539306640625,1302900
2003-02-25,319.20001220703125,328.8999938964844,314.6000061035156,328.8999938964844,230.766845703125,1567200
2003-02-26,328.8999938964844,328.8999938964844,320.5,322.6000061035156,226.34654235839844,1385100
2003-02-27,325.0,332.0,322.0,328.6000061035156,230.55638122558594,1394000
2003-02-28,331.1000061035156,337.29998779296875,330.5,333.3999938964844,233.9241485595703,1433800
2003-03-03,338.5,340.79998779296875,328.1000061035156,330.5,231.8894500732422,1341000
2003-03-04,332.5,332.5,323.0,323.70001220703125,227.11837768554688,1192300
2003-03-05,324.5,333.20001220703125,323.70001220703125,331.70001220703125,232.73141479492188,1390200
2003-03-06,331.79998779296875,333.0,326.70001220703125,327.8999938964844,230.06521606445312,1269700
2003-03-07,320.1000061035156,335.0,320.1000061035156,331.6000061035156,232.66136169433594,1406600
2003-03-10,326.0,328.20001220703125,320.5,322.0,225.92568969726562,1419600
2003-03-11,320.5,325.0,314.5,315.5,221.36492919921875,1591200
2003-03-12,315.0,316.79998779296875,302.5,316.6000061035156,222.13682556152344,2165600
2003-03-13,322.29998779296875,333.8999938964844,319.3999938964844,333.8999938964844,234.2749481201172,1878300
2003-03-14,333.8999938964844,339.6000061035156,332.29998779296875,337.5,236.80087280273438,1717900
2003-03-17,334.5,347.6000061035156,332.6000061035156,342.0,239.9581756591797,2664800
2003-03-18,342.5,348.70001220703125,340.0,347.29998779296875,243.6768035888672,1681500
2003-03-19,349.0,356.5,347.0,354.6000061035156,248.79869079589844,1916000
2003-03-20,351.3999938964844,359.5,347.0,358.29998779296875,251.3948211669922,1594000
2003-03-21,358.29998779296875,372.0,357.3999938964844,372.0,261.0071105957031,2276700
2003-03-24,365.79998779296875,365.8999938964844,355.3999938964844,357.0,250.4826202392578,1625600
2003-03-25,357.1000061035156,361.79998779296875,354.1000061035156,359.0,251.88597106933594,1478400
2003-03-26,357.5,361.8999938964844,356.20001220703125,358.8999938964844,251.8158416748047,1183900
2003-03-27,358.8999938964844,361.3999938964844,352.3999938964844,359.0,251.88597106933594,1167700
2003-03-28,355.70001220703125,359.79998779296875,335.0,354.5,248.72866821289062,1135600
2003-03-31,346.0,350.70001220703125,344.5,344.5,241.7122802734375,1476800
2003-04-01,344.6000061035156,356.70001220703125,344.6000061035156,356.0,249.7810516357422,1470500
2003-04-02,364.5,373.8999938964844,363.0,370.3999938964844,259.88458251953125,1845100
2003-04-03,373.0,375.0,364.20001220703125,365.20001220703125,256.2359619140625,1668400
2003-04-04,369.79998779296875,373.0,364.5,372.29998779296875,261.2176513671875,1339400
2003-04-07,384.29998779296875,388.6000061035156,371.1000061035156,372.20001220703125,261.14752197265625,2013600
2003-04-08,373.8999938964844,380.0,370.0,376.1000061035156,263.8839111328125,1436400
2003-04-09,379.5,384.0,369.6000061035156,370.3999938964844,259.88458251953125,1585200
2003-04-10,370.5,374.0,368.0,369.5,259.253173828125,1152500
2003-04-11,370.5,378.8999938964844,370.5,373.5,262.0596618652344,1422200
2003-04-14,378.3999938964844,385.0,375.0,384.29998779296875,269.6372985839844,1792900
2003-04-15,383.5,393.29998779296875,383.5,392.5,275.3907470703125,2166600
2003-04-16,392.70001220703125,395.0,380.8999938964844,382.6000061035156,268.44451904296875,1632400
2003-04-17,383.0,390.70001220703125,379.1000061035156,390.3999938964844,273.9173278808594,1433700
2003-04-21,396.1000061035156,396.20001220703125,384.8999938964844,387.0,271.53173828125,1132100
2003-04-22,384.0,399.5,383.0,399.3999938964844,280.23193359375,1586800
2003-04-23,399.3999938964844,404.0,396.20001220703125,402.8999938964844,282.6876220703125,1613600
2003-04-24,396.20001220703125,398.79998779296875,389.20001220703125,391.5,274.6890563964844,1785800
2003-04-25,391.6000061035156,392.3999938964844,382.79998779296875,384.5,269.7776794433594,1075800
2003-04-28,388.5,395.8999938964844,384.6000061035156,392.6000061035156,275.4609375,1428800
2003-04-29,395.0,400.0,387.0,391.0,274.3381652832031,1711100
2003-04-30,393.70001220703125,397.5,383.20001220703125,392.5,275.3907470703125,1784500
2003-05-01,390.5,391.79998779296875,383.0,390.0,275.0381164550781,1606300
2003-05-02,390.5,398.6000061035156,388.1000061035156,397.0,279.9745178222656,1281300
2003-05-05,397.1000061035156,400.79998779296875,393.6000061035156,395.29998779296875,278.77569580078125,1391000
2003-05-06,397.3999938964844,402.0,393.0,399.5,281.7376708984375,1390700
2003-05-07,397.0,401.8999938964844,394.29998779296875,400.20001220703125,282.2314453125,1485600
2003-05-08,395.70001220703125,400.3999938964844,392.1000061035156,392.1000061035156,276.51910400390625,1480100
2003-05-09,392.20001220703125,395.5,386.6000061035156,390.5,275.3906555175781,1846100
2003-05-12,384.29998779296875,396.5,384.29998779296875,393.8999938964844,277.78851318359375,1145800
2003-05-13,393.8999938964844,395.3999938964844,388.8999938964844,392.70001220703125,276.942138671875,1177300
2003-05-14,395.0,395.79998779296875,387.0,389.0,274.332763671875,1149500
2003-05-15,391.0,394.5,389.70001220703125,394.5,278.21160888671875,1134900
2003-05-16,394.5,395.0,387.8999938964844,391.5,276.095947265625,1567300
2003-05-19,386.70001220703125,390.0,381.0,382.29998779296875,269.6078186035156,1254100
2003-05-20,382.3999938964844,388.20001220703125,380.8999938964844,385.20001220703125,271.6530456542969,1321300
2003-05-21,382.29998779296875,389.5,382.20001220703125,388.6000061035156,274.0506896972656,1029700
2003-05-22,387.5,392.3999938964844,381.79998779296875,387.20001220703125,273.06353759765625,1332500
2003-05-23,386.5,392.5,386.20001220703125,390.8999938964844,275.6728820800781,834600
2003-05-27,390.8999938964844,402.5,385.1000061035156,401.79998779296875,283.3596496582031,1685700
2003-05-28,404.0,416.3999938964844,402.20001220703125,411.3999938964844,290.12982177734375,2404000
2003-05-29,413.0,414.8999938964844,406.29998779296875,407.70001220703125,287.52056884765625,1971500
2003-05-30,407.5,415.6000061035156,407.29998779296875,410.20001220703125,289.28363037109375,1591800
2003-06-02,414.79998779296875,420.3999938964844,407.0,413.70001220703125,291.7519226074219,1706900
2003-06-03,414.0,422.6000061035156,412.5,422.5,297.9579162597656,1512000
2003-06-04,422.6000061035156,430.5,421.3999938964844,430.20001220703125,303.3880615234375,1336400
2003-06-05,428.8999938964844,436.70001220703125,426.70001220703125,435.0,306.77325439453125,1463100
2003-06-06,441.0,444.8999938964844,430.0,436.8999938964844,308.1131591796875,1548400
2003-06-09,431.8999938964844,432.79998779296875,425.29998779296875,428.6000061035156,302.25982666015625,1298800
2003-06-10,427.5,432.29998779296875,424.3999938964844,432.0,304.6575012207031,1170500
2003-06-11,430.5,441.6000061035156,429.79998779296875,440.8999938964844,310.9341125488281,1225200
2003-06-12,443.70001220703125,444.3999938964844,434.20001220703125,440.70001220703125,310.7931213378906,1106200
2003-06-13,440.70001220703125,443.29998779296875,436.5,441.0,311.0046081542969,888800
2003-06-16,444.3999938964844,452.3999938964844,441.0,452.3999938964844,319.0440673828125,1330500
2003-06-17,456.0,457.20001220703125,451.20001220703125,455.6000061035156,321.30084228515625,1524900
2003-06-18,449.20001220703125,452.1000061035156,445.5,449.1000061035156,316.7168884277344,1320300
2003-06-19,450.1000061035156,451.0,428.79998779296875,437.8999938964844,308.81842041015625,1428700
2003-06-20,441.79998779296875,443.5,437.20001220703125,440.5,310.65185546875,1866000
2003-06-23,439.5,439.70001220703125,426.8999938964844,431.0,303.952392578125,1156600
2003-06-24,427.0,436.5,422.3999938964844,433.5,305.7153625488281,1105200
2003-06-25,434.29998779296875,441.0,429.8999938964844,430.5,303.59967041015625,1346700
2003-06-26,430.1000061035156,438.3999938964844,427.0,437.20001220703125,308.32470703125,1212900
2003-06-27,436.0,447.5,428.79998779296875,430.1000061035156,303.3175354003906,978700
2003-06-30,430.0,433.5,425.5,428.0,301.83660888671875,1285000
2003-07-01,423.6000061035156,438.79998779296875,423.5,438.1000061035156,308.95941162109375,1385700
2003-07-02,440.0,444.5,436.1000061035156,444.0,313.1202392578125,1335400
2003-07-03,440.5,447.20001220703125,438.79998779296875,438.79998779296875,309.4530029296875,784600
2003-07-07,442.5,450.79998779296875,442.5,449.3999938964844,316.9285888671875,1331800
2003-07-08,447.0,454.8999938964844,445.0,453.70001220703125,319.9609069824219,1090600
2003-07-09,457.20001220703125,464.6000061035156,455.79998779296875,459.8999938964844,324.33331298828125,1684600
2003-07-10,459.8999938964844,460.0,450.0,452.0,318.7620544433594,1081800
2003-07-11,456.5,462.6000061035156,454.0,461.5,325.46160888671875,1177900
2003-07-14,470.0,479.8999938964844,469.8999938964844,471.20001220703125,332.30242919921875,2198800
2003-07-15,473.0,481.5,464.29998779296875,468.29998779296875,330.2571105957031,1725900
2003-07-16,467.0,470.0,451.5,455.20001220703125,321.0186767578125,2660100
2003-07-17,452.0,457.5,446.0,448.20001220703125,316.0821533203125,1727100
2003-07-18,452.0,458.5,448.0,457.3999938964844,322.5702209472656,1166200
2003-07-21,457.3999938964844,457.5,446.1000061035156,449.5,316.9989929199219,1238200
2003-07-22,452.79998779296875,456.1000061035156,446.1000061035156,454.5,320.5250549316406,1154000
2003-07-23,454.5,457.1000061035156,451.5,456.3999938964844,321.8650817871094,1035800
2003-07-24,457.0,459.79998779296875,448.5,448.70001220703125,316.434814453125,1309500
2003-07-25,450.8999938964844,458.0,446.1000061035156,457.29998779296875,322.49969482421875,1005300
2003-07-28,455.0,461.1000061035156,452.79998779296875,458.0,322.99334716796875,1279700
2003-07-29,458.5,459.8999938964844,452.5,454.3999938964844,320.45458984375,1155400
2003-07-30,457.70001220703125,458.3999938964844,451.5,452.29998779296875,318.97357177734375,1050400
2003-07-31,454.5,456.8999938964844,446.0,448.0,318.4051818847656,1484000
2003-08-01,450.79998779296875,450.79998779296875,433.20001220703125,434.5,308.8102111816406,1804500
2003-08-04,436.20001220703125,439.70001220703125,424.79998779296875,438.70001220703125,311.7953186035156,1602800
2003-08-05,437.70001220703125,441.0,429.8999938964844,430.70001220703125,306.1094055175781,1147100
2003-08-06,432.5,439.79998779296875,430.6000061035156,435.20001220703125,309.3077087402344,1261600
2003-08-07,435.0,441.79998779296875,431.29998779296875,441.0,313.4299621582031,1245800
2003-08-08,444.70001220703125,446.0,442.0,444.0,315.56207275390625,1118000
2003-08-11,445.1000061035156,446.5,440.0,445.5,316.62823486328125,1033200
2003-08-12,445.5,452.1000061035156,445.1000061035156,451.8999938964844,321.1768493652344,1006900
2003-08-13,455.70001220703125,455.79998779296875,448.0,449.70001220703125,319.6133117675781,1009500
2003-08-14,451.79998779296875,453.5,447.70001220703125,451.29998779296875,320.7503662109375,944200
2003-08-15,451.70001220703125,452.0,448.0,449.0,319.1156921386719,630000
2003-08-18,452.8999938964844,452.8999938964844,445.0,446.5,317.3389587402344,1195100
2003-08-19,446.5,449.1000061035156,438.70001220703125,444.1000061035156,315.6331481933594,1322400
2003-08-20,441.1000061035156,444.8999938964844,440.6000061035156,441.6000061035156,313.8564147949219,977100
2003-08-21,444.79998779296875,447.1000061035156,435.1000061035156,439.1000061035156,312.0795593261719,1324200
2003-08-22,441.8999938964844,442.79998779296875,430.0,431.0,306.3227233886719,1502800
2003-08-25,428.5,433.29998779296875,428.1000061035156,429.20001220703125,305.0434265136719,1445500
2003-08-26,428.6000061035156,434.20001220703125,427.0,433.1000061035156,307.81524658203125,1524800
2003-08-27,428.6000061035156,432.5,427.0,429.6000061035156,305.32781982421875,1002200
2003-08-28,432.3999938964844,432.5,425.5,430.8999938964844,306.2515869140625,1035000
2003-08-29,432.5,434.1000061035156,430.1000061035156,433.5,308.09954833984375,759600
2003-09-02,433.5,442.5,432.5,441.79998779296875,313.9984130859375,1298100
2003-09-03,436.5,448.5,436.5,445.0,316.2728271484375,1447800
2003-09-04,443.5,445.3999938964844,441.20001220703125,444.1000061035156,315.6331481933594,960400
2003-09-05,440.3999938964844,449.5,440.3999938964844,443.3999938964844,315.1357421875,1024400
2003-09-08,442.8999938964844,450.0,442.8999938964844,445.20001220703125,316.4150390625,1026000
2003-09-09,442.70001220703125,446.0,440.5,442.79998779296875,314.7093505859375,965900
2003-09-10,440.20001220703125,442.3999938964844,437.29998779296875,439.5,312.3638916015625,1286400
2003-09-11,439.79998779296875,445.29998779296875,439.79998779296875,442.1000061035156,314.21173095703125,942100
2003-09-12,441.0,445.6000061035156,440.6000061035156,443.0,314.8514709472656,1008000
2003-09-15,443.0,443.70001220703125,438.29998779296875,441.6000061035156,313.8564147949219,895300
2003-09-16,441.3999938964844,447.79998779296875,441.29998779296875,447.0,317.6942443847656,1152800
2003-09-17,449.5,451.5,442.5,449.3999938964844,319.3999328613281,1339500
2003-09-18,454.0,468.6000061035156,452.1000061035156,466.5,331.5534973144531,2295900
2003-09-19,466.1000061035156,469.8999938964844,466.0,469.8999938964844,333.969970703125,1733700
2003-09-22,462.0,467.5,459.1000061035156,463.79998779296875,329.6344299316406,1332500
2003-09-23,465.0,471.8999938964844,456.1000061035156,471.70001220703125,335.249267578125,1273300
2003-09-24,472.8999938964844,474.79998779296875,463.5,465.29998779296875,330.7005920410156,1504500
2003-09-25,465.29998779296875,468.0,459.1000061035156,459.70001220703125,326.7205505371094,1118200
2003-09-26,459.79998779296875,459.79998779296875,453.0,453.6000061035156,322.3851318359375,1256900
2003-09-29,453.70001220703125,463.3999938964844,453.70001220703125,460.70001220703125,327.4312744140625,1355700
2003-09-30,460.70001220703125,461.5,453.0,455.1000061035156,323.4512023925781,1456900
2003-10-01,459.6000061035156,471.0,457.3999938964844,470.0,334.0410461425781,1548600
2003-10-02,470.6000061035156,473.8999938964844,468.29998779296875,472.5,335.8178405761719,1070400
2003-10-03,479.0,479.0,470.0,471.1000061035156,334.82281494140625,1696300
2003-10-06,471.5,475.8999938964844,468.5,473.1000061035156,336.244140625,877300
2003-10-07,470.5,478.79998779296875,470.0,478.29998779296875,339.9399719238281,1058900
2003-10-08,479.70001220703125,479.70001220703125,473.8999938964844,475.6000061035156,338.02105712890625,877800
2003-10-09,480.0,483.0,477.0,478.79998779296875,340.29534912109375,1460000
2003-10-10,478.70001220703125,482.3999938964844,477.1000061035156,479.0,340.43756103515625,867900
2003-10-13,484.3999938964844,489.8999938964844,481.5,489.29998779296875,347.7580261230469,1008000
2003-10-14,489.5,490.3999938964844,478.20001220703125,490.0,348.2554626464844,1066900
2003-10-15,490.0,491.20001220703125,484.29998779296875,488.79998779296875,347.4026184082031,1180700
2003-10-16,488.1000061035156,491.5,485.5,490.0,348.2554626464844,1010900
2003-10-17,490.0,490.6000061035156,480.29998779296875,483.79998779296875,343.8489990234375,1355900
2003-10-20,474.0,486.1000061035156,474.0,481.3999938964844,342.14324951171875,1806900
2003-10-21,481.5,481.5,473.5,475.70001220703125,338.0921630859375,1725100
2003-10-22,470.0,474.5,469.6000061035156,472.0,335.46258544921875,1289700
2003-10-23,472.0,479.0,469.79998779296875,477.79998779296875,339.58465576171875,1158700
2003-10-24,477.79998779296875,478.79998779296875,468.0,476.0,338.30535888671875,1062700
2003-10-27,477.79998779296875,479.29998779296875,466.3999938964844,467.0,331.9088134765625,1640900
2003-10-28,468.0,475.79998779296875,467.6000061035156,475.79998779296875,338.1631774902344,1381400
2003-10-29,475.79998779296875,477.0,471.20001220703125,475.8999938964844,338.2342834472656,1179900
2003-10-30,477.29998779296875,477.70001220703125,472.5,475.20001220703125,340.2390441894531,1113500
2003-10-31,477.20001220703125,477.3999938964844,470.5,474.0,339.3798522949219,989900
2003-11-03,476.0,484.0,475.1000061035156,480.3999938964844,343.9622497558594,1393000
2003-11-04,480.0,484.70001220703125,476.29998779296875,483.20001220703125,345.9669494628906,1290300
2003-11-05,483.20001220703125,485.5,480.0,485.0,347.255615234375,1112500
2003-11-06,485.1000061035156,489.29998779296875,482.6000061035156,488.8999938964844,350.0480651855469,938300
2003-11-07,489.29998779296875,489.79998779296875,477.5,477.5,341.88592529296875,1542600
2003-11-10,477.5,481.70001220703125,474.20001220703125,479.5,343.3179016113281,1133600
2003-11-11,478.0,480.3999938964844,472.6000061035156,473.8999938964844,339.3082580566406,1309100
2003-11-12,473.20001220703125,478.29998779296875,472.0,473.8999938964844,339.3082580566406,1146000
2003-11-13,473.8999938964844,475.20001220703125,470.6000061035156,471.0,337.23193359375,1083800
2003-11-14,470.3999938964844,472.0,462.6000061035156,464.29998779296875,332.4347229003906,1493100
2003-11-17,460.1000061035156,464.8999938964844,456.5,463.0,331.50390625,1062000
2003-11-18,463.5,466.0,454.6000061035156,455.6000061035156,326.2054748535156,1415800
2003-11-19,455.29998779296875,460.6000061035156,451.0,459.3999938964844,328.9263916015625,1390700
2003-11-20,456.1000061035156,467.0,448.3999938964844,457.70001220703125,327.7091064453125,1525500
2003-11-21,461.0,465.0,459.3999938964844,463.3999938964844,331.7903747558594,1080400
2003-11-24,465.5,470.79998779296875,465.0,467.3999938964844,334.65423583984375,1237800
2003-11-25,470.0,472.0,466.79998779296875,469.1000061035156,335.87152099609375,1072100
2003-11-26,472.79998779296875,472.8999938964844,466.1000061035156,469.5,336.1579284667969,836000
2003-11-28,471.3999938964844,473.6000061035156,469.5,470.29998779296875,336.7305908203125,433300
2003-12-01,474.1000061035156,475.8999938964844,471.5,475.6000061035156,340.5254211425781,927500
2003-12-02,474.8999938964844,477.1000061035156,470.0,472.20001220703125,338.0910949707031,1302900
2003-12-03,474.8999938964844,474.8999938964844,469.5,469.5,336.1579284667969,1201700
2003-12-04,470.29998779296875,473.0,460.0,471.8999938964844,337.876220703125,911900
2003-12-05,471.8999938964844,472.8999938964844,464.0,465.79998779296875,333.50872802734375,998800
2003-12-08,465.1000061035156,474.0,464.5,473.70001220703125,339.1651306152344,942700
2003-12-09,474.20001220703125,475.1000061035156,468.8999938964844,470.8999938964844,337.1602478027344,1044700
2003-12-10,471.5,474.70001220703125,470.79998779296875,473.6000061035156,339.0935363769531,1011200
2003-12-11,471.70001220703125,479.0,471.5,475.70001220703125,340.5970458984375,1253700
2003-12-12,476.0,477.6000061035156,473.6000061035156,475.5,340.4537658691406,790000
2003-12-15,484.8999938964844,484.8999938964844,477.79998779296875,477.79998779296875,342.1006164550781,1266000
2003-12-16,477.79998779296875,479.79998779296875,475.6000061035156,479.3999938964844,343.24627685546875,883200
2003-12-17,477.5,478.29998779296875,471.5,474.8999938964844,340.0243225097656,1006000
2003-12-18,474.8999938964844,478.8999938964844,469.70001220703125,478.8999938964844,342.88824462890625,1102700
2003-12-19,479.79998779296875,482.70001220703125,478.29998779296875,482.70001220703125,345.60906982421875,1615400
2003-12-22,481.5,485.0,480.79998779296875,485.0,347.255615234375,925000
2003-12-23,484.79998779296875,486.3999938964844,480.3999938964844,480.70001220703125,344.177001953125,957900
2003-12-24,480.0,480.5,477.70001220703125,478.5,342.6017761230469,421100
2003-12-26,479.5,479.79998779296875,478.1000061035156,478.6000061035156,342.67340087890625,242000
2003-12-29,479.8999938964844,483.8999938964844,479.5,483.70001220703125,346.3249816894531,796500
2003-12-30,483.70001220703125,485.20001220703125,481.5,484.29998779296875,346.75457763671875,747800
2003-12-31,486.20001220703125,486.20001220703125,481.0,485.3999938964844,347.54217529296875,986300
2004-01-02,490.5,492.5,485.3999938964844,490.0,350.8358154296875,1395300
2004-01-05,494.79998779296875,498.0,493.5,497.8999938964844,356.4920349121094,1461700
2004-01-06,495.29998779296875,498.79998779296875,495.1000061035156,498.3999938964844,356.8500061035156,1077000
2004-01-07,498.1000061035156,501.70001220703125,495.20001220703125,499.1000061035156,357.3511047363281,1204100
2004-01-08,499.5,502.29998779296875,497.0,501.20001220703125,358.85479736328125,1341100
2004-01-09,500.0,503.6000061035156,495.70001220703125,498.8999938964844,357.2081298828125,1131300
2004-01-12,497.1000061035156,498.8999938964844,495.0,498.5,356.92169189453125,979800
2004-01-13,498.1000061035156,498.3999938964844,491.70001220703125,496.0,355.1316833496094,1097100
2004-01-14,497.70001220703125,500.29998779296875,497.0,500.0,357.99566650390625,1027800
2004-01-15,500.0,505.20001220703125,491.29998779296875,495.0,354.4156494140625,1741200
2004-01-16,496.8999938964844,496.8999938964844,490.70001220703125,495.0,354.4156494140625,1511200
2004-01-20,500.0,500.0,491.0,492.8999938964844,352.9121398925781,1399400
2004-01-21,492.0,504.20001220703125,492.0,503.6000061035156,360.5731506347656,1912700
2004-01-22,504.0,509.5,501.8999938964844,506.8999938964844,362.9360046386719,1367500
2004-01-23,508.8999938964844,509.3999938964844,501.20001220703125,503.20001220703125,360.2868957519531,1554700
2004-01-26,500.0,511.1000061035156,500.0,509.29998779296875,364.6544189453125,1133100
2004-01-27,507.0,509.79998779296875,500.5,500.70001220703125,358.496826171875,1321700
2004-01-28,504.0,506.5,491.0,492.29998779296875,352.4825439453125,1660700
2004-01-29,491.5,497.0,488.6000061035156,494.79998779296875,357.1745300292969,1646300
2004-01-30,492.5,495.79998779296875,490.20001220703125,494.79998779296875,357.1745300292969,1036000
2004-02-02,495.0,499.0,490.0,492.29998779296875,355.369873046875,1189900
2004-02-03,491.29998779296875,491.5,488.1000061035156,488.79998779296875,352.8434753417969,969400
2004-02-04,485.1000061035156,489.8999938964844,485.1000061035156,485.70001220703125,350.6057434082031,1237600
2004-02-05,489.0,489.0,479.8999938964844,481.1000061035156,347.28515625,1207600
2004-02-06,482.29998779296875,493.5,482.1000061035156,493.1000061035156,355.9472961425781,1171700
2004-02-09,493.1000061035156,494.5,490.5,491.5,354.7924499511719,922300
2004-02-10,490.0,491.29998779296875,488.0,489.20001220703125,353.1321105957031,1389500
2004-02-11,489.79998779296875,498.1000061035156,486.20001220703125,497.20001220703125,358.9071044921875,1692100
2004-02-12,495.5,499.70001220703125,494.3999938964844,495.1000061035156,357.3911437988281,936900
2004-02-13,496.0,499.5,492.0,494.8999938964844,357.24664306640625,979700
2004-02-17,497.8999938964844,501.3999938964844,497.70001220703125,499.0,360.20635986328125,1073400
2004-02-18,499.8999938964844,500.0,495.0,495.6000061035156,357.7520446777344,765300
2004-02-19,499.5,499.70001220703125,491.0,491.20001220703125,354.5758972167969,1344000
2004-02-20,490.5,491.79998779296875,485.3999938964844,488.8999938964844,352.91552734375,1524700
2004-02-23,491.5,494.70001220703125,490.0,493.20001220703125,356.0195617675781,1019300
2004-02-24,488.5,497.0,488.5,494.3999938964844,356.8858337402344,1104300
2004-02-25,495.8999938964844,499.3999938964844,495.1000061035156,498.3999938964844,359.7733154296875,965400
2004-02-26,497.5,500.3999938964844,496.1000061035156,500.0,360.9281921386719,995200
2004-02-27,501.0,503.6000061035156,497.3999938964844,502.6000061035156,362.8050537109375,1436800
2004-03-01,506.0,509.0,503.70001220703125,504.6000061035156,364.2488098144531,1321800
2004-03-02,504.6000061035156,505.70001220703125,497.0,497.70001220703125,359.2679748535156,1277000
2004-03-03,497.0,502.3999938964844,496.79998779296875,498.20001220703125,359.6288146972656,1153700
2004-03-04,500.0,501.20001220703125,493.0,493.79998779296875,356.4527587890625,1953900
2004-03-05,496.0,503.0,495.5,500.0,360.9281921386719,1770800
2004-03-08,501.5,504.3999938964844,498.79998779296875,499.3999938964844,360.4950866699219,945500
2004-03-09,497.0,499.8999938964844,495.5,498.3999938964844,359.7733154296875,1025300
2004-03-10,496.5,499.0,491.8999938964844,492.1000061035156,355.2256164550781,1206400
2004-03-11,492.1000061035156,496.5,486.0,486.20001220703125,350.96673583984375,1741900
2004-03-12,486.20001220703125,493.3999938964844,486.0,493.1000061035156,355.9472961425781,1218000
2004-03-15,497.0,497.29998779296875,488.79998779296875,491.20001220703125,354.5758972167969,1803600
2004-03-16,495.5,500.1000061035156,494.5,499.8999938964844,360.85595703125,1609300
2004-03-17,504.3999938964844,509.6000061035156,502.5,508.20001220703125,366.8474426269531,1625000
2004-03-18,506.79998779296875,514.7000122070312,505.3999938964844,512.7999877929688,370.1679992675781,1764500
2004-03-19,511.5,513.9000244140625,500.20001220703125,503.3999938964844,363.382568359375,1637900
2004-03-22,500.6000061035156,502.0,493.8999938964844,496.1000061035156,358.11297607421875,1427100
2004-03-23,499.79998779296875,502.5,495.20001220703125,498.0,359.4845275878906,1173800
2004-03-24,497.8999938964844,501.0,495.20001220703125,497.8999938964844,359.4123840332031,1291500
2004-03-25,502.29998779296875,504.1000061035156,497.5,502.6000061035156,362.8050537109375,1181800
2004-03-26,500.3999938964844,504.0,499.1000061035156,500.6000061035156,361.3614196777344,1013800
2004-03-29,506.5,515.2000122070312,506.5,513.2000122070312,370.456787109375,1526300
2004-03-30,510.1000061035156,519.7000122070312,510.1000061035156,519.4000244140625,374.93218994140625,1397200
2004-03-31,519.4000244140625,520.5,515.5999755859375,517.0,373.1998291015625,1779000
2004-04-01,519.7999877929688,524.5,516.4000244140625,522.9000244140625,377.45867919921875,1247100
2004-04-02,526.4000244140625,528.7999877929688,516.4000244140625,518.0,373.921630859375,1706600
2004-04-05,519.4000244140625,522.5,516.7999877929688,522.2999877929688,377.0255126953125,1064000
2004-04-06,518.0,522.5999755859375,518.0,522.4000244140625,377.0977783203125,759500
2004-04-07,524.2000122070312,524.2000122070312,515.2999877929688,517.0999755859375,373.27203369140625,983400
2004-04-08,521.7999877929688,521.9000244140625,513.2000122070312,515.2999877929688,371.9725646972656,825600
2004-04-12,519.2000122070312,521.2999877929688,517.7000122070312,520.5999755859375,375.79840087890625,705200
2004-04-13,520.7000122070312,521.0999755859375,509.1000061035156,512.0,369.5904541015625,1530800
2004-04-14,507.0,512.0,500.5,509.5,367.7859191894531,1491700
2004-04-15,503.0,508.0,494.5,499.20001220703125,360.350830078125,2620600
2004-04-16,501.8999938964844,504.1000061035156,499.6000061035156,501.0,361.650146484375,1762800
2004-04-19,500.0,501.3999938964844,497.1000061035156,499.79998779296875,360.783935546875,979100
2004-04-20,499.79998779296875,501.79998779296875,492.0,492.1000061035156,355.2256164550781,1281100
2004-04-21,491.0,495.0,489.6000061035156,491.3999938964844,354.7203063964844,1252100
2004-04-22,493.5,499.0,490.29998779296875,496.6000061035156,358.473876953125,1458400
2004-04-23,494.6000061035156,494.8999938964844,488.70001220703125,491.79998779296875,355.0089111328125,1175600
2004-04-26,491.5,494.1000061035156,488.3999938964844,489.8999938964844,353.6375427246094,971300
2004-04-27,490.0,494.70001220703125,489.0,489.6000061035156,353.4208984375,1218600
2004-04-28,487.6000061035156,488.70001220703125,483.3999938964844,484.29998779296875,349.5950927734375,1790700
2004-04-29,485.0,490.5,478.5,481.70001220703125,350.6141662597656,1722000
2004-04-30,481.70001220703125,484.8999938964844,479.5,480.8999938964844,350.0318603515625,1185600
2004-05-03,481.0,486.79998779296875,480.8999938964844,485.6000061035156,353.4528503417969,1227500
2004-05-04,486.5,491.79998779296875,484.0,488.3999938964844,355.4908447265625,1342600
2004-05-05,488.3999938964844,491.70001220703125,484.0,486.29998779296875,353.9622802734375,1104200
2004-05-06,483.5,483.70001220703125,473.1000061035156,475.1000061035156,345.81011962890625,1594600
2004-05-07,472.6000061035156,476.8999938964844,464.70001220703125,467.20001220703125,340.06005859375,2064700
2004-05-10,457.5,457.5,449.70001220703125,454.1000061035156,330.5249328613281,2983100
2004-05-11,457.0,458.5,452.8999938964844,456.8999938964844,332.56292724609375,1520600
2004-05-12,456.8999938964844,463.3999938964844,448.29998779296875,463.1000061035156,337.0758056640625,1635400
2004-05-13,460.6000061035156,467.0,457.29998779296875,459.6000061035156,334.52825927734375,1357600
2004-05-14,459.70001220703125,462.70001220703125,454.70001220703125,456.5,332.27178955078125,1164200
2004-05-17,450.20001220703125,453.0,448.29998779296875,448.6000061035156,326.5216979980469,1577700
2004-05-18,451.8999938964844,454.20001220703125,449.6000061035156,451.5,328.63238525390625,1229400
2004-05-19,456.29998779296875,459.3999938964844,450.0,450.0,327.5408020019531,1679200
2004-05-20,450.5,455.70001220703125,450.3999938964844,452.79998779296875,329.5787048339844,1080500
2004-05-21,454.3999938964844,458.3999938964844,450.1000061035156,453.3999938964844,330.0153503417969,1914500
2004-05-24,457.6000061035156,458.20001220703125,452.70001220703125,453.79998779296875,330.3065490722656,855200
2004-05-25,455.20001220703125,466.1000061035156,451.70001220703125,465.0,338.4586486816406,1307700
2004-05-26,465.0,467.0,460.70001220703125,465.3999938964844,338.74981689453125,1031500
2004-05-27,469.0,469.70001220703125,461.0,465.20001220703125,338.6043395996094,1185400
2004-05-28,466.8999938964844,467.0,462.1000061035156,464.29998779296875,337.9491271972656,993900
2004-06-01,464.6000061035156,468.29998779296875,460.6000061035156,467.70001220703125,340.4239501953125,1128400
2004-06-02,470.79998779296875,472.79998779296875,462.20001220703125,470.29998779296875,342.3163146972656,1316500
2004-06-03,475.0,475.0,463.6000061035156,463.6000061035156,337.43963623046875,1008300
2004-06-04,468.8999938964844,470.0,464.5,465.5,338.82257080078125,1032300
2004-06-07,469.3999938964844,476.0,468.29998779296875,475.29998779296875,345.9557189941406,1274000
2004-06-08,474.0,476.0,472.79998779296875,476.0,346.46514892578125,916100
2004-06-09,475.5,475.8999938964844,470.5,470.5,342.4619445800781,816200
2004-06-10,471.0,473.8999938964844,469.79998779296875,473.5,344.64569091796875,678900
2004-06-14,469.6000061035156,472.0,465.20001220703125,467.3999938964844,340.2054748535156,1261400
2004-06-15,472.0,473.6000061035156,468.20001220703125,470.20001220703125,342.24359130859375,1227400
2004-06-16,471.0,473.20001220703125,468.5,470.20001220703125,342.24359130859375,669800
2004-06-17,469.20001220703125,472.0,467.70001220703125,470.79998779296875,342.6802673339844,641200
2004-06-18,472.29998779296875,475.8999938964844,471.70001220703125,475.0,345.7373962402344,1367300
2004-06-21,474.20001220703125,476.20001220703125,471.0,471.79998779296875,343.4081115722656,853200
2004-06-22,470.0,472.5,465.5,469.8999938964844,342.0252990722656,1050500
2004-06-23,469.79998779296875,473.1000061035156,466.6000061035156,472.3999938964844,343.8448791503906,1130600
2004-06-24,473.29998779296875,475.70001220703125,471.0,474.3999938964844,345.30084228515625,1304900
2004-06-25,472.3999938964844,475.29998779296875,467.29998779296875,468.0,340.6424255371094,1200000
2004-06-28,470.0,471.0,464.70001220703125,465.20001220703125,338.6043395996094,1136300
2004-06-29,462.3999938964844,465.29998779296875,461.1000061035156,463.29998779296875,337.2212829589844,1234300
2004-06-30,463.5,468.70001220703125,461.79998779296875,465.0,338.4586486816406,1490400
2004-07-01,465.0,467.5,457.8999938964844,460.29998779296875,335.0377502441406,1488500
2004-07-02,460.5,461.1000061035156,456.70001220703125,457.6000061035156,333.0724792480469,1068600
2004-07-06,456.70001220703125,458.0,451.5,454.5,330.8160705566406,1175300
2004-07-07,452.29998779296875,457.8999938964844,452.29998779296875,456.29998779296875,332.1261901855469,915400
2004-07-08,456.5,457.6000061035156,450.20001220703125,451.70001220703125,328.7780456542969,1184700
2004-07-09,452.3999938964844,454.20001220703125,449.3999938964844,450.29998779296875,327.7590637207031,1203000
2004-07-12,450.0,452.3999938964844,448.6000061035156,449.0,326.812744140625,1313600
2004-07-13,449.1000061035156,453.70001220703125,448.20001220703125,453.0,329.7242736816406,1153500
2004-07-14,453.0,456.20001220703125,448.8999938964844,451.0,328.2686462402344,1353400
2004-07-15,451.0,454.0,436.20001220703125,442.1000061035156,321.7904052734375,2861000
2004-07-16,443.70001220703125,444.20001220703125,435.79998779296875,436.20001220703125,317.49615478515625,1836500
2004-07-19,438.0,443.5,437.0,439.8999938964844,320.1891784667969,1400500
2004-07-20,438.79998779296875,441.1000061035156,436.29998779296875,440.5,320.62591552734375,1480900
2004-07-21,443.5,447.70001220703125,439.0,439.3999938964844,319.8253479003906,1549100
2004-07-22,439.3999938964844,447.70001220703125,437.0,446.0,324.62921142578125,1520400
2004-07-23,446.0,447.29998779296875,438.0,443.1000061035156,322.5184326171875,1270900
2004-07-26,443.29998779296875,444.20001220703125,435.5,438.1000061035156,318.8790283203125,1248100
2004-07-27,441.0,442.0,436.5,439.0,319.5341796875,1369600
2004-07-28,438.20001220703125,442.3999938964844,436.70001220703125,441.1000061035156,321.06268310546875,1750200
2004-07-29,441.70001220703125,445.0,440.0,442.79998779296875,325.24951171875,1297200
2004-07-30,441.1000061035156,443.0,438.20001220703125,440.8999938964844,323.8539123535156,1056900
2004-08-02,431.70001220703125,446.3999938964844,431.70001220703125,443.20001220703125,325.5433044433594,1586700
2004-08-03,443.20001220703125,447.3999938964844,439.6000061035156,440.3999938964844,323.48651123046875,1054800
2004-08-04,440.0,445.8999938964844,438.1000061035156,444.0,326.1309509277344,986300
2004-08-05,444.0,444.8999938964844,437.70001220703125,438.29998779296875,321.944091796875,910200
2004-08-06,436.1000061035156,439.29998779296875,429.8999938964844,431.8999938964844,317.2430725097656,1550500
2004-08-09,432.5,437.5,432.5,434.70001220703125,319.2998046875,1058300
2004-08-10,437.29998779296875,441.79998779296875,436.1000061035156,441.79998779296875,324.5149230957031,939300
2004-08-11,441.5,444.20001220703125,438.70001220703125,443.5,325.7635803222656,890900
2004-08-12,443.5,445.29998779296875,438.20001220703125,439.0,322.45831298828125,971600
2004-08-13,440.29998779296875,442.79998779296875,438.0,440.1000061035156,323.26629638671875,749500
2004-08-16,440.20001220703125,448.3999938964844,440.1000061035156,447.70001220703125,328.8487548828125,1002600
2004-08-17,449.5,452.3999938964844,448.79998779296875,451.6000061035156,331.7134094238281,1029500
2004-08-18,451.6000061035156,456.5,450.5,456.3999938964844,335.2390441894531,1028600
2004-08-19,454.1000061035156,455.5,451.20001220703125,454.6000061035156,333.9168395996094,812000
2004-08-20,454.6000061035156,460.3999938964844,452.79998779296875,459.5,337.51611328125,951000
2004-08-23,459.0,460.1000061035156,454.79998779296875,458.20001220703125,336.56121826171875,1115400
2004-08-24,461.0,461.79998779296875,457.29998779296875,459.20001220703125,337.29571533203125,761400
2004-08-25,460.29998779296875,463.8999938964844,458.5,463.0,340.08697509765625,965800
2004-08-26,463.0,465.70001220703125,460.8999938964844,464.6000061035156,341.2622375488281,859000
2004-08-27,464.6000061035156,468.1000061035156,462.29998779296875,467.20001220703125,343.17193603515625,754100
2004-08-30,467.20001220703125,467.29998779296875,464.1000061035156,464.1000061035156,340.8949890136719,708800
2004-08-31,465.6000061035156,466.29998779296875,461.70001220703125,465.79998779296875,342.1435546875,917100
2004-09-01,465.70001220703125,468.0,462.0,464.5,341.18878173828125,923500
2004-09-02,465.70001220703125,471.70001220703125,463.0,470.20001220703125,345.3757019042969,859500
2004-09-03,470.0,473.3999938964844,468.3999938964844,468.3999938964844,344.0533752441406,790900
2004-09-07,471.5,474.6000061035156,469.0,472.1000061035156,346.77117919921875,1048500
2004-09-08,472.0,472.79998779296875,467.6000061035156,468.20001220703125,343.906494140625,1119800
2004-09-09,470.20001220703125,471.79998779296875,467.0,469.5,344.8614501953125,950300
2004-09-10,468.5,473.70001220703125,467.6000061035156,472.3999938964844,346.9915466308594,727800
2004-09-13,472.1000061035156,473.29998779296875,468.29998779296875,470.0,345.2286682128906,916700
2004-09-14,470.0,474.1000061035156,469.0,471.8999938964844,346.6242980957031,834300
2004-09-15,470.70001220703125,472.6000061035156,469.1000061035156,469.79998779296875,345.081787109375,713500
2004-09-16,469.79998779296875,474.70001220703125,469.0,471.79998779296875,346.55078125,825400
2004-09-17,472.79998779296875,472.8999938964844,467.6000061035156,469.5,344.8614501953125,1733900
2004-09-20,460.6000061035156,462.5,452.6000061035156,454.0,333.4762268066406,2544000
2004-09-21,455.29998779296875,458.6000061035156,450.79998779296875,456.5,335.3125,1802100
2004-09-22,454.1000061035156,454.1000061035156,443.79998779296875,443.79998779296875,325.98388671875,2187000
2004-09-23,443.0,444.6000061035156,438.6000061035156,438.79998779296875,322.311279296875,1520000
2004-09-24,439.79998779296875,442.1000061035156,436.20001220703125,441.5,324.29461669921875,1860900
2004-09-27,440.29998779296875,441.1000061035156,435.3999938964844,436.1000061035156,320.328125,1753200
2004-09-28,437.0,443.29998779296875,436.1000061035156,443.1000061035156,325.4697265625,1728500
2004-09-29,439.29998779296875,447.0,439.20001220703125,447.0,328.3344421386719,1547100
2004-09-30,445.20001220703125,446.5,440.0,441.20001220703125,324.0741882324219,1651300
2004-10-01,444.70001220703125,449.1000061035156,442.5,448.70001220703125,329.5832824707031,1361200
2004-10-04,450.0,451.20001220703125,445.29998779296875,447.29998779296875,328.5547790527344,1512400
2004-10-05,447.20001220703125,449.29998779296875,443.20001220703125,445.20001220703125,327.0123596191406,1264000
2004-10-06,445.0,447.3999938964844,442.29998779296875,447.3999938964844,328.6283264160156,1187000
2004-10-07,447.79998779296875,451.0,446.70001220703125,447.6000061035156,328.7751770019531,1068100
2004-10-08,447.6000061035156,451.79998779296875,443.0,445.6000061035156,327.3061828613281,1081800
2004-10-11,446.1000061035156,449.79998779296875,446.1000061035156,448.6000061035156,329.50970458984375,787900
2004-10-12,445.0,450.3999938964844,445.0,448.0,329.069091796875,1208400
2004-10-13,450.5,451.1000061035156,440.20001220703125,441.1000061035156,324.0008850097656,1365800
2004-10-14,442.3999938964844,443.3999938964844,432.6000061035156,437.0,320.9891662597656,1980000
2004-10-15,442.6000061035156,443.8999938964844,438.3999938964844,439.3999938964844,322.7519836425781,1559300
2004-10-18,436.20001220703125,443.5,436.20001220703125,442.20001220703125,324.80877685546875,1077100
2004-10-19,443.0,446.0,435.8999938964844,435.8999938964844,320.1812438964844,1543700
2004-10-20,435.1000061035156,435.20001220703125,427.6000061035156,432.8999938964844,317.9775695800781,1882200
2004-10-21,434.3999938964844,435.29998779296875,428.0,429.5,315.480224609375,1599300
2004-10-22,428.8999938964844,431.0,425.0,425.6000061035156,312.61553955078125,1315600
2004-10-25,425.5,426.5,421.0,425.79998779296875,312.7624206542969,1629100
2004-10-26,427.8999938964844,433.8999938964844,427.5,433.3999938964844,318.3448486328125,1705800
2004-10-27,433.5,440.0,430.79998779296875,439.5,322.82550048828125,1761900
2004-10-28,436.5,444.6000061035156,435.1000061035156,442.6000061035156,328.0885009765625,1505300
2004-10-29,444.0,445.6000061035156,441.3999938964844,443.70001220703125,328.9039306640625,1299300
2004-11-01,444.5,446.0,442.1000061035156,443.1000061035156,328.4592590332031,1343700
2004-11-02,443.1000061035156,449.8999938964844,443.1000061035156,449.0,332.8327331542969,1641400
2004-11-03,456.1000061035156,456.5,450.79998779296875,452.8999938964844,335.7237243652344,1538400
2004-11-04,453.1000061035156,461.20001220703125,451.0,460.8999938964844,341.6539001464844,1412000
2004-11-05,462.79998779296875,464.70001220703125,457.20001220703125,461.29998779296875,341.950439453125,1646200
2004-11-08,461.29998779296875,462.8999938964844,459.3999938964844,462.5,342.8399963378906,1019000
2004-11-09,462.5,465.70001220703125,460.70001220703125,462.1000061035156,342.5434875488281,1090200
2004-11-10,461.5,462.79998779296875,458.5,460.5,341.357421875,1121700
2004-11-11,462.0,463.8999938964844,459.1000061035156,462.6000061035156,342.9142150878906,1108400
2004-11-12,462.0,470.8999938964844,462.0,470.70001220703125,348.9183654785156,1632100
2004-11-15,470.0,471.0,465.5,466.70001220703125,345.953369140625,1379200
2004-11-16,461.70001220703125,464.5,459.0,460.5,341.357421875,1766100
2004-11-17,461.79998779296875,466.1000061035156,460.0,461.79998779296875,342.3211364746094,1980000
2004-11-18,462.0,462.8999938964844,459.1000061035156,459.1000061035156,340.3195495605469,1612700
2004-11-19,460.70001220703125,460.70001220703125,450.29998779296875,451.5,334.6860046386719,2328700
2004-11-22,452.5,454.79998779296875,450.29998779296875,451.70001220703125,334.834228515625,1490100
2004-11-23,453.0,453.70001220703125,449.3999938964844,452.1000061035156,335.13067626953125,1482600
2004-11-24,454.5,456.0,453.1000061035156,455.20001220703125,337.4286804199219,1122900
2004-11-26,455.5,455.79998779296875,454.0,454.20001220703125,336.6874084472656,532100
2004-11-29,454.29998779296875,455.79998779296875,448.5,449.6000061035156,333.2774658203125,1553300
2004-11-30,449.70001220703125,450.20001220703125,446.0,447.5,331.7208557128906,1485600
2004-12-01,450.29998779296875,459.8999938964844,449.29998779296875,459.3999938964844,340.5421142578125,1536700
2004-12-02,457.5,462.0,456.5,457.6000061035156,339.20770263671875,1357600
2004-12-03,455.20001220703125,459.6000061035156,454.79998779296875,456.5,338.3922424316406,1517400
2004-12-06,456.6000061035156,462.79998779296875,455.5,461.70001220703125,342.2469482421875,1418300
2004-12-07,463.5,464.8999938964844,460.0,460.0,340.98681640625,1360300
2004-12-08,462.1000061035156,463.29998779296875,459.0,462.8999938964844,343.136474609375,1361400
2004-12-09,460.29998779296875,464.70001220703125,458.20001220703125,464.3999938964844,344.2483825683594,1125700
2004-12-10,464.29998779296875,464.8999938964844,457.5,459.1000061035156,340.3195495605469,1363000
2004-12-13,462.3999938964844,467.8999938964844,460.20001220703125,467.70001220703125,346.6946105957031,1349800
2004-12-14,467.70001220703125,470.20001220703125,467.6000061035156,468.70001220703125,347.43597412109375,1444400
2004-12-15,470.5,474.29998779296875,469.5,473.1000061035156,350.6975402832031,1653600
2004-12-16,472.0,472.6000061035156,467.79998779296875,470.5,348.7701721191406,1582600
2004-12-17,466.79998779296875,471.5,465.20001220703125,466.20001220703125,345.5827941894531,1906000
2004-12-20,468.70001220703125,471.3999938964844,466.70001220703125,466.8999938964844,346.1014709472656,1021500
2004-12-21,468.5,472.8999938964844,467.20001220703125,471.8999938964844,349.8079833984375,1280200
2004-12-22,470.0,483.6000061035156,470.0,483.1000061035156,358.1102294921875,2072900
2004-12-23,475.0,490.6000061035156,473.70001220703125,487.5,361.371826171875,1771100
2004-12-27,490.0,490.6000061035156,483.1000061035156,483.1000061035156,358.1102294921875,816400
2004-12-28,483.20001220703125,487.5,483.1000061035156,483.5,358.4067687988281,793400
2004-12-29,482.0,483.8999938964844,479.6000061035156,480.1000061035156,355.8863525390625,896400
2004-12-30,480.0,482.5,480.0,480.29998779296875,356.0346984863281,754500
2004-12-31,481.29998779296875,483.29998779296875,480.0,481.79998779296875,357.14654541015625,547400
2005-01-03,490.0,490.0,482.0,482.70001220703125,357.81378173828125,1474600
2005-01-04,482.79998779296875,487.70001220703125,477.0,478.6000061035156,354.7744445800781,1584700
2005-01-05,480.5,487.79998779296875,480.20001220703125,484.6000061035156,359.22222900390625,1893300
2005-01-06,488.0,492.3999938964844,487.3999938964844,489.29998779296875,362.7062072753906,1804900
2005-01-07,491.0,491.1000061035156,486.0,486.5,360.6306457519531,1280300
2005-01-10,485.1000061035156,487.3999938964844,480.20001220703125,483.3999938964844,358.33258056640625,1699800
2005-01-11,483.29998779296875,484.79998779296875,480.20001220703125,482.20001220703125,357.4430847167969,1295200
2005-01-12,481.0,481.8999938964844,477.1000061035156,480.70001220703125,356.33123779296875,1612300
2005-01-13,480.0,482.79998779296875,474.5,476.0,352.84716796875,1543300
2005-01-14,477.5,478.5,474.6000061035156,475.1000061035156,352.1799011230469,1141100
2005-01-18,474.0,483.20001220703125,472.5,481.70001220703125,357.072509765625,1511400
2005-01-19,481.0,484.3999938964844,480.1000061035156,480.3999938964844,356.1087951660156,1276300
2005-01-20,475.0,480.5,474.5,477.70001220703125,354.1073303222656,1731800
2005-01-21,485.0,485.0,478.5,479.29998779296875,355.2933044433594,1937000
2005-01-24,482.79998779296875,487.70001220703125,481.6000061035156,483.6000061035156,358.4809265136719,1598100
2005-01-25,485.5,487.5,483.6000061035156,485.1000061035156,359.59283447265625,1269100
2005-01-26,485.20001220703125,486.79998779296875,481.29998779296875,484.79998779296875,359.37042236328125,1487600
2005-01-27,484.8999938964844,487.70001220703125,481.0,485.6000061035156,359.9635009765625,1236900
2005-01-28,485.0,486.1000061035156,482.1000061035156,483.79998779296875,358.6290588378906,1682000
2005-01-31,490.0,493.0,489.20001220703125,490.5,363.595703125,1914900
2005-02-01,493.0,496.0,491.20001220703125,494.79998779296875,366.7831726074219,1874100
2005-02-02,495.29998779296875,497.5,492.5,496.79998779296875,368.2657470703125,1608400
2005-02-03,492.3999938964844,493.5,487.5,491.5,367.5926208496094,1509900
2005-02-04,491.5,497.8999938964844,491.3999938964844,497.79998779296875,372.30438232421875,1404500
2005-02-07,497.6000061035156,499.8999938964844,495.3999938964844,497.29998779296875,371.930419921875,946300
2005-02-08,498.0,498.8999938964844,494.20001220703125,494.79998779296875,370.060791015625,1098400
2005-02-09,494.79998779296875,496.3999938964844,490.6000061035156,491.79998779296875,367.8168640136719,1060300
2005-02-10,495.0,495.0,489.5,489.79998779296875,366.3211669921875,1373100
2005-02-11,490.0,495.8999938964844,488.5,494.0,369.4622802734375,999500
2005-02-14,494.1000061035156,494.6000061035156,491.0,492.5,368.340576171875,960300
2005-02-15,493.79998779296875,495.29998779296875,492.29998779296875,494.0,369.4622802734375,950000
2005-02-16,491.20001220703125,493.5,490.5,491.79998779296875,367.8168640136719,822800
2005-02-17,491.8999938964844,492.6000061035156,487.20001220703125,488.0,364.97503662109375,1412400
2005-02-18,485.5,487.70001220703125,483.6000061035156,485.70001220703125,363.2548522949219,1649300
2005-02-22,483.0,486.5,479.0,479.5,358.61773681640625,1741100
2005-02-23,483.29998779296875,485.0,479.70001220703125,483.79998779296875,361.83380126953125,1658700
2005-02-24,484.29998779296875,485.6000061035156,481.70001220703125,483.0,361.2354431152344,1278500
2005-02-25,480.5,484.1000061035156,479.6000061035156,482.79998779296875,361.08587646484375,1583600
2005-02-28,482.5,482.6000061035156,476.0,477.20001220703125,356.8976135253906,2069700
2005-03-01,479.29998779296875,481.79998779296875,476.79998779296875,478.79998779296875,358.0942687988281,1242500
2005-03-02,476.5,484.1000061035156,476.20001220703125,481.29998779296875,359.9640197753906,1137500
2005-03-03,483.79998779296875,483.8999938964844,477.3999938964844,479.70001220703125,358.7674560546875,1172900
2005-03-04,481.79998779296875,486.79998779296875,480.20001220703125,484.0,361.98333740234375,1255000
2005-03-07,485.3999938964844,486.5,483.3999938964844,484.70001220703125,362.5068054199219,789900
2005-03-08,484.70001220703125,486.79998779296875,482.1000061035156,484.70001220703125,362.5068054199219,1192500
2005-03-09,481.5,483.3999938964844,477.0,478.79998779296875,358.0942687988281,1305900
2005-03-10,478.8999938964844,483.20001220703125,478.70001220703125,481.5,360.1136474609375,1196900
2005-03-11,481.5,482.5,474.70001220703125,477.8999938964844,357.4210510253906,1198700
2005-03-14,477.8999938964844,482.5,477.5,482.20001220703125,360.63720703125,994200
2005-03-15,484.0,484.5,477.79998779296875,478.0,357.4959411621094,1065700
2005-03-16,475.0,476.8999938964844,473.0,473.70001220703125,354.2801208496094,1142100
2005-03-17,474.1000061035156,475.0,470.0,472.3999938964844,353.3077087402344,958600
2005-03-18,471.20001220703125,472.6000061035156,460.5,468.5,350.3908996582031,3735700
2005-03-21,464.70001220703125,464.70001220703125,455.5,457.6000061035156,342.2388000488281,2447300
2005-03-22,459.0,460.1000061035156,443.8999938964844,444.3999938964844,332.3664245605469,4488200
2005-03-23,443.0,448.5,440.5,444.5,332.4413146972656,3678700
2005-03-24,446.5,451.0,445.20001220703125,445.20001220703125,332.96490478515625,1817000
2005-03-28,448.5,451.70001220703125,447.70001220703125,447.70001220703125,334.8346862792969,1225600
2005-03-29,446.6000061035156,449.1000061035156,442.6000061035156,443.5,331.6933898925781,1714600
2005-03-30,444.5,450.0,443.8999938964844,449.20001220703125,335.9564514160156,1335100
2005-03-31,450.0,452.0,447.8999938964844,449.3999938964844,336.1059875488281,1426100
2005-04-01,455.0,457.0,444.0,446.20001220703125,333.7127685546875,1722100
2005-04-04,446.29998779296875,447.6000061035156,438.0,445.8999938964844,333.4883728027344,1935800
2005-04-05,448.20001220703125,450.5,445.29998779296875,449.3999938964844,336.1059875488281,1263800
2005-04-06,452.0,453.29998779296875,445.70001220703125,451.5,337.67669677734375,1159800
2005-04-07,453.0,457.5,452.0,454.6000061035156,339.99505615234375,1283600
2005-04-08,457.1000061035156,457.79998779296875,453.5,454.0,339.54632568359375,964300
2005-04-11,456.70001220703125,459.0,455.0,456.1000061035156,341.1170349121094,1131800
2005-04-12,456.1000061035156,466.1000061035156,453.3999938964844,464.5,347.39935302734375,1501300
2005-04-13,465.0,465.8999938964844,456.8999938964844,458.1000061035156,342.61273193359375,1383800
2005-04-14,459.0,459.70001220703125,451.79998779296875,454.0,339.54632568359375,1577000
2005-04-15,460.5,463.70001220703125,456.5,457.5,342.16412353515625,2694400
2005-04-18,460.0,464.1000061035156,459.79998779296875,462.1000061035156,345.6043701171875,1854900
2005-04-19,465.5,468.1000061035156,463.5,463.5,346.6513977050781,1482900
2005-04-20,462.0,466.20001220703125,458.8999938964844,461.29998779296875,345.00604248046875,1910900
2005-04-21,463.5,464.5,456.6000061035156,462.70001220703125,346.0531005859375,1755600
2005-04-22,461.5,467.0,457.6000061035156,463.20001220703125,346.4270324707031,1253600
2005-04-25,464.5,470.0,464.0,467.79998779296875,349.86737060546875,1221500
2005-04-26,468.0,471.3999938964844,465.8999938964844,466.20001220703125,348.6707763671875,1263200
2005-04-27,465.0,471.5,464.1000061035156,470.5,351.8866882324219,1217500
2005-04-28,465.1000061035156,467.3999938964844,461.29998779296875,461.8999938964844,348.7158508300781,1583000
2005-04-29,462.3999938964844,469.79998779296875,457.5,469.6000061035156,354.5291748046875,1710400
2005-05-02,469.6000061035156,472.20001220703125,461.5,465.29998779296875,351.2826232910156,1518300
2005-05-03,466.79998779296875,468.70001220703125,463.20001220703125,468.0,353.32110595703125,1445900
2005-05-04,468.0,471.8999938964844,465.5,469.70001220703125,354.60455322265625,1371300
2005-05-05,470.0,471.8999938964844,464.5,468.79998779296875,353.92510986328125,987100
2005-05-06,468.8999938964844,469.5,465.20001220703125,465.8999938964844,351.7357482910156,1130900
2005-05-09,465.70001220703125,469.6000061035156,465.6000061035156,468.5,353.6985778808594,851800
2005-05-10,465.0,466.0,461.79998779296875,463.79998779296875,350.1502380371094,1230700
2005-05-11,464.5,468.8999938964844,462.70001220703125,467.0,352.566162109375,1041900
2005-05-12,469.0,470.0,462.1000061035156,464.1000061035156,350.3767395019531,992400
2005-05-13,467.0,467.0,457.6000061035156,459.1000061035156,346.6020202636719,1345400
2005-05-16,459.79998779296875,468.8999938964844,459.79998779296875,468.0,353.32110595703125,1269900
2005-05-17,465.70001220703125,472.3999938964844,465.6000061035156,471.6000061035156,356.0390319824219,1350800
2005-05-18,473.79998779296875,481.3999938964844,473.0,477.3999938964844,360.41778564453125,1525300
2005-05-19,479.20001220703125,480.0,475.79998779296875,478.3999938964844,361.1726379394531,896200
2005-05-20,478.5,478.6000061035156,473.6000061035156,478.0,360.87066650390625,1096900
2005-05-23,475.5,479.70001220703125,475.5,476.0,359.3608703613281,1093400
2005-05-24,474.0,477.8999938964844,474.0,477.1000061035156,360.19134521484375,917000
2005-05-25,475.3999938964844,476.5,472.6000061035156,474.5,358.2283630371094,985100
2005-05-26,474.5,477.3999938964844,472.70001220703125,473.79998779296875,357.6999816894531,1233400
2005-05-27,473.0,474.3999938964844,470.5,472.79998779296875,356.9449462890625,1139700
2005-05-31,472.8999938964844,474.0,470.20001220703125,471.1000061035156,355.6615295410156,1007300
2005-06-01,471.20001220703125,481.0,471.1000061035156,477.20001220703125,360.2667236328125,1472400
2005-06-02,476.5,477.79998779296875,474.5,477.1000061035156,360.19134521484375,802100
2005-06-03,477.1000061035156,478.5,474.5,475.6000061035156,359.0589294433594,964100
2005-06-06,475.6000061035156,477.0,473.1000061035156,476.8999938964844,360.0402526855469,601500
2005-06-07,477.3999938964844,481.0,476.29998779296875,476.6000061035156,359.813720703125,1146500
2005-06-08,478.0,479.79998779296875,477.0,477.5,360.4932861328125,797600
2005-06-09,477.70001220703125,479.0,474.0,476.79998779296875,359.96478271484375,717600
2005-06-10,478.0,479.79998779296875,473.70001220703125,476.3999938964844,359.6628112792969,857000
2005-06-13,475.0,478.3999938964844,474.20001220703125,476.0,359.3608703613281,835000
2005-06-14,475.20001220703125,476.70001220703125,473.79998779296875,474.1000061035156,357.9263916015625,795900
2005-06-15,476.0,476.5,471.20001220703125,474.0,357.8509521484375,1153900
2005-06-16,475.79998779296875,476.6000061035156,470.70001220703125,475.3999938964844,358.9078369140625,1024900
2005-06-17,477.0,477.0,473.3999938964844,474.6000061035156,358.3038330078125,2035600
2005-06-20,472.5,475.0,471.5,473.70001220703125,357.6244812011719,1124600
2005-06-21,472.29998779296875,474.0,472.0,473.20001220703125,357.2468566894531,962600
2005-06-22,474.5,475.3999938964844,471.5,474.3999938964844,358.1529541015625,1039100
2005-06-23,472.6000061035156,474.0,467.8999938964844,468.79998779296875,353.92510986328125,1235500
2005-06-24,469.1000061035156,472.1000061035156,468.20001220703125,469.5,354.45355224609375,1208000
2005-06-27,467.6000061035156,471.29998779296875,466.5,467.70001220703125,353.0947265625,1167600
2005-06-28,470.1000061035156,471.70001220703125,469.20001220703125,470.20001220703125,354.9820861816406,867900
2005-06-29,471.5,471.70001220703125,466.79998779296875,467.79998779296875,353.1701354980469,1071100
2005-06-30,468.0,469.6000061035156,462.0,462.29998779296875,349.0178527832031,1650300
2005-07-01,465.0,466.3999938964844,460.70001220703125,461.6000061035156,348.4894104003906,864600
2005-07-05,461.0,465.79998779296875,460.1000061035156,464.6000061035156,350.7542724609375,928800
2005-07-06,466.5,468.1000061035156,462.5,463.0,349.54632568359375,1462100
2005-07-07,460.0,462.8999938964844,457.8999938964844,462.70001220703125,349.3199462890625,1581400
2005-07-08,462.70001220703125,467.20001220703125,461.70001220703125,465.1000061035156,351.1316833496094,1238700
2005-07-11,465.1000061035156,466.20001220703125,460.5,461.1000061035156,348.1119079589844,1454400
2005-07-12,462.0,462.29998779296875,458.8999938964844,460.0,347.281494140625,1433600
2005-07-13,461.0,461.79998779296875,455.8999938964844,457.3999938964844,345.318603515625,1842900
2005-07-14,458.70001220703125,466.0,457.3999938964844,465.0,351.0562744140625,1755800
2005-07-15,463.0,464.5,460.3999938964844,464.20001220703125,350.452392578125,1358300
2005-07-18,457.0,458.0,449.0,450.0,339.73193359375,3424200
2005-07-19,451.0,451.3999938964844,442.6000061035156,444.0,335.2021179199219,3819100
2005-07-20,446.5,446.6000061035156,441.29998779296875,442.1000061035156,333.7676086425781,2751500
2005-07-21,443.0,444.20001220703125,441.0,441.5,333.314697265625,1982800
2005-07-22,443.0,444.5,441.8999938964844,444.20001220703125,335.3530578613281,2187700
2005-07-25,445.5,447.5,444.20001220703125,445.29998779296875,336.18359375,1517400
2005-07-26,445.5,447.8999938964844,445.1000061035156,446.0,336.7119445800781,1373300
2005-07-27,445.0,447.0,441.6000061035156,443.8999938964844,335.1265563964844,1840900
2005-07-28,442.5,442.5,438.1000061035156,438.6000061035156,334.4403381347656,2403100
2005-07-29,437.8999938964844,439.0,435.0,435.0,331.6953430175781,1901000
2005-08-01,436.0,439.1000061035156,435.3999938964844,437.0,333.2203063964844,1752400
2005-08-02,439.5,441.0,437.8999938964844,440.70001220703125,336.04156494140625,1641300
2005-08-03,439.5,440.6000061035156,437.5,440.5,335.8890380859375,1616900
2005-08-04,439.20001220703125,439.70001220703125,437.0,439.20001220703125,334.8977355957031,1619300
2005-08-05,437.5,439.29998779296875,435.0,436.29998779296875,332.6864929199219,1464500
2005-08-08,435.5,437.29998779296875,432.8999938964844,433.0,330.1701965332031,1441200
2005-08-09,433.1000061035156,437.3999938964844,433.1000061035156,436.0,332.4578552246094,1303000
2005-08-10,436.0,440.5,432.1000061035156,433.0,330.1701965332031,1784200
2005-08-11,433.0,436.1000061035156,430.20001220703125,435.1000061035156,331.771484375,1598600
2005-08-12,433.5,437.70001220703125,432.79998779296875,436.20001220703125,332.6103210449219,1125100
2005-08-15,436.5,441.5,435.20001220703125,437.8999938964844,333.90655517578125,1483300
2005-08-16,437.8999938964844,444.29998779296875,437.8999938964844,441.3999938964844,336.5754089355469,1777700
2005-08-17,441.0,444.1000061035156,439.20001220703125,441.0,336.2702941894531,1072100
2005-08-18,441.1000061035156,444.29998779296875,439.0,442.1000061035156,337.109130859375,1330600
2005-08-19,443.79998779296875,444.0,440.79998779296875,441.6000061035156,336.7279052734375,981200
2005-08-22,442.79998779296875,444.0,439.29998779296875,442.0,337.03289794921875,955100
2005-08-23,442.1000061035156,442.1000061035156,433.79998779296875,435.6000061035156,332.15277099609375,1807200
2005-08-24,429.5,436.5,429.5,430.5,328.26385498046875,2080500
2005-08-25,431.70001220703125,435.0,430.6000061035156,432.70001220703125,329.94158935546875,1436200
2005-08-26,436.3999938964844,436.5,430.79998779296875,431.0,328.6451721191406,1710900
2005-08-29,430.0,437.1000061035156,429.1000061035156,435.3999938964844,332.0002136230469,1598900
2005-08-30,434.0,434.20001220703125,430.3999938964844,432.6000061035156,329.865234375,1645500
2005-08-31,432.6000061035156,437.79998779296875,430.20001220703125,437.70001220703125,333.754150390625,1544200
2005-09-01,436.0,440.3999938964844,433.79998779296875,437.1000061035156,333.2966003417969,1643500
2005-09-02,439.29998779296875,441.29998779296875,438.29998779296875,438.79998779296875,334.59283447265625,1082300
2005-09-06,440.0,444.29998779296875,440.0,443.0,337.7954406738281,1613000
2005-09-07,443.0,444.6000061035156,440.79998779296875,444.6000061035156,339.0154113769531,1209700
2005-09-08,441.0,445.70001220703125,441.0,444.3999938964844,338.86285400390625,1256000
2005-09-09,444.0,449.0,443.6000061035156,446.1000061035156,340.1593322753906,1307600
2005-09-12,452.1000061035156,452.5,449.5,450.1000061035156,343.2092590332031,1715400
2005-09-13,448.20001220703125,452.20001220703125,447.5,451.0,343.8955383300781,1714100
2005-09-14,451.0,452.29998779296875,449.29998779296875,449.79998779296875,342.9804992675781,1255300
2005-09-15,450.0,451.20001220703125,449.0,450.29998779296875,343.36175537109375,1064600
2005-09-16,451.20001220703125,454.5,450.5,454.5,346.56439208984375,2423400
2005-09-19,452.79998779296875,454.20001220703125,451.79998779296875,453.6000061035156,345.87811279296875,1209500
2005-09-20,453.1000061035156,458.70001220703125,450.3999938964844,451.5,344.27679443359375,1773400
2005-09-21,450.0,453.29998779296875,448.20001220703125,448.20001220703125,341.7605285644531,1382400
2005-09-22,448.29998779296875,454.79998779296875,446.0,451.79998779296875,344.5055236816406,1224300
2005-09-23,451.5,455.0,450.5,452.3999938964844,344.9631042480469,1070500
2005-09-26,454.0,454.8999938964844,450.29998779296875,450.8999938964844,343.81927490234375,1128100
2005-09-27,452.5,455.0,449.20001220703125,450.8999938964844,343.81927490234375,1075100
2005-09-28,453.0,454.3999938964844,449.20001220703125,451.79998779296875,344.5055236816406,1254200
2005-09-29,451.0,457.8999938964844,450.5,456.3999938964844,348.01324462890625,1399800
2005-09-30,458.1000061035156,458.1000061035156,453.20001220703125,455.20001220703125,347.0982360839844,1206000
2005-10-03,457.3999938964844,458.20001220703125,453.70001220703125,455.1000061035156,347.0220031738281,1185700
2005-10-04,455.79998779296875,460.3999938964844,452.20001220703125,453.3999938964844,345.72564697265625,1587600
2005-10-05,453.8999938964844,458.0,452.20001220703125,452.70001220703125,345.19189453125,1491000
2005-10-06,453.5,456.8999938964844,450.79998779296875,454.29998779296875,346.411865234375,1293600
2005-10-07,457.5,457.5,452.5,454.1000061035156,346.25933837890625,1096300
2005-10-10,453.6000061035156,456.29998779296875,451.70001220703125,452.29998779296875,344.88690185546875,1074300
2005-10-11,451.5,454.20001220703125,446.70001220703125,448.0,341.6080322265625,1670300
2005-10-12,444.5,450.70001220703125,444.3999938964844,446.0,340.0829772949219,1642300
2005-10-13,443.0,448.0,442.8999938964844,447.20001220703125,340.9979553222656,1396300
2005-10-14,450.0,450.5,446.0,450.3999938964844,343.4379577636719,1313900
2005-10-17,453.5,455.79998779296875,445.3999938964844,448.1000061035156,341.6842041015625,1463600
2005-10-18,447.0,449.29998779296875,444.6000061035156,444.6000061035156,339.0154113769531,1226700
2005-10-19,445.29998779296875,449.29998779296875,440.0,448.8999938964844,342.294189453125,2541000
2005-10-20,447.5,450.70001220703125,441.0,443.3999938964844,338.10040283203125,1658600
2005-10-21,443.3999938964844,445.70001220703125,441.70001220703125,443.1000061035156,337.8717346191406,1759500
2005-10-24,445.70001220703125,451.3999938964844,444.70001220703125,450.5,343.5142822265625,1406900
2005-10-25,451.70001220703125,452.20001220703125,447.20001220703125,451.70001220703125,344.429443359375,1253300
2005-10-26,450.5,459.5,450.3999938964844,456.5,348.08941650390625,1753700
2005-10-27,455.5,459.5,453.8999938964844,454.1000061035156,346.25933837890625,1316400
2005-10-28,455.5,459.79998779296875,454.20001220703125,459.0,349.9956359863281,1509100
2005-10-31,460.0,462.5,457.79998779296875,457.79998779296875,349.0805969238281,2357300
2005-11-01,459.5,459.6000061035156,453.20001220703125,454.0,346.1831359863281,1992600
2005-11-02,454.0,456.3999938964844,453.29998779296875,455.5,347.32684326171875,2091600
2005-11-03,454.79998779296875,455.3999938964844,452.1000061035156,454.5,349.94476318359375,1607300
2005-11-04,456.79998779296875,458.79998779296875,453.3999938964844,456.0,351.0996398925781,1334200
2005-11-07,458.0,464.6000061035156,457.5,464.29998779296875,357.4903259277344,2281800
2005-11-08,462.5,467.0,461.8999938964844,466.0,358.7992248535156,1652800
2005-11-09,466.5,469.5,465.0,468.20001220703125,360.4931335449219,1311600
2005-11-10,468.20001220703125,477.8999938964844,467.8999938964844,477.29998779296875,367.4997253417969,2351900
2005-11-11,477.70001220703125,480.70001220703125,475.8999938964844,480.0,369.5786437988281,1325400
2005-11-14,479.6000061035156,483.20001220703125,477.0,482.3999938964844,371.42645263671875,1339400
2005-11-15,480.5,481.8999938964844,475.0,476.6000061035156,366.9607238769531,1495600
2005-11-16,478.70001220703125,479.0,471.6000061035156,476.8999938964844,367.19171142578125,1513000
2005-11-17,474.3999938964844,479.8999938964844,473.29998779296875,479.3999938964844,369.1167297363281,1504900
2005-11-18,480.0,484.70001220703125,480.0,484.1000061035156,372.7354431152344,1589900
2005-11-21,483.1000061035156,485.79998779296875,481.5,485.1000061035156,373.5054016113281,1501600
2005-11-22,485.0,490.20001220703125,480.29998779296875,489.20001220703125,376.66217041015625,1482700
2005-11-23,487.8999938964844,494.8999938964844,487.5,493.3999938964844,379.8959655761719,1294600
2005-11-25,493.20001220703125,497.6000061035156,493.20001220703125,495.20001220703125,381.2818908691406,830300
2005-11-28,494.8999938964844,496.0,491.29998779296875,493.0,379.5879821777344,1522800
2005-11-29,492.8999938964844,493.8999938964844,487.0,490.8999938964844,377.9711608886719,1543000
2005-11-30,491.79998779296875,492.5,485.29998779296875,485.5,373.8133239746094,1758200
2005-12-01,489.6000061035156,492.3999938964844,486.70001220703125,488.5,376.1233215332031,1849800
2005-12-02,487.6000061035156,489.29998779296875,485.8999938964844,487.70001220703125,375.50732421875,1254300
2005-12-05,485.70001220703125,490.6000061035156,484.70001220703125,488.5,376.1233215332031,1410500
2005-12-06,489.5,493.6000061035156,488.0,488.8999938964844,376.4311828613281,1430000
2005-12-07,487.6000061035156,489.0,483.0,487.0,374.96832275390625,1372400
2005-12-08,486.5,489.8999938964844,482.5,485.0,373.4283142089844,1086600
2005-12-09,485.0,492.5,483.29998779296875,489.1000061035156,376.5852355957031,1220000
2005-12-12,490.0,491.0,484.29998779296875,486.79998779296875,374.8143310546875,1022700
2005-12-13,485.3999938964844,497.0,485.3999938964844,494.3999938964844,380.6661071777344,2066900
2005-12-14,495.0,496.8999938964844,490.3999938964844,496.3999938964844,382.20587158203125,1767600
2005-12-15,496.20001220703125,496.8999938964844,490.6000061035156,491.0,378.04815673828125,1459700
2005-12-16,493.79998779296875,495.1000061035156,492.5,493.70001220703125,380.126953125,2795200
2005-12-19,492.5,496.79998779296875,490.1000061035156,491.70001220703125,378.5870666503906,1180800
2005-12-20,490.6000061035156,495.20001220703125,490.6000061035156,492.1000061035156,378.89508056640625,874200
2005-12-21,494.6000061035156,497.29998779296875,491.20001220703125,492.70001220703125,379.3570556640625,1475200
2005-12-22,492.5,493.8999938964844,491.0,491.8999938964844,378.7410888671875,1029600
2005-12-23,492.3999938964844,493.0,489.5,492.3999938964844,379.12603759765625,625300
2005-12-27,494.20001220703125,494.3999938964844,486.29998779296875,486.5,374.5832824707031,1012400
2005-12-28,487.70001220703125,489.0,484.29998779296875,484.70001220703125,373.1973876953125,922000
2005-12-29,485.79998779296875,489.79998779296875,483.70001220703125,485.79998779296875,374.0442810058594,922200
2005-12-30,483.5,487.1000061035156,482.20001220703125,485.29998779296875,373.6592712402344,1058900
2006-01-03,490.0,493.79998779296875,481.1000061035156,492.8999938964844,379.51104736328125,1537600
2006-01-04,488.6000061035156,491.0,483.5,483.79998779296875,372.5044860839844,1870900
2006-01-05,484.3999938964844,487.79998779296875,484.0,486.20001220703125,374.3524475097656,1143100
2006-01-06,488.79998779296875,489.0,482.0,486.20001220703125,374.3524475097656,1370200
2006-01-09,486.0,487.3999938964844,483.0,483.8999938964844,372.5814208984375,1680700
2006-01-10,483.0,485.5,480.79998779296875,485.3999938964844,373.7364196777344,1365800
2006-01-11,495.79998779296875,495.79998779296875,485.79998779296875,489.79998779296875,377.1241455078125,1684300
2006-01-12,491.0,491.0,488.79998779296875,490.29998779296875,377.50909423828125,1230000
2006-01-13,491.0,491.8999938964844,487.29998779296875,489.20001220703125,376.66217041015625,940800
2006-01-17,485.1000061035156,487.0,482.70001220703125,484.29998779296875,372.8894348144531,1237700
2006-01-18,484.29998779296875,486.70001220703125,481.1000061035156,483.6000061035156,372.35052490234375,1215000
2006-01-19,485.6000061035156,485.79998779296875,477.0,479.3999938964844,369.1167297363281,1696500
2006-01-20,472.1000061035156,474.0,456.29998779296875,456.8999938964844,351.7926940917969,4777600
2006-01-23,460.0,463.79998779296875,457.0,460.0,354.1794738769531,2024400
2006-01-24,462.8999938964844,463.6000061035156,459.8999938964844,460.1000061035156,354.2564392089844,2083700
2006-01-25,461.3999938964844,463.70001220703125,460.1000061035156,462.29998779296875,355.95037841796875,1591900
2006-01-26,465.5,475.5,464.5,470.1000061035156,361.9560546875,1988500
2006-01-27,470.1000061035156,473.70001220703125,466.0,468.70001220703125,360.8780822753906,1412700
2006-01-30,468.70001220703125,469.8999938964844,466.6000061035156,468.20001220703125,360.4931335449219,1057600
2006-01-31,468.29998779296875,470.5,465.5,465.79998779296875,358.64532470703125,1887000
2006-02-01,465.8999938964844,467.20001220703125,461.1000061035156,463.29998779296875,356.72027587890625,1845200
2006-02-02,459.0,461.0,451.0,451.79998779296875,351.584228515625,2325400
2006-02-03,450.70001220703125,456.1000061035156,448.1000061035156,450.6000061035156,350.6505126953125,1663500
2006-02-06,452.6000061035156,453.20001220703125,450.8999938964844,451.70001220703125,351.5065612792969,1147400
2006-02-07,450.8999938964844,453.79998779296875,450.0,450.5,350.57269287109375,1207400
2006-02-08,453.29998779296875,455.29998779296875,450.70001220703125,453.6000061035156,352.98504638671875,1051300
2006-02-09,455.0,461.0,454.29998779296875,457.8999938964844,356.33123779296875,1357700
2006-02-10,457.0,460.70001220703125,452.5,459.6000061035156,357.6541442871094,1272000
2006-02-13,460.6000061035156,462.29998779296875,454.1000061035156,456.79998779296875,355.47540283203125,1158300
2006-02-14,457.79998779296875,462.5,457.1000061035156,461.20001220703125,358.8992614746094,1518000
2006-02-15,460.3999938964844,464.70001220703125,457.6000061035156,462.5,359.9109191894531,1700000
2006-02-16,463.0,464.3999938964844,460.3999938964844,464.3999938964844,361.389404296875,1325900
2006-02-17,465.0,465.70001220703125,461.29998779296875,462.3999938964844,359.8330993652344,1313800
2006-02-21,462.0,463.70001220703125,459.70001220703125,461.70001220703125,359.28839111328125,1395600
2006-02-22,463.79998779296875,469.79998779296875,462.3999938964844,468.79998779296875,364.8135070800781,1515500
2006-02-23,468.79998779296875,471.20001220703125,466.0,468.0,364.1909484863281,1257500
2006-02-24,467.29998779296875,470.8999938964844,467.29998779296875,468.5,364.5799560546875,1254600
2006-02-27,470.0,471.29998779296875,467.1000061035156,467.79998779296875,364.03521728515625,1011400
2006-02-28,465.79998779296875,469.3999938964844,463.1000061035156,463.70001220703125,360.8447265625,1656700
2006-03-01,463.8999938964844,466.5,462.1000061035156,465.29998779296875,362.0897521972656,1006500
2006-03-02,462.70001220703125,464.0,458.79998779296875,460.5,358.3544616699219,1280600
2006-03-03,460.0,463.3999938964844,458.0,459.20001220703125,357.3428955078125,1398500
2006-03-06,459.20001220703125,464.79998779296875,458.29998779296875,460.8999938964844,358.665771484375,1214800
2006-03-07,458.5,464.3999938964844,458.0,464.0,361.07818603515625,1560300
2006-03-08,463.5,468.1000061035156,463.1000061035156,466.79998779296875,363.25714111328125,1138800
2006-03-09,466.79998779296875,469.79998779296875,464.6000061035156,464.8999938964844,361.77850341796875,1335300
2006-03-10,466.0,471.8999938964844,465.79998779296875,469.8999938964844,365.6694641113281,1356200
2006-03-13,469.8999938964844,471.8999938964844,466.29998779296875,468.3999938964844,364.5022277832031,1044200
2006-03-14,469.3999938964844,472.70001220703125,468.8999938964844,471.79998779296875,367.1479797363281,1310900
2006-03-15,471.29998779296875,472.0,468.79998779296875,470.1000061035156,365.8251647949219,1151700
2006-03-16,471.70001220703125,476.5,471.29998779296875,473.20001220703125,368.23748779296875,1753100
2006-03-17,475.20001220703125,475.20001220703125,472.5,474.1000061035156,368.93780517578125,2092900
2006-03-20,474.5,477.1000061035156,473.0,474.0,368.8600158691406,1051000
2006-03-21,473.0,474.79998779296875,471.1000061035156,472.20001220703125,367.4593811035156,1606800
2006-03-22,469.0,478.0,469.0,476.70001220703125,370.961181640625,1377300
2006-03-23,475.79998779296875,479.79998779296875,474.70001220703125,477.70001220703125,371.7393493652344,1379500
2006-03-24,477.5,480.0,475.5,478.1000061035156,372.0505676269531,868400
2006-03-27,476.29998779296875,478.20001220703125,474.8999938964844,476.3999938964844,370.72760009765625,1227500
2006-03-28,475.20001220703125,480.1000061035156,474.3999938964844,476.0,370.4164123535156,1753800
2006-03-29,476.1000061035156,479.1000061035156,474.0,476.29998779296875,370.6498718261719,1423100
2006-03-30,475.20001220703125,476.79998779296875,472.70001220703125,472.79998779296875,367.92620849609375,1443200
2006-03-31,473.5,475.6000061035156,472.1000061035156,472.29998779296875,367.537109375,1293900
2006-04-03,474.1000061035156,478.6000061035156,473.0,474.1000061035156,368.93780517578125,1145500
2006-04-04,474.29998779296875,483.79998779296875,474.1000061035156,482.1000061035156,375.16326904296875,1611800
2006-04-05,483.0,484.70001220703125,481.29998779296875,482.6000061035156,375.5524597167969,1276300
2006-04-06,480.6000061035156,481.70001220703125,476.6000061035156,478.5,372.3619079589844,1183400
2006-04-07,480.3999938964844,483.3999938964844,474.6000061035156,476.6000061035156,370.8832702636719,1255500
2006-04-10,479.0,482.5,477.0,479.29998779296875,372.9843444824219,1273400
2006-04-11,477.0,480.8999938964844,473.70001220703125,474.70001220703125,369.4046936035156,1020600
2006-04-12,475.0,478.29998779296875,474.79998779296875,476.0,370.4164123535156,787000
2006-04-13,474.1000061035156,481.79998779296875,474.1000061035156,480.5,373.9182434082031,1197800
2006-04-17,484.1000061035156,485.6000061035156,482.0,483.5,376.25286865234375,1656000
2006-04-18,484.3999938964844,486.0,479.0,484.79998779296875,377.2645263671875,1803600
2006-04-19,484.79998779296875,487.1000061035156,480.5,482.29998779296875,375.3190612792969,1445400
2006-04-20,483.0,487.20001220703125,482.6000061035156,483.0,375.8638000488281,1866400
2006-04-21,484.8999938964844,484.8999938964844,477.8999938964844,480.1000061035156,373.6069641113281,1579100
2006-04-24,479.79998779296875,481.1000061035156,478.0,480.0,373.5292053222656,1347600
2006-04-25,480.0,480.20001220703125,474.20001220703125,474.6000061035156,369.32696533203125,1849000
2006-04-26,474.6000061035156,478.29998779296875,474.6000061035156,477.5,371.58367919921875,1219100
2006-04-27,472.0,484.3999938964844,471.5,481.5,378.5814208984375,2464800
2006-04-28,484.0,499.5,484.0,499.5,392.73388671875,4037200
2006-05-01,500.0,500.6000061035156,492.5,494.6000061035156,388.8812561035156,2076600
2006-05-02,496.5,498.70001220703125,492.6000061035156,496.0,389.9820861816406,1493600
2006-05-03,497.79998779296875,499.3999938964844,494.20001220703125,498.5,391.9477233886719,1180000
2006-05-04,498.5,498.79998779296875,492.6000061035156,493.79998779296875,388.25225830078125,1721200
2006-05-05,497.79998779296875,503.70001220703125,496.8999938964844,503.70001220703125,396.0361633300781,1894800
2006-05-08,504.1000061035156,507.20001220703125,500.6000061035156,501.6000061035156,394.3851318359375,1384700
2006-05-09,502.5,505.6000061035156,500.0,503.5,395.87890625,1253400
2006-05-10,501.0,505.70001220703125,500.0,503.0,395.4857482910156,1590900
2006-05-11,505.29998779296875,505.29998779296875,491.8999938964844,494.79998779296875,389.03851318359375,1480300
2006-05-12,494.5,498.0,489.5,489.8999938964844,385.1858825683594,1861800
2006-05-15,489.79998779296875,497.20001220703125,489.5,495.1000061035156,389.2743835449219,1329100
2006-05-16,496.3999938964844,497.0,490.6000061035156,495.3999938964844,389.51031494140625,938700
2006-05-17,492.1000061035156,492.5,485.20001220703125,488.29998779296875,383.92791748046875,2216100
2006-05-18,488.20001220703125,492.3999938964844,487.0,487.29998779296875,383.1415710449219,1645100
2006-05-19,489.3999938964844,490.79998779296875,486.8999938964844,488.0,383.6920166015625,2179000
2006-05-22,485.5,491.3999938964844,485.20001220703125,488.3999938964844,384.0065002441406,1804000
2006-05-23,489.79998779296875,492.29998779296875,485.20001220703125,485.29998779296875,381.5689392089844,1597400
2006-05-24,485.29998779296875,488.79998779296875,484.29998779296875,486.6000061035156,382.5912780761719,2015200
2006-05-25,489.6000061035156,491.20001220703125,487.5,490.70001220703125,385.81494140625,1279400
2006-05-26,492.8999938964844,497.70001220703125,491.70001220703125,495.70001220703125,389.74615478515625,1347700
2006-05-30,496.0,496.0,489.0,490.20001220703125,385.4217834472656,1208900
2006-05-31,492.5,495.3999938964844,487.70001220703125,493.0,387.62322998046875,1666400
2006-06-01,493.79998779296875,499.29998779296875,492.70001220703125,498.29998779296875,391.7903747558594,1446400
2006-06-02,500.29998779296875,502.29998779296875,496.70001220703125,501.3999938964844,394.2278137207031,1427600
2006-06-05,500.1000061035156,504.1000061035156,495.5,496.20001220703125,390.1393737792969,1362000
2006-06-06,496.70001220703125,499.0,491.8999938964844,497.6000061035156,391.239990234375,1586900
2006-06-07,498.0,504.1000061035156,497.1000061035156,499.5,392.73388671875,1665600
2006-06-08,499.0,502.0,491.70001220703125,499.5,392.73388671875,2274900
2006-06-09,499.5,501.0,497.0,497.70001220703125,391.3187255859375,1303200
2006-06-12,499.0,499.5,493.20001220703125,493.29998779296875,387.8590087890625,1354400
2006-06-13,492.5,493.8999938964844,480.79998779296875,482.1000061035156,379.0531311035156,2537600
2006-06-14,482.6000061035156,486.0,474.70001220703125,478.0,375.82940673828125,2341800
2006-06-15,480.0,489.3999938964844,479.6000061035156,486.79998779296875,382.74847412109375,2025800
2006-06-16,487.0,488.5,481.70001220703125,483.6000061035156,380.2325134277344,1889600
2006-06-19,484.5,487.70001220703125,476.70001220703125,478.20001220703125,375.98675537109375,1287200
2006-06-20,478.20001220703125,485.1000061035156,477.5,480.1000061035156,377.4805603027344,1345800
2006-06-21,481.0,487.5,480.5,483.70001220703125,380.3111267089844,1596000
2006-06-22,490.0,490.0,480.5,481.70001220703125,378.7386779785156,1046700
2006-06-23,479.0,481.79998779296875,476.5,477.3999938964844,375.3577575683594,1164200
2006-06-26,477.3999938964844,483.79998779296875,476.0,483.0,379.7607727050781,981100
2006-06-27,483.0,485.6000061035156,477.6000061035156,477.6000061035156,375.5149230957031,1242300
2006-06-28,478.1000061035156,480.20001220703125,475.29998779296875,478.5,376.22259521484375,979500
2006-06-29,481.5,492.8999938964844,479.0,488.6000061035156,384.16375732421875,2034800
2006-06-30,489.5,489.5,482.3999938964844,482.5,379.36767578125,1989700
2006-07-03,486.0,490.5,485.0,489.70001220703125,385.0286560058594,632800
2006-07-05,489.5,492.5,486.70001220703125,490.1000061035156,385.3431396484375,1235700
2006-07-06,490.70001220703125,495.3999938964844,490.70001220703125,492.70001220703125,387.3873291015625,942600
2006-07-07,492.70001220703125,495.8999938964844,490.1000061035156,490.79998779296875,385.8934631347656,807900
2006-07-10,493.29998779296875,496.3999938964844,491.0,493.3999938964844,387.9377136230469,838800
2006-07-11,493.3999938964844,496.79998779296875,488.6000061035156,496.0,389.9820861816406,816800
2006-07-12,495.20001220703125,497.29998779296875,487.1000061035156,488.29998779296875,383.92791748046875,1374100
2006-07-13,488.0,488.0,478.29998779296875,478.70001220703125,376.3797912597656,1632900
2006-07-14,478.5,480.1000061035156,474.1000061035156,475.79998779296875,374.0996398925781,1539600
2006-07-17,469.1000061035156,469.5,463.29998779296875,464.0,364.8218688964844,3265400
2006-07-18,464.20001220703125,469.0,462.20001220703125,465.5,366.00128173828125,1655100
2006-07-19,468.5,475.1000061035156,468.29998779296875,472.5,371.5050964355469,2614300
2006-07-20,472.5,474.5,470.5,471.1000061035156,370.40435791015625,1596500
2006-07-21,473.79998779296875,474.6000061035156,466.3999938964844,469.29998779296875,368.9890441894531,2451400
2006-07-24,471.0,476.29998779296875,470.0,474.6000061035156,373.15625,1549800
2006-07-25,477.0,479.0,472.20001220703125,474.5,373.0775451660156,1474900
2006-07-26,474.5,478.8999938964844,471.3999938964844,475.29998779296875,373.7065124511719,1390600
2006-07-27,479.29998779296875,479.29998779296875,472.79998779296875,473.1000061035156,371.9769287109375,1072100
2006-07-28,476.0,488.29998779296875,476.0,483.29998779296875,379.9965515136719,2333800
2006-07-31,483.29998779296875,485.5,481.79998779296875,483.1000061035156,379.8394470214844,1776900
2006-08-01,483.1000061035156,485.70001220703125,481.1000061035156,485.1000061035156,381.411865234375,1388400
2006-08-02,487.0,488.29998779296875,482.79998779296875,487.20001220703125,383.06298828125,1332100
2006-08-03,482.3999938964844,486.0,482.0,484.70001220703125,384.9691162109375,1195300
2006-08-04,488.3999938964844,490.29998779296875,480.70001220703125,485.0,385.2074890136719,1485400
2006-08-07,483.3999938964844,485.6000061035156,481.1000061035156,482.29998779296875,383.0629577636719,918700
2006-08-08,484.79998779296875,487.0,481.6000061035156,483.1000061035156,383.6984558105469,1280400
2006-08-09,486.8999938964844,488.70001220703125,476.8999938964844,478.29998779296875,379.885986328125,1084300
2006-08-10,478.29998779296875,480.5,473.5,479.70001220703125,380.998046875,1203100
2006-08-11,479.20001220703125,479.20001220703125,472.20001220703125,476.3999938964844,378.3769226074219,782300
2006-08-14,479.5,482.3999938964844,474.70001220703125,477.20001220703125,379.01226806640625,1100100
2006-08-15,482.1000061035156,486.70001220703125,482.0,484.1000061035156,384.4925842285156,1256000
2006-08-16,485.8999938964844,487.1000061035156,484.29998779296875,485.29998779296875,385.4455871582031,1129000
2006-08-17,485.0,485.8999938964844,483.79998779296875,485.70001220703125,385.76348876953125,1032200
2006-08-18,486.20001220703125,486.29998779296875,484.20001220703125,486.0,386.0017395019531,1180000
2006-08-21,485.5,486.29998779296875,483.79998779296875,484.8999938964844,385.12799072265625,820000
2006-08-22,486.6000061035156,487.20001220703125,484.1000061035156,484.20001220703125,384.5720520019531,1323100
2006-08-23,484.8999938964844,486.0,482.29998779296875,485.79998779296875,385.8427429199219,1039900
2006-08-24,486.79998779296875,487.70001220703125,485.0,487.20001220703125,386.9547424316406,1335900
2006-08-25,487.29998779296875,488.0,485.0,486.3999938964844,386.3194274902344,797100
2006-08-28,485.1000061035156,493.5,485.1000061035156,491.20001220703125,390.1318054199219,1287800
2006-08-29,492.0,493.5,487.70001220703125,492.6000061035156,391.2436828613281,1499400
2006-08-30,492.6000061035156,497.0,492.3999938964844,495.20001220703125,393.3087158203125,1364100
2006-08-31,495.20001220703125,497.1000061035156,492.6000061035156,493.5,391.95855712890625,1011900
2006-09-01,497.0,497.1000061035156,492.1000061035156,493.70001220703125,392.1172180175781,744100
2006-09-05,493.1000061035156,496.79998779296875,491.20001220703125,494.20001220703125,392.5143737792969,775600
2006-09-06,492.1000061035156,492.70001220703125,489.1000061035156,491.29998779296875,390.2111511230469,1041300
2006-09-07,496.5,496.5,484.20001220703125,485.5,385.60443115234375,1420300
2006-09-08,485.1000061035156,487.8999938964844,484.79998779296875,487.20001220703125,386.9547424316406,919900
2006-09-11,486.8999938964844,491.6000061035156,486.1000061035156,489.20001220703125,388.5433044433594,1044500
2006-09-12,490.0,492.0,487.6000061035156,489.8999938964844,389.0992431640625,1098100
2006-09-13,490.0,495.0,488.70001220703125,493.0,391.5613708496094,1390700
2006-09-14,493.1000061035156,494.20001220703125,490.5,492.8999938964844,391.4820251464844,1329300
2006-09-15,494.79998779296875,495.79998779296875,491.79998779296875,491.8999938964844,390.6877746582031,1784800
2006-09-18,492.5,497.20001220703125,491.1000061035156,495.8999938964844,393.86474609375,1246100
2006-09-19,495.8999938964844,497.1000061035156,493.0,497.0,394.7383728027344,918300
2006-09-20,498.29998779296875,501.5,496.29998779296875,499.0,396.32684326171875,1631700
2006-09-21,498.8999938964844,501.1000061035156,495.0,497.5,395.1355285644531,1401900
2006-09-22,496.5,496.5,492.70001220703125,495.0,393.1498107910156,1114100
2006-09-25,497.5,501.70001220703125,495.1000061035156,500.79998779296875,397.7564392089844,1625700
2006-09-26,500.79998779296875,503.3999938964844,498.5,502.29998779296875,398.94781494140625,1592300
2006-09-27,500.5,503.5,498.3999938964844,499.70001220703125,396.8828125,1588000
2006-09-28,499.8999938964844,501.70001220703125,497.5,499.29998779296875,396.565185546875,1202500
2006-09-29,500.0,500.70001220703125,495.79998779296875,496.70001220703125,394.5000915527344,1690800
2006-10-02,496.79998779296875,498.5,492.79998779296875,494.8999938964844,393.0704650878906,1167800
2006-10-03,495.8999938964844,503.8999938964844,495.5,500.8999938964844,397.8359680175781,1508400
2006-10-04,500.5,510.6000061035156,500.0,510.29998779296875,405.3017578125,2093400
2006-10-05,511.20001220703125,511.79998779296875,506.6000061035156,509.8999938964844,404.9839782714844,1486900
2006-10-06,509.8999938964844,510.70001220703125,506.0,510.5,405.4605407714844,1502300
2006-10-09,510.0,511.70001220703125,508.5,510.79998779296875,405.6988525390625,992900
2006-10-10,512.0,513.2999877929688,508.1000061035156,508.20001220703125,403.6339111328125,2359500
2006-10-11,503.5,505.5,501.29998779296875,503.79998779296875,400.1392517089844,1980600
2006-10-12,505.0,505.8999938964844,499.5,501.79998779296875,398.55072021484375,1920800
2006-10-13,503.8999938964844,504.0,497.20001220703125,503.79998779296875,400.1392517089844,1969800
2006-10-16,503.0,503.29998779296875,498.70001220703125,501.5,398.3124084472656,1305600
2006-10-17,499.6000061035156,502.79998779296875,496.29998779296875,500.5,397.5181579589844,1303900
2006-10-18,501.8999938964844,507.1000061035156,497.0,501.8999938964844,398.630126953125,1865600
2006-10-19,497.5,499.29998779296875,495.1000061035156,498.70001220703125,396.0884704589844,1814400
2006-10-20,498.70001220703125,499.8999938964844,495.0,499.1000061035156,396.40631103515625,2669400
2006-10-23,498.0,507.3999938964844,497.8999938964844,506.20001220703125,402.0453796386719,2073400
2006-10-24,505.0,506.5,502.3999938964844,504.70001220703125,400.8540344238281,1548600
2006-10-25,504.0,509.29998779296875,504.0,508.70001220703125,404.031005859375,1416900
2006-10-26,508.70001220703125,509.5,505.70001220703125,508.29998779296875,403.7132873535156,1927800
2006-10-27,506.5,507.5,503.0,503.6000061035156,399.9802551269531,1686800
2006-10-30,502.5,504.3999938964844,500.5,501.20001220703125,398.0741271972656,1284700
2006-10-31,501.20001220703125,504.6000061035156,501.1000061035156,501.6000061035156,398.3919372558594,1813900
2006-11-01,505.5,507.1000061035156,499.20001220703125,500.8999938964844,397.8359680175781,2084200
2006-11-02,498.0,498.79998779296875,494.70001220703125,497.3999938964844,398.9588317871094,1761500
2006-11-03,497.5,499.8999938964844,494.79998779296875,495.8999938964844,397.7557373046875,1057500
2006-11-06,496.0,502.8999938964844,494.3999938964844,502.20001220703125,402.8089294433594,1529100
2006-11-07,502.5,507.5,501.8999938964844,504.79998779296875,404.894287109375,1362700
2006-11-08,504.0,507.20001220703125,502.70001220703125,505.70001220703125,405.61614990234375,1075000
2006-11-09,505.70001220703125,506.20001220703125,503.1000061035156,506.1000061035156,405.9369201660156,1024100
2006-11-10,507.5,509.0,504.0,506.29998779296875,406.09747314453125,1165000
2006-11-13,505.0,509.5,505.0,506.8999938964844,406.5785827636719,809400
2006-11-14,508.5,508.5,500.3999938964844,507.5,407.0598449707031,1807300
2006-11-15,505.5,507.0,502.0,504.70001220703125,404.8140869140625,1514300
2006-11-16,505.0,507.5,504.20001220703125,506.6000061035156,406.3380432128906,1295100
2006-11-17,506.3999938964844,508.79998779296875,504.79998779296875,508.0,407.4609680175781,3011000
2006-11-20,507.5,508.8999938964844,504.5,507.29998779296875,406.8994140625,1342700
2006-11-21,508.3999938964844,508.5,504.5,506.1000061035156,405.9369201660156,1011000
2006-11-22,507.0,509.5,505.79998779296875,507.70001220703125,407.2203063964844,1168600
2006-11-24,505.0,506.70001220703125,503.1000061035156,503.1000061035156,403.5307922363281,1013500
2006-11-27,503.0,505.3999938964844,496.70001220703125,498.8999938964844,400.1618957519531,2175100
2006-11-28,496.5,498.5,494.29998779296875,495.6000061035156,397.51513671875,1455700
2006-11-29,497.5,499.70001220703125,494.79998779296875,498.6000061035156,399.92132568359375,1326200
2006-11-30,497.29998779296875,498.8999938964844,494.5,495.8999938964844,397.7557373046875,1706100
2006-12-01,495.8999938964844,496.29998779296875,488.29998779296875,493.79998779296875,396.0712890625,1774000
2006-12-04,496.5,501.79998779296875,493.70001220703125,500.0,401.0442810058594,2077400
2006-12-05,498.8999938964844,505.70001220703125,497.6000061035156,505.1000061035156,405.1348571777344,1577900
2006-12-06,505.0,508.1000061035156,503.79998779296875,507.79998779296875,407.3005065917969,1231600
2006-12-07,506.70001220703125,507.70001220703125,504.20001220703125,507.1000061035156,406.7391662597656,1984500
2006-12-08,504.79998779296875,527.0,503.5,518.5,415.8828125,5445800
2006-12-11,518.5,528.7999877929688,518.5,528.7999877929688,424.1444396972656,2675500
2006-12-12,521.9000244140625,523.7000122070312,517.5,522.5,419.0912780761719,2604900
2006-12-13,526.2999877929688,526.5,521.2000122070312,523.2000122070312,419.6526184082031,1408100
2006-12-14,524.0,532.0,523.0,531.0999755859375,425.98919677734375,2096100
2006-12-15,533.5,540.7999877929688,532.0,540.7000122070312,433.68939208984375,3213900
2006-12-18,543.7999877929688,556.0999755859375,542.5,554.4000244140625,444.67779541015625,4547500
2006-12-19,551.2999877929688,552.2999877929688,545.4000244140625,552.2999877929688,442.9934997558594,2640500
2006-12-20,551.2000122070312,552.9000244140625,547.7999877929688,551.5999755859375,442.43206787109375,1805300
2006-12-21,551.7000122070312,554.4000244140625,546.5,547.5999755859375,439.22381591796875,1615300
2006-12-22,549.5,551.0,544.5999755859375,545.5,437.53936767578125,964700
2006-12-26,546.7999877929688,551.9000244140625,545.2000122070312,551.2000122070312,442.1113586425781,880600
2006-12-27,551.2000122070312,566.7000122070312,551.2000122070312,564.0999755859375,452.4581604003906,2235000
2006-12-28,566.0,570.0,555.5,558.7999877929688,448.2071228027344,1530600
2006-12-29,558.5,560.9000244140625,555.5,557.0,446.7634582519531,1103800
2007-01-03,556.5999755859375,562.7999877929688,547.2000122070312,552.5,443.1539001464844,2282100
2007-01-04,552.5,561.5,547.2000122070312,550.5999755859375,441.6299743652344,1658600
2007-01-05,550.0,550.5,544.5999755859375,547.7000122070312,439.30389404296875,1317800
2007-01-08,546.0,551.5,543.0,550.5,441.54962158203125,1236900
2007-01-09,550.0999755859375,551.5,541.9000244140625,545.7000122070312,437.6997985839844,1963000
2007-01-10,542.7000122070312,544.9000244140625,539.5,541.2999877929688,434.1705627441406,1744800
2007-01-11,542.7000122070312,543.9000244140625,538.0,541.7000122070312,434.4913635253906,1447700
2007-01-12,540.2000122070312,545.5,540.0,543.7999877929688,436.1759033203125,1842900
2007-01-16,546.2999877929688,548.0999755859375,543.4000244140625,547.7000122070312,439.30389404296875,1255100
2007-01-17,550.0,550.7999877929688,542.7999877929688,543.9000244140625,436.2559814453125,1404500
2007-01-18,545.0,547.0999755859375,540.7000122070312,543.9000244140625,436.2559814453125,1761400
2007-01-19,540.0,545.0999755859375,535.0,545.0,437.1381530761719,2395500
2007-01-22,551.7000122070312,555.2999877929688,546.5999755859375,546.7999877929688,438.5818176269531,2808200
2007-01-23,546.5,548.0,543.0,544.9000244140625,437.0581359863281,1626500
2007-01-24,545.0,548.4000244140625,542.7000122070312,548.2999877929688,439.7851257324219,1506300
2007-01-25,547.0,548.7999877929688,538.4000244140625,539.2999877929688,432.5662536621094,1902600
2007-01-26,539.2999877929688,546.7000122070312,535.2000122070312,546.7000122070312,438.5018310546875,2110000
2007-01-29,544.5,546.0,539.5,540.5999755859375,433.6090087890625,2220600
2007-01-30,539.0,543.2000122070312,538.0,542.7000122070312,435.29345703125,1692000
2007-01-31,540.2999877929688,552.9000244140625,540.2000122070312,551.2999877929688,442.19140625,1815600
2007-02-01,551.2999877929688,551.5999755859375,543.0,547.2999877929688,443.32550048828125,1875500
2007-02-02,547.2999877929688,549.4000244140625,543.2000122070312,546.5999755859375,442.75830078125,1258500
2007-02-05,545.5,551.9000244140625,544.0999755859375,547.5,443.4874267578125,1658800
2007-02-06,547.5,555.0,547.2000122070312,549.5,445.107421875,1553600
2007-02-07,549.4000244140625,551.9000244140625,548.2999877929688,549.5,445.107421875,1199300
2007-02-08,547.2000122070312,547.7999877929688,541.5,544.4000244140625,440.97637939453125,1399400
2007-02-09,544.0,544.9000244140625,532.9000244140625,534.0,432.55206298828125,1922900
2007-02-12,534.9000244140625,539.0999755859375,532.0,534.2999877929688,432.7950744628906,1530800
2007-02-13,535.2999877929688,538.5,535.0,537.0999755859375,435.063232421875,1305100
2007-02-14,538.5999755859375,544.4000244140625,537.4000244140625,541.7999877929688,438.8702392578125,1416200
2007-02-15,542.0,545.2000122070312,540.4000244140625,542.0999755859375,439.1132507324219,1370800
2007-02-16,540.7999877929688,541.5,537.7999877929688,541.0,438.2222595214844,1725400
2007-02-20,541.7000122070312,546.5,540.9000244140625,541.9000244140625,438.9513854980469,1610500
2007-02-21,540.0999755859375,541.5,535.9000244140625,537.5,435.3870849609375,1491600
2007-02-22,539.5,540.9000244140625,534.2000122070312,535.9000244140625,434.0912170410156,1909300
2007-02-23,536.7000122070312,540.2999877929688,531.5,537.7000122070312,435.54913330078125,1773700
2007-02-26,539.0,541.9000244140625,521.7999877929688,526.7999877929688,426.7200012207031,3559700
2007-02-27,521.2000122070312,527.7000122070312,500.5,506.0,409.8714294433594,3161500
2007-02-28,510.0,510.20001220703125,495.6000061035156,503.70001220703125,408.0085144042969,4673600
2007-03-01,497.5,514.5,496.0,510.79998779296875,413.759521484375,3672300
2007-03-02,509.20001220703125,512.0999755859375,498.5,499.70001220703125,404.76837158203125,2617300
2007-03-05,496.0,505.5,491.79998779296875,492.5,398.9361877441406,2491500
2007-03-06,498.5,508.3999938964844,495.5,505.79998779296875,409.7094421386719,2686800
2007-03-07,506.0,511.0,501.70001220703125,502.20001220703125,406.79345703125,2080500
2007-03-08,506.20001220703125,512.4000244140625,503.1000061035156,505.0,409.0613708496094,1783000
2007-03-09,509.1000061035156,509.5,500.0,503.29998779296875,407.684326171875,1570100
2007-03-12,501.1000061035156,506.5,501.0,503.6000061035156,407.9273681640625,1098800
2007-03-13,500.1000061035156,500.8999938964844,487.5,487.5,394.8861083984375,2928600
2007-03-14,488.0,493.20001220703125,480.5,490.79998779296875,397.5592041015625,3044100
2007-03-15,491.0,501.70001220703125,490.6000061035156,501.29998779296875,406.06427001953125,2929200
2007-03-16,500.1000061035156,503.79998779296875,491.8999938964844,495.29998779296875,401.2042236328125,3081400
2007-03-19,498.1000061035156,501.0,497.0,500.6000061035156,405.497314453125,1681300
2007-03-20,500.6000061035156,509.3999938964844,499.20001220703125,506.3999938964844,410.1954345703125,1644500
2007-03-21,504.8999938964844,525.0,504.3999938964844,520.2999877929688,421.45465087890625,2927000
2007-03-22,519.0,522.0,516.9000244140625,518.4000244140625,419.91583251953125,2074200
2007-03-23,518.0,520.5999755859375,514.2999877929688,517.2000122070312,418.9435729980469,1514300
2007-03-26,520.0,520.0999755859375,510.6000061035156,515.4000244140625,417.4857482910156,2086900
2007-03-27,512.0999755859375,516.5,510.0,510.6000061035156,413.59747314453125,1711100
2007-03-28,511.79998779296875,516.5,508.1000061035156,509.6000061035156,412.7875061035156,2323600
2007-03-29,513.0,515.9000244140625,510.29998779296875,514.0,416.3516540527344,1781600
2007-03-30,515.0,519.4000244140625,509.20001220703125,513.4000244140625,415.8656921386719,1991300
2007-04-02,513.0999755859375,515.0,504.1000061035156,510.5,413.5165710449219,1881300
2007-04-03,511.70001220703125,516.5999755859375,511.6000061035156,514.0999755859375,416.4325256347656,2045200
2007-04-04,514.9000244140625,515.2000122070312,511.3999938964844,513.5999755859375,416.0274963378906,1533000
2007-04-05,512.0999755859375,517.5999755859375,510.5,515.7000122070312,417.7287292480469,1033900
2007-04-09,518.0,518.2000122070312,513.5999755859375,515.7999877929688,417.8097229003906,1152600
2007-04-10,516.0,525.0999755859375,513.5,524.0,424.4519348144531,2153500
2007-04-11,524.0999755859375,524.7999877929688,513.4000244140625,518.0,419.59173583984375,2427900
2007-04-12,518.0,518.0999755859375,513.2000122070312,516.5,418.3766174316406,2271000
2007-04-13,518.0,518.0,513.5,516.0,417.9717712402344,1690100
2007-04-16,522.5999755859375,535.9000244140625,522.5,529.2999877929688,428.7450866699219,3277200
2007-04-17,530.0,530.5,523.5999755859375,525.2999877929688,425.5047607421875,2253600
2007-04-18,527.2000122070312,533.0,526.5,529.9000244140625,429.231201171875,2618800
2007-04-19,527.0999755859375,534.7000122070312,526.5,530.9000244140625,430.041015625,2243900
2007-04-20,537.4000244140625,537.5,529.0999755859375,534.2000122070312,432.7140808105469,2658700
2007-04-23,533.2999877929688,536.4000244140625,529.0,531.0999755859375,430.2029724121094,1514800
2007-04-24,532.5,533.0,523.7000122070312,528.0999755859375,427.77301025390625,1895700
2007-04-25,529.9000244140625,539.4000244140625,527.7999877929688,538.0,435.7920837402344,2675300
2007-04-26,537.9000244140625,538.5,532.7000122070312,535.5999755859375,433.84820556640625,2474200
2007-04-27,534.5,535.5,531.5,533.7000122070312,432.30902099609375,1315900
2007-04-30,536.4000244140625,547.0999755859375,534.7999877929688,536.2000122070312,434.3343811035156,3049500
2007-05-01,538.0,543.2000122070312,537.4000244140625,542.0,439.03228759765625,2098900
2007-05-02,544.5,544.5,540.7000122070312,543.0,439.8424377441406,1934600
2007-05-03,539.5,541.0,535.5,539.5,441.3968811035156,1622800
2007-05-04,541.0,545.5999755859375,539.5,540.9000244140625,442.5423583984375,1770200
2007-05-07,539.7000122070312,544.0,537.2000122070312,538.7999877929688,440.8241271972656,1602900
2007-05-08,537.5,540.0,534.7999877929688,537.2000122070312,439.51495361328125,1539200
2007-05-09,536.2999877929688,541.5,534.2999877929688,541.2000122070312,442.7876281738281,2077100
2007-05-10,537.7000122070312,540.5,531.7999877929688,532.0,435.2605895996094,2086500
2007-05-11,532.0999755859375,537.5999755859375,529.0,531.0999755859375,434.5242919921875,7673200
2007-05-14,531.7999877929688,533.0,525.7999877929688,528.5999755859375,432.4787902832031,2398400
2007-05-15,530.2999877929688,532.4000244140625,527.4000244140625,527.9000244140625,431.9061279296875,2467700
2007-05-16,538.0,550.4000244140625,535.0,549.0999755859375,449.25103759765625,6452300
2007-05-17,548.9000244140625,551.9000244140625,539.5,548.0,448.3511962890625,2236900
2007-05-18,550.0,555.5,547.4000244140625,550.0,449.98748779296875,2102100
2007-05-21,551.7999877929688,552.0,547.4000244140625,548.4000244140625,448.67852783203125,2331700
2007-05-22,548.7999877929688,553.2999877929688,545.2000122070312,550.7999877929688,450.64202880859375,2128000
2007-05-23,551.2000122070312,555.2999877929688,548.5,550.0999755859375,450.06927490234375,1896900
2007-05-24,552.4000244140625,555.2000122070312,547.4000244140625,549.2999877929688,449.4149169921875,2243100
2007-05-25,549.5999755859375,551.5999755859375,544.7999877929688,551.2000122070312,450.969482421875,1353800
2007-05-29,554.2000122070312,554.2000122070312,546.2000122070312,549.0999755859375,449.25103759765625,1592000
2007-05-30,547.7000122070312,552.4000244140625,545.5,552.0,451.6237487792969,1420000
2007-05-31,551.0999755859375,552.0,543.0999755859375,544.9000244140625,445.81494140625,1954200
2007-06-01,546.7000122070312,547.5,542.7999877929688,545.0999755859375,445.9783935546875,1736400
2007-06-04,544.4000244140625,544.4000244140625,539.5,541.5,443.03314208984375,1571900
2007-06-05,541.0,541.4000244140625,536.7000122070312,539.0,440.9877624511719,1443500
2007-06-06,536.0999755859375,539.0,531.0,533.2999877929688,436.3241882324219,1939600
2007-06-07,532.5,537.5,524.7000122070312,525.2000122070312,429.6971130371094,2253700
2007-06-08,525.2000122070312,533.7000122070312,523.0,533.2999877929688,436.3241882324219,2264200
2007-06-11,532.0,537.7000122070312,528.0999755859375,534.7000122070312,437.4696960449219,1458100
2007-06-12,533.0,537.4000244140625,526.0,526.0,430.3516845703125,2056300
2007-06-13,528.0999755859375,537.2999877929688,527.5,536.7999877929688,439.1877746582031,2318400
2007-06-14,536.0999755859375,542.2000122070312,535.7000122070312,536.7000122070312,439.1060485839844,1718300
2007-06-15,540.2000122070312,543.2000122070312,537.2000122070312,539.7999877929688,441.6421813964844,2697000
2007-06-18,543.2999877929688,544.9000244140625,539.5,539.5999755859375,441.47857666015625,1204700
2007-06-19,539.5999755859375,543.9000244140625,539.5,542.5999755859375,443.93310546875,1825600
2007-06-20,542.9000244140625,544.2999877929688,534.0999755859375,534.4000244140625,437.2242126464844,1818900
2007-06-21,534.2999877929688,536.7000122070312,527.0999755859375,536.5999755859375,439.0240478515625,1662800
2007-06-22,533.5999755859375,536.0,523.0,524.0999755859375,428.79718017578125,3361100
2007-06-25,526.5999755859375,529.0,515.4000244140625,516.9000244140625,422.9064636230469,2561000
2007-06-26,519.2999877929688,522.0999755859375,511.20001220703125,511.5,418.48834228515625,2896400
2007-06-27,509.6000061035156,519.0,504.79998779296875,518.0999755859375,423.8881530761719,3066300
2007-06-28,520.2000122070312,523.7000122070312,512.2999877929688,518.0999755859375,423.8881530761719,2368200
2007-06-29,521.0,522.5,507.6000061035156,512.9000244140625,419.63372802734375,2657800
2007-07-02,513.0,517.5,510.1000061035156,516.4000244140625,422.49737548828125,1806000
2007-07-03,519.2000122070312,522.2999877929688,515.7999877929688,518.5999755859375,424.2971496582031,1005100
2007-07-05,518.5999755859375,520.0,513.7000122070312,515.0,421.3519287109375,1353800
2007-07-06,517.7000122070312,518.0,514.0999755859375,517.0,422.98828125,1259600
2007-07-09,515.2999877929688,518.5999755859375,515.0,516.0,422.1701354980469,1789500
2007-07-10,512.7000122070312,513.5999755859375,507.70001220703125,510.0,417.2611389160156,3372800
2007-07-11,509.70001220703125,515.2000122070312,508.0,514.0999755859375,420.6155090332031,2518900
2007-07-12,515.5,529.0999755859375,514.0999755859375,528.4000244140625,432.3153381347656,3078700
2007-07-13,525.5,528.7999877929688,522.7999877929688,525.2000122070312,429.6971130371094,2035300
2007-07-16,526.7000122070312,529.7000122070312,520.7999877929688,521.9000244140625,426.9972839355469,1909200
2007-07-17,523.0,529.2999877929688,521.2999877929688,524.5999755859375,429.20623779296875,2332100
2007-07-18,519.2999877929688,524.0,506.8999938964844,516.0,422.1701354980469,3645300
2007-07-19,516.0,521.2999877929688,508.29998779296875,511.29998779296875,418.3246765136719,2898500
2007-07-20,514.4000244140625,521.7999877929688,501.5,507.29998779296875,415.05206298828125,4763000
2007-07-23,509.1000061035156,513.0999755859375,507.3999938964844,508.6000061035156,416.1157531738281,2389900
2007-07-24,503.3999938964844,504.79998779296875,489.6000061035156,493.1000061035156,403.43438720703125,4597500
2007-07-25,496.8999938964844,500.5,484.79998779296875,492.1000061035156,402.6161193847656,4441400
2007-07-26,484.8999938964844,486.79998779296875,465.0,478.1000061035156,391.161865234375,7731600
2007-07-27,477.1000061035156,481.8999938964844,467.1000061035156,469.70001220703125,384.2893371582031,5591700
2007-07-30,473.20001220703125,476.5,467.0,471.8999938964844,386.0892333984375,4024800
2007-07-31,475.70001220703125,482.6000061035156,465.0,465.70001220703125,381.0167236328125,4678800
2007-08-01,464.0,471.3999938964844,456.29998779296875,468.5,383.3074645996094,6073700
2007-08-02,467.5,472.79998779296875,464.8999938964844,472.3999938964844,391.0050964355469,4127100
2007-08-03,471.6000061035156,475.8999938964844,456.8999938964844,457.20001220703125,378.42413330078125,4812400
2007-08-06,459.0,485.0,450.20001220703125,483.5,400.19268798828125,6282300
2007-08-07,479.29998779296875,494.0,474.20001220703125,485.8999938964844,402.1791076660156,5700000
2007-08-08,487.6000061035156,498.79998779296875,481.70001220703125,494.8999938964844,409.6283264160156,5397200
2007-08-09,478.1000061035156,487.1000061035156,469.0,469.0,388.1908874511719,6659700
2007-08-10,457.8999938964844,475.0,457.5,470.0,389.0186462402344,5158700
2007-08-13,477.3999938964844,479.1000061035156,464.3999938964844,465.3999938964844,385.21124267578125,3450000
2007-08-14,466.5,468.29998779296875,455.20001220703125,456.6000061035156,377.9273986816406,3882600
2007-08-15,455.79998779296875,465.0,452.0,456.1000061035156,377.5137023925781,4611500
2007-08-16,450.70001220703125,483.29998779296875,446.6000061035156,475.5,393.5710144042969,10234200
2007-08-17,499.0,499.0,473.8999938964844,488.1000061035156,404.0,8496900
2007-08-20,490.0,491.79998779296875,477.0,483.8999938964844,400.52362060546875,3861900
2007-08-21,481.5,488.29998779296875,478.0,480.6000061035156,397.792236328125,3366300
2007-08-22,485.0,487.70001220703125,475.0,484.29998779296875,400.85467529296875,4091000
2007-08-23,488.0,490.0,479.5,483.5,400.19268798828125,2579800
2007-08-24,483.6000061035156,486.20001220703125,478.6000061035156,485.0,401.43408203125,2356200
2007-08-27,483.29998779296875,483.79998779296875,477.0,477.8999938964844,395.5573425292969,2031500
2007-08-28,472.5,472.6000061035156,461.0,461.3999938964844,381.9004821777344,3899700
2007-08-29,464.0,470.0,458.5,469.5,388.60479736328125,2945400
2007-08-30,466.5,467.3999938964844,460.0,462.29998779296875,382.6454162597656,3006800
2007-08-31,470.79998779296875,471.70001220703125,464.1000061035156,468.79998779296875,388.0252990722656,2721100
2007-09-04,469.6000061035156,475.6000061035156,465.0,472.1000061035156,390.75677490234375,2628600
2007-09-05,466.79998779296875,466.79998779296875,458.70001220703125,460.0,380.74169921875,3525000
2007-09-06,461.6000061035156,463.8999938964844,455.29998779296875,456.6000061035156,377.9273986816406,2703900
2007-09-07,452.20001220703125,460.5,450.70001220703125,454.79998779296875,376.4375915527344,4056600
2007-09-10,457.0,458.29998779296875,448.29998779296875,453.0,374.9477844238281,3173600
2007-09-11,455.3999938964844,463.3999938964844,454.5,460.1000061035156,380.824462890625,3169300
2007-09-12,458.8999938964844,462.0,455.0,457.6000061035156,378.75518798828125,2887500
2007-09-13,459.8999938964844,465.70001220703125,459.1000061035156,463.6000061035156,383.7213439941406,2883400
2007-09-14,459.5,466.8999938964844,459.20001220703125,466.3999938964844,386.0389099121094,2864600
2007-09-17,465.0,465.20001220703125,456.5,460.29998779296875,380.989990234375,2345800
2007-09-18,464.79998779296875,485.20001220703125,460.5,483.70001220703125,400.358154296875,4932500
2007-09-19,486.70001220703125,490.0,477.29998779296875,482.70001220703125,399.5303955078125,4179400
2007-09-20,483.6000061035156,484.70001220703125,470.20001220703125,472.0,390.674072265625,3358400
2007-09-21,475.79998779296875,477.0,469.29998779296875,475.1000061035156,393.23980712890625,3810900
2007-09-24,475.0,475.5,464.1000061035156,465.8999938964844,385.6250305175781,3798800
2007-09-25,463.29998779296875,465.6000061035156,459.6000061035156,463.1000061035156,383.30755615234375,3223100
2007-09-26,463.6000061035156,470.20001220703125,460.1000061035156,465.5,385.29400634765625,3472100
2007-09-27,468.3999938964844,468.8999938964844,464.20001220703125,468.79998779296875,388.0252990722656,2713700
2007-09-28,468.6000061035156,471.79998779296875,465.0,466.70001220703125,386.2872009277344,2098300
2007-10-01,458.8999938964844,482.29998779296875,458.6000061035156,477.20001220703125,394.9779968261719,5676400
2007-10-02,478.29998779296875,480.0,472.79998779296875,478.6000061035156,396.1368713378906,3301600
2007-10-03,477.5,482.5,476.5,478.8999938964844,396.3851623535156,3408900
2007-10-04,480.3999938964844,484.5,474.0,476.29998779296875,394.233154296875,3565800
2007-10-05,478.5,487.70001220703125,478.1000061035156,483.0,399.77880859375,3702900
2007-10-08,482.70001220703125,482.79998779296875,475.79998779296875,478.0,395.64019775390625,1854800
2007-10-09,479.5,479.5,468.0,476.20001220703125,394.1503601074219,4072800
2007-10-10,473.0,473.79998779296875,467.70001220703125,471.3999938964844,390.17742919921875,2914300
2007-10-11,473.1000061035156,489.5,471.29998779296875,483.20001220703125,399.94427490234375,6485400
2007-10-12,478.3999938964844,488.29998779296875,473.3999938964844,478.70001220703125,396.21954345703125,4383000
2007-10-15,470.70001220703125,484.5,456.8999938964844,462.3999938964844,382.7281494140625,7719500
2007-10-16,459.0,462.3999938964844,446.79998779296875,447.8999938964844,370.7264404296875,6428600
2007-10-17,451.29998779296875,453.0,438.5,446.6000061035156,369.6505126953125,11455400
2007-10-18,440.8999938964844,444.20001220703125,437.5,438.29998779296875,362.7806091308594,5730000
2007-10-19,437.0,440.5,422.8999938964844,423.6000061035156,350.6134033203125,6995600
2007-10-22,421.0,432.3999938964844,420.70001220703125,426.1000061035156,352.68267822265625,5893100
2007-10-23,429.0,429.5,421.29998779296875,424.3999938964844,351.2755126953125,4364800
2007-10-24,422.1000061035156,428.1000061035156,411.5,418.20001220703125,346.1438293457031,7104000
2007-10-25,417.5,422.70001220703125,404.3999938964844,412.29998779296875,341.2604064941406,6090200
2007-10-26,422.79998779296875,427.79998779296875,415.1000061035156,426.29998779296875,352.8481750488281,5475800
2007-10-29,428.3999938964844,431.1000061035156,425.0,426.8999938964844,353.34478759765625,3418300
2007-10-30,425.0,428.20001220703125,418.1000061035156,421.1000061035156,348.544189453125,3893900
2007-10-31,422.5,424.70001220703125,414.0,419.0,346.805908203125,7346300
2007-11-01,386.20001220703125,409.0,381.29998779296875,385.1000061035156,322.9085998535156,17147400
2007-11-02,387.29998779296875,389.0,365.20001220703125,377.29998779296875,316.3681640625,13870800
2007-11-05,360.0,369.8999938964844,350.0,359.0,301.0235595703125,23018900
2007-11-06,360.3999938964844,363.3999938964844,345.20001220703125,350.79998779296875,294.1477355957031,15170500
2007-11-07,346.0,353.6000061035156,333.79998779296875,334.1000061035156,280.144775390625,12075200
2007-11-08,338.0,340.0,310.5,329.0,275.8683776855469,19427100
2007-11-09,321.0,344.70001220703125,316.0,331.0,277.54534912109375,15395400
2007-11-12,335.8999938964844,350.6000061035156,333.0,335.70001220703125,281.4863586425781,11060600
2007-11-13,345.70001220703125,360.0,342.1000061035156,359.0,301.0235595703125,10571100
2007-11-14,374.1000061035156,375.0,359.3999938964844,360.3999938964844,302.1974182128906,11644700
2007-11-15,357.5,358.0,342.1000061035156,345.79998779296875,289.955322265625,8268600
2007-11-16,348.0,348.79998779296875,334.5,340.0,285.09197998046875,7969500
2007-11-19,328.5,331.70001220703125,319.0,320.0,268.3218078613281,9815000
2007-11-20,319.0,327.5,308.0,314.0,263.29083251953125,12758100
2007-11-21,309.29998779296875,315.5,305.0,307.29998779296875,257.67279052734375,9203500
2007-11-23,313.0,317.0,310.1000061035156,317.0,265.80645751953125,3847500
2007-11-26,316.0,317.70001220703125,297.5,307.0,257.4212951660156,11085700
2007-11-27,308.1000061035156,309.5,296.0,303.20001220703125,254.23489379882812,19314100
2007-11-28,310.20001220703125,328.70001220703125,310.20001220703125,322.8999938964844,270.7535400390625,13887400
2007-11-29,323.0,324.6000061035156,318.0,322.8999938964844,270.7535400390625,7092000
2007-11-30,340.5,343.0,330.0,333.0,279.2224426269531,9452600
2007-12-03,333.0,333.5,327.1000061035156,330.6000061035156,277.2100524902344,5565500
2007-12-04,325.6000061035156,330.70001220703125,320.0,325.5,272.93365478515625,6470500
2007-12-05,328.20001220703125,337.5,327.20001220703125,336.8999938964844,282.4925537109375,6632700
2007-12-06,335.5,344.20001220703125,335.5,343.5,288.0267639160156,5486900
2007-12-07,344.79998779296875,346.20001220703125,335.5,343.1000061035156,287.69140625,5342300
2007-12-10,344.3999938964844,352.29998779296875,343.5,347.70001220703125,291.54852294921875,5731200
2007-12-11,348.8999938964844,352.8999938964844,331.29998779296875,332.29998779296875,278.6353454589844,8569700
2007-12-12,339.29998779296875,341.0,306.0,314.70001220703125,263.8778076171875,17796600
2007-12-13,311.0,313.20001220703125,302.70001220703125,310.1000061035156,260.0206604003906,9543200
2007-12-14,306.3999938964844,320.5,302.70001220703125,307.0,257.4212951660156,10543300
2007-12-17,301.79998779296875,313.20001220703125,301.1000061035156,307.70001220703125,258.0081787109375,8684000
2007-12-18,312.20001220703125,313.79998779296875,299.20001220703125,303.79998779296875,254.73805236816406,8157800
2007-12-19,305.20001220703125,311.1000061035156,300.6000061035156,302.1000061035156,253.31260681152344,7530300
2007-12-20,304.5,304.5,293.3999938964844,298.8999938964844,250.6293487548828,9249900
2007-12-21,303.1000061035156,305.20001220703125,299.8999938964844,302.3999938964844,253.56417846679688,8559100
2007-12-24,303.1000061035156,311.3999938964844,303.0,309.79998779296875,259.76904296875,3172400
2007-12-26,308.0,309.5,302.6000061035156,304.5,255.32501220703125,4065300
2007-12-27,297.20001220703125,300.6000061035156,294.79998779296875,295.6000061035156,247.86231994628906,6152700
2007-12-28,297.79998779296875,298.3999938964844,290.29998779296875,292.8999938964844,245.5984344482422,5748300
2007-12-31,291.3999938964844,296.8999938964844,288.0,294.3999938964844,246.85610961914062,6542000
2008-01-02,297.29998779296875,298.8999938964844,288.5,289.20001220703125,242.49594116210938,6214600
2008-01-03,292.20001220703125,293.8999938964844,288.8999938964844,289.29998779296875,242.57968139648438,5965700
2008-01-04,286.1000061035156,290.29998779296875,280.3999938964844,282.3999938964844,236.79400634765625,7545400
2008-01-07,283.3999938964844,287.6000061035156,279.29998779296875,282.6000061035156,236.9617462158203,6891800
2008-01-08,284.6000061035156,287.0,270.1000061035156,271.3999938964844,227.5705108642578,9998900
2008-01-09,271.5,276.0,265.0,274.8999938964844,230.5052032470703,10781000
2008-01-10,269.79998779296875,285.70001220703125,269.20001220703125,281.1000061035156,235.7040557861328,10559500
2008-01-11,278.8999938964844,292.70001220703125,276.0,285.6000061035156,239.4772491455078,8894600
2008-01-14,289.5,291.79998779296875,283.79998779296875,290.6000061035156,243.6697540283203,9431500
2008-01-15,282.6000061035156,283.6000061035156,267.1000061035156,269.3999938964844,225.8935089111328,22078200
2008-01-16,270.0,272.29998779296875,259.0,262.3999938964844,220.02398681640625,19821400
2008-01-17,265.20001220703125,275.70001220703125,246.0,249.60000610351562,209.29100036621094,23219400
2008-01-18,245.3000030517578,251.5,239.1999969482422,244.5,205.01466369628906,19718700
2008-01-22,223.60000610351562,253.8000030517578,223.60000610351562,244.0,204.59542846679688,21079600
2008-01-23,239.8000030517578,269.0,236.8000030517578,263.6000061035156,221.03018188476562,18963400
2008-01-24,268.0,274.79998779296875,265.0,273.29998779296875,229.1636199951172,13578500
2008-01-25,280.0,281.0,260.79998779296875,266.3999938964844,223.3779296875,11031600
2008-01-28,264.29998779296875,276.70001220703125,261.5,276.5,231.84695434570312,8367200
2008-01-29,279.0,283.70001220703125,275.0,279.1000061035156,234.02696228027344,8165400
2008-01-30,276.8999938964844,291.29998779296875,272.8999938964844,278.79998779296875,233.7754364013672,13495700
2008-01-31,270.0,287.0,264.5,281.70001220703125,238.9496307373047,13862000
2008-02-01,282.79998779296875,297.29998779296875,282.70001220703125,296.8999938964844,251.84288024902344,12037600
2008-02-04,293.3999938964844,295.3999938964844,289.1000061035156,292.20001220703125,247.8562469482422,8475900
2008-02-05,286.5,287.0,270.1000061035156,270.5,229.44937133789062,10920200
2008-02-06,273.1000061035156,277.1000061035156,267.3999938964844,269.20001220703125,228.3467254638672,7369500
2008-02-07,267.5,272.3999938964844,263.1000061035156,267.0,226.48048400878906,10720300
2008-02-08,266.1000061035156,266.3999938964844,257.1000061035156,260.29998779296875,220.79725646972656,8185800
2008-02-11,262.29998779296875,262.3999938964844,253.8000030517578,258.1000061035156,218.93115234375,7130400
2008-02-12,261.5,268.0,259.20001220703125,262.1000061035156,222.3241729736328,8506500
2008-02-13,265.79998779296875,267.8999938964844,256.5,263.3999938964844,223.42684936523438,10378800
2008-02-14,261.8999938964844,263.70001220703125,257.0,257.3999938964844,218.33738708496094,6563000
2008-02-15,254.89999389648438,259.6000061035156,250.0,254.8000030517578,216.13194274902344,8737600
2008-02-19,258.29998779296875,259.3999938964844,251.60000610351562,253.1999969482422,214.77479553222656,6995500
2008-02-20,251.10000610351562,259.0,244.8000030517578,254.89999389648438,216.21678161621094,7415600
2008-02-21,256.29998779296875,258.6000061035156,250.0,250.5,212.48452758789062,7836500
2008-02-22,250.89999389648438,251.6999969482422,242.60000610351562,251.1999969482422,213.0782928466797,8675300
2008-02-25,246.5,249.89999389648438,241.5,247.39999389648438,209.85498046875,12003200
2008-02-26,244.60000610351562,254.6999969482422,244.0,249.5,211.6363067626953,10763900
2008-02-27,247.0,260.0,246.6999969482422,257.20001220703125,218.16775512695312,8775700
2008-02-28,254.60000610351562,256.0,249.1999969482422,250.10000610351562,212.14524841308594,6221600
2008-02-29,246.60000610351562,247.3000030517578,234.89999389648438,237.10000610351562,201.11814880371094,10000400
2008-03-03,237.1999969482422,237.1999969482422,228.0,230.89999389648438,195.8589630126953,10214300
2008-03-04,222.3000030517578,225.0,212.3000030517578,221.0,187.46144104003906,18768100
2008-03-05,223.1999969482422,226.1999969482422,218.8000030517578,221.5,187.8855438232422,11233400
2008-03-06,219.5,219.5,210.8000030517578,211.6999969482422,179.57272338867188,8697200
2008-03-07,207.5,216.89999389648438,204.0,209.10000610351562,177.36734008789062,10073700
2008-03-10,209.6999969482422,211.10000610351562,196.89999389648438,196.89999389648438,167.01876831054688,11678500
2008-03-11,209.0,215.60000610351562,203.0,214.89999389648438,182.287109375,13736600
2008-03-12,216.3000030517578,226.8000030517578,211.10000610351562,212.10000610351562,179.9120635986328,12005700
2008-03-13,206.89999389648438,213.0,200.39999389648438,210.6999969482422,178.72454833984375,13799000
2008-03-14,214.6999969482422,215.8000030517578,195.39999389648438,197.8000030517578,167.78216552734375,16764200
2008-03-17,182.5,193.3000030517578,179.89999389648438,186.1999969482422,157.9425811767578,18154600
2008-03-18,198.39999389648438,207.5,192.1999969482422,207.10000610351562,175.67083740234375,15244300
2008-03-19,210.0,216.5,202.10000610351562,204.10000610351562,173.1260986328125,13711600
2008-03-20,207.1999969482422,226.39999389648438,206.1999969482422,225.0,190.85440063476562,18090600
2008-03-24,229.60000610351562,243.60000610351562,228.39999389648438,232.6999969482422,197.3858642578125,12883500
2008-03-25,230.89999389648438,238.5,230.89999389648438,234.1999969482422,198.65821838378906,9192600
2008-03-26,226.39999389648438,228.0,218.6999969482422,220.5,187.03729248046875,12323100
2008-03-27,221.3000030517578,224.1999969482422,215.10000610351562,217.89999389648438,184.8318634033203,10665300
2008-03-28,218.60000610351562,219.6999969482422,207.0,208.3000030517578,176.68875122070312,8504300
2008-03-31,208.0,215.89999389648438,204.1999969482422,214.1999969482422,181.693359375,8964100
2008-04-01,226.10000610351562,238.8000030517578,225.8000030517578,238.39999389648438,202.22084045410156,13529100
2008-04-02,240.5,250.5,238.0,240.1999969482422,203.74765014648438,15337300
2008-04-03,237.0,247.39999389648438,235.60000610351562,243.60000610351562,206.6316680908203,7650600
2008-04-04,244.39999389648438,245.0,235.1999969482422,240.8000030517578,204.25660705566406,7337000
2008-04-07,248.5,251.89999389648438,243.89999389648438,246.0,208.66744995117188,8925000
2008-04-08,243.10000610351562,243.60000610351562,235.10000610351562,237.60000610351562,201.5421905517578,7866900
2008-04-09,241.10000610351562,243.0,235.39999389648438,235.8000030517578,200.01536560058594,8466100
2008-04-10,235.10000610351562,240.6999969482422,231.0,237.10000610351562,201.11814880371094,7752800
2008-04-11,232.89999389648438,243.1999969482422,232.5,233.60000610351562,198.1492462158203,6947500
2008-04-14,231.3000030517578,231.5,221.8000030517578,225.10000610351562,190.93919372558594,7969200
2008-04-15,227.8000030517578,230.10000610351562,224.6999969482422,228.0,193.3990936279297,5511900
2008-04-16,234.0,236.5,229.0,234.39999389648438,198.8278045654297,7262300
2008-04-17,230.5,243.60000610351562,229.60000610351562,240.3000030517578,203.83245849609375,8057300
2008-04-18,257.29998779296875,260.0,250.3000030517578,251.10000610351562,212.99351501464844,14507700
2008-04-21,248.1999969482422,251.0,242.3000030517578,250.3000030517578,212.31488037109375,6733500
2008-04-22,250.39999389648438,253.1999969482422,246.3000030517578,251.1999969482422,213.0782928466797,6071000
2008-04-23,250.6999969482422,253.5,244.8000030517578,246.3000030517578,208.92190551757812,6873300
2008-04-24,247.0,261.70001220703125,246.89999389648438,257.6000061035156,218.50706481933594,8548800
2008-04-25,262.0,266.5,258.1000061035156,266.0,225.63229370117188,9738800
2008-04-28,267.0,273.5,265.20001220703125,268.1000061035156,227.41371154785156,7506400
2008-04-29,268.0,271.79998779296875,262.6000061035156,263.20001220703125,223.25726318359375,5772800
2008-04-30,255.10000610351562,258.79998779296875,252.5,252.6999969482422,214.3506622314453,14899700
2008-05-01,252.3000030517578,262.0,251.5,259.8999938964844,223.28555297851562,8451400
2008-05-02,268.20001220703125,270.0,262.3999938964844,263.8999938964844,226.7220001220703,7742000
2008-05-05,264.0,264.3999938964844,257.1000061035156,257.5,221.22366333007812,6301300
2008-05-06,255.0,261.5,250.5,258.70001220703125,222.2545928955078,7915900
2008-05-07,260.29998779296875,260.8999938964844,242.60000610351562,244.8000030517578,210.3127899169922,8845600
2008-05-08,247.6999969482422,248.0,240.0,243.0,208.76641845703125,7901500
2008-05-09,244.10000610351562,246.5,235.39999389648438,236.3000030517578,203.0102996826172,8607600
2008-05-12,237.1999969482422,240.89999389648438,233.60000610351562,236.39999389648438,203.09620666503906,6880400
2008-05-13,237.0,238.8000030517578,229.1999969482422,230.3000030517578,197.8555145263672,6703800
2008-05-14,232.10000610351562,233.5,229.3000030517578,232.5,199.7456512451172,6436000
2008-05-15,232.89999389648438,237.39999389648438,230.0,237.3000030517578,203.8694305419922,7078400
2008-05-16,238.10000610351562,238.10000610351562,230.8000030517578,231.1999969482422,198.62876892089844,6731600
2008-05-19,232.1999969482422,235.3000030517578,228.6999969482422,229.89999389648438,197.5119171142578,5895800
2008-05-20,228.0,228.5,220.10000610351562,221.10000610351562,189.95167541503906,8973900
2008-05-21,221.3000030517578,222.8000030517578,210.10000610351562,210.60000610351562,180.930908203125,11344900
2008-05-22,212.5,218.89999389648438,211.3000030517578,217.1999969482422,186.60105895996094,9170000
2008-05-23,217.5,217.89999389648438,210.8000030517578,211.1999969482422,181.4463348388672,6554800
2008-05-27,212.39999389648438,217.8000030517578,212.0,216.60000610351562,186.0855712890625,6872700
2008-05-28,220.39999389648438,220.89999389648438,211.1999969482422,216.0,185.5701141357422,7037300
2008-05-29,215.3000030517578,222.5,215.1999969482422,220.39999389648438,189.35023498535156,7268600
2008-05-30,222.6999969482422,224.1999969482422,218.60000610351562,218.89999389648438,188.0615692138672,5354900
2008-06-02,217.0,218.60000610351562,210.0,214.60000610351562,184.3673095703125,6272600
2008-06-03,216.39999389648438,217.60000610351562,210.3000030517578,214.1999969482422,184.02371215820312,7202800
2008-06-04,213.5,218.39999389648438,208.39999389648438,210.8000030517578,181.10269165039062,9114500
2008-06-05,212.89999389648438,216.60000610351562,209.0,212.1999969482422,182.30545043945312,8783600
2008-06-06,210.39999389648438,210.39999389648438,200.0,200.60000610351562,172.3396759033203,11425000
2008-06-09,201.5,203.0,194.0,196.0,168.38766479492188,11079800
2008-06-10,195.0,205.39999389648438,194.89999389648438,202.60000610351562,174.0579071044922,9880000
2008-06-11,203.89999389648438,204.60000610351562,190.8000030517578,192.10000610351562,165.0371551513672,10889200
2008-06-12,194.8000030517578,202.3000030517578,194.5,198.89999389648438,170.87918090820312,9807600
2008-06-13,202.0,205.0,199.0,204.8000030517578,175.9479217529297,6811900
2008-06-16,204.10000610351562,214.89999389648438,203.8000030517578,208.3000030517578,178.95489501953125,7399800
2008-06-17,212.0,213.39999389648438,203.60000610351562,204.60000610351562,175.77613830566406,7084300
2008-06-18,201.3000030517578,207.3000030517578,198.1999969482422,204.0,175.26068115234375,8570300
2008-06-19,205.0,207.10000610351562,194.10000610351562,201.6999969482422,173.28468322753906,15174500
2008-06-20,197.39999389648438,199.10000610351562,190.0,193.0,165.81028747558594,15160300
2008-06-23,194.0,194.89999389648438,184.39999389648438,185.5,159.36691284179688,8781200
2008-06-24,185.5,192.60000610351562,183.3000030517578,188.5,161.9442596435547,9313500
2008-06-25,191.3000030517578,197.39999389648438,187.5,188.5,161.9442596435547,12029100
2008-06-26,180.60000610351562,181.6999969482422,175.3000030517578,176.6999969482422,151.8067169189453,17332100
2008-06-27,178.10000610351562,179.0,169.10000610351562,172.5,148.19834899902344,12647400
2008-06-30,171.89999389648438,173.1999969482422,165.8000030517578,167.60000610351562,143.98867797851562,12464700
2008-07-01,165.6999969482422,174.0,162.5,171.3000030517578,147.1674041748047,13829600
2008-07-02,172.6999969482422,175.8000030517578,167.89999389648438,168.39999389648438,144.6759490966797,8926000
2008-07-03,169.60000610351562,171.1999969482422,165.6999969482422,168.1999969482422,144.5041046142578,5799800
2008-07-07,170.5,173.3000030517578,158.0,164.0,140.8957977294922,11539100
2008-07-08,165.1999969482422,174.10000610351562,161.10000610351562,173.89999389648438,149.40110778808594,10540400
2008-07-09,174.60000610351562,177.39999389648438,163.8000030517578,164.39999389648438,141.23947143554688,10100000
2008-07-10,161.0,168.3000030517578,160.5,162.8000030517578,139.8649139404297,10426300
2008-07-11,158.60000610351562,167.8000030517578,157.5,161.89999389648438,139.09169006347656,13624300
2008-07-14,167.60000610351562,169.8000030517578,151.5,152.1999969482422,130.75820922851562,11873800
2008-07-15,149.89999389648438,157.39999389648438,140.10000610351562,145.60000610351562,125.08804321289062,18911800
2008-07-16,151.3000030517578,165.39999389648438,145.8000030517578,164.6999969482422,141.4971923828125,15887200
2008-07-17,171.5,184.6999969482422,170.5,179.6999969482422,154.384033203125,19573700
2008-07-18,198.0,204.8000030517578,189.1999969482422,193.5,166.2399139404297,21382400
2008-07-21,199.39999389648438,204.0,195.0,196.89999389648438,169.16087341308594,11700600
2008-07-22,190.39999389648438,209.89999389648438,188.0,208.89999389648438,179.47035217285156,13879600
2008-07-23,206.3000030517578,222.10000610351562,205.0,211.1999969482422,181.4463348388672,15657500
2008-07-24,211.1999969482422,213.5,190.60000610351562,190.60000610351562,163.7484588623047,11753700
2008-07-25,192.10000610351562,197.3000030517578,185.39999389648438,188.5,161.9442596435547,10217800
2008-07-28,188.1999969482422,190.6999969482422,172.3000030517578,174.3000030517578,149.74478149414062,12169000
2008-07-29,169.5,186.10000610351562,165.1999969482422,184.5,158.50782775878906,14725500
2008-07-30,189.0,196.1999969482422,180.39999389648438,188.10000610351562,161.6006317138672,10627900
2008-07-31,184.0,192.3000030517578,179.39999389648438,186.89999389648438,163.3485870361328,8496700
2008-08-01,189.5,190.6999969482422,181.0,188.6999969482422,164.9218292236328,8412700
2008-08-04,185.3000030517578,193.1999969482422,179.89999389648438,188.3000030517578,164.5721893310547,8680000
2008-08-05,193.6999969482422,200.1999969482422,191.0,199.1999969482422,174.09872436523438,9247800
2008-08-06,196.39999389648438,202.3000030517578,192.5,197.0,172.1759490966797,6739200
2008-08-07,192.89999389648438,196.8000030517578,183.3000030517578,184.6999969482422,161.4258575439453,10084500
2008-08-08,184.10000610351562,196.6999969482422,183.89999389648438,193.89999389648438,169.46653747558594,8209700
2008-08-11,192.39999389648438,205.0,192.10000610351562,198.1999969482422,173.22470092773438,7413100
2008-08-12,196.89999389648438,197.10000610351562,183.5,185.39999389648438,162.0376434326172,8300400
2008-08-13,184.1999969482422,184.1999969482422,174.3000030517578,178.10000610351562,155.65753173828125,9338300
2008-08-14,177.3000030517578,184.5,177.10000610351562,180.8000030517578,158.01730346679688,6408700
2008-08-15,183.60000610351562,187.5,181.89999389648438,185.5,162.12503051757812,6483200
2008-08-18,186.5,186.5,176.10000610351562,176.1999969482422,153.99693298339844,7440300
2008-08-19,175.6999969482422,176.6999969482422,170.1999969482422,171.89999389648438,150.23876953125,7837200
2008-08-20,172.0,175.1999969482422,168.5,174.89999389648438,152.86074829101562,8571700
2008-08-21,171.0,175.5,168.89999389648438,174.6999969482422,152.68594360351562,6095100
2008-08-22,180.1999969482422,182.39999389648438,176.89999389648438,181.39999389648438,158.5416717529297,6242400
2008-08-25,180.0,183.0,175.6999969482422,176.10000610351562,153.9095458984375,6156400
2008-08-26,177.3000030517578,180.39999389648438,175.3000030517578,178.39999389648438,155.91973876953125,5032100
2008-08-27,180.10000610351562,182.39999389648438,177.10000610351562,181.1999969482422,158.3668670654297,5632700
2008-08-28,184.6999969482422,190.89999389648438,182.60000610351562,190.8000030517578,166.75717163085938,8076000
2008-08-29,188.5,191.5,186.3000030517578,189.89999389648438,165.97061157226562,5246000
2008-09-02,196.3000030517578,198.1999969482422,188.8000030517578,191.10000610351562,167.0193634033203,7979000
2008-09-03,191.1999969482422,196.60000610351562,187.6999969482422,196.10000610351562,171.3893280029297,6362700
2008-09-04,193.0,194.6999969482422,182.10000610351562,183.0,159.94009399414062,8057300
2008-09-05,180.5,191.8000030517578,179.3000030517578,190.6999969482422,166.66976928710938,8401400
2008-09-08,208.39999389648438,209.5,195.0,203.1999969482422,177.59461975097656,17043000
2008-09-09,200.1999969482422,203.8000030517578,188.10000610351562,188.8000030517578,165.00921630859375,11634800
2008-09-10,191.60000610351562,192.39999389648438,181.8000030517578,186.8000030517578,163.26124572753906,9026000
2008-09-11,178.39999389648438,186.8000030517578,176.3000030517578,186.10000610351562,162.6494140625,13396600
2008-09-12,181.89999389648438,188.89999389648438,177.1999969482422,179.60000610351562,156.96849060058594,10991600
2008-09-15,163.89999389648438,176.8000030517578,147.0,152.39999389648438,133.1959686279297,26909700
2008-09-16,142.60000610351562,160.10000610351562,141.0,157.5,137.6533203125,25736700
2008-09-17,150.0,152.3000030517578,130.3000030517578,140.3000030517578,122.62071990966797,31223400
2008-09-18,146.3000030517578,174.0,128.5,166.5,145.5192413330078,34223900
2008-09-19,217.0,225.3000030517578,190.0,206.5,180.4788360595703,26540500
2008-09-22,199.60000610351562,205.60000610351562,195.0,200.10000610351562,174.88526916503906,11772100
2008-09-23,197.89999389648438,200.0,181.1999969482422,199.89999389648438,174.71054077148438,8501100
2008-09-24,200.0,200.0,188.0,189.60000610351562,165.70840454101562,8743300
2008-09-25,193.0,201.6999969482422,190.39999389648438,194.10000610351562,169.64132690429688,9354600
2008-09-26,183.5,204.1999969482422,181.5,201.5,176.10887145996094,11248600
2008-09-29,195.6999969482422,212.89999389648438,177.5,177.5,155.13307189941406,20118500
2008-09-30,190.89999389648438,211.6999969482422,189.39999389648438,205.10000610351562,179.25526428222656,11318400
2008-10-01,208.5,232.39999389648438,200.5,230.0,201.01759338378906,15699000
2008-10-02,231.60000610351562,235.0,220.0,225.0,196.6476593017578,10876500
2008-10-03,194.5,209.0,177.0,183.5,160.37704467773438,29571900
2008-10-06,172.3000030517578,181.1999969482422,161.0,174.10000610351562,152.16160583496094,15922100
2008-10-07,182.0,182.0,150.0,151.5,132.40940856933594,12775800
2008-10-08,145.89999389648438,162.89999389648438,140.5,144.0,125.85447692871094,15606300
2008-10-09,153.6999969482422,155.0,129.3000030517578,129.3000030517578,113.0068130493164,18930700
2008-10-10,120.4000015258789,148.0,120.0,141.10000610351562,123.31990051269531,26081600
2008-10-13,157.0,162.60000610351562,145.1999969482422,157.5,137.6533203125,16383300
2008-10-14,184.8000030517578,192.5,173.60000610351562,186.1999969482422,162.73681640625,25352200
2008-10-15,174.89999389648438,179.3000030517578,160.0,162.3000030517578,141.84848022460938,15327800
2008-10-16,160.10000610351562,168.8000030517578,146.5,159.0,138.9642791748047,17092700
2008-10-17,154.1999969482422,168.3000030517578,148.10000610351562,148.8000030517578,130.0496368408203,15737900
2008-10-20,151.8000030517578,154.0,146.89999389648438,150.89999389648438,131.885009765625,10724800
2008-10-21,145.39999389648438,148.0,136.39999389648438,141.8000030517578,123.93168640136719,17137800
2008-10-22,137.0,142.0,130.10000610351562,133.1999969482422,116.41539001464844,13714800
2008-10-23,132.0,136.0,125.0,131.10000610351562,114.58007049560547,14477900
2008-10-24,120.0,128.0,119.5,121.4000015258789,106.1023178100586,12844500
2008-10-27,121.0,127.5999984741211,116.5,117.30000305175781,102.51896667480469,12208900
2008-10-28,122.9000015258789,135.5,115.4000015258789,134.10000610351562,117.20199584960938,15088900
2008-10-29,132.5,139.60000610351562,127.9000015258789,129.10000610351562,112.83206176757812,13053100
2008-10-30,134.6999969482422,135.0,127.5999984741211,131.10000610351562,116.01790618896484,10086900
2008-10-31,129.3000030517578,138.1999969482422,128.8000030517578,136.5,120.7966079711914,9197000
2008-11-03,136.5,142.3000030517578,134.60000610351562,139.89999389648438,123.80552673339844,7104500
2008-11-04,144.1999969482422,148.10000610351562,143.10000610351562,146.8000030517578,129.9116973876953,8020500
2008-11-05,144.1999969482422,146.0,124.80000305175781,126.30000305175781,111.77008819580078,10737200
2008-11-06,124.80000305175781,130.6999969482422,113.0999984741211,115.19999694824219,101.94706726074219,15281200
2008-11-07,119.0,120.4000015258789,114.5,118.19999694824219,104.6019515991211,9972300
2008-11-10,122.0,122.80000305175781,110.5,112.0999984741211,99.20370483398438,8991200
2008-11-11,110.9000015258789,112.9000015258789,103.4000015258789,108.0,95.57537841796875,14035200
2008-11-12,106.30000305175781,110.5999984741211,95.19999694824219,96.4000015258789,85.30985260009766,16091600
2008-11-13,97.9000015258789,99.0,82.69999694824219,94.5,83.62847137451172,27693000
2008-11-14,97.5999984741211,101.0999984741211,87.9000015258789,95.19999694824219,84.2479248046875,28156900
2008-11-17,93.5999984741211,98.0999984741211,87.5,88.9000015258789,78.67266082763672,16755800
2008-11-18,89.5999984741211,89.9000015258789,78.9000015258789,83.5999984741211,73.9823989868164,21271800
2008-11-19,81.9000015258789,83.30000305175781,62.5,64.0,56.637264251708984,34145100
2008-11-20,61.29999923706055,63.5,43.900001525878906,47.099998474121094,41.68146896362305,72437300
2008-11-21,54.400001525878906,55.29999923706055,30.5,37.70000076293945,33.362892150878906,102772500
2008-11-24,61.20000076293945,65.0,52.5,59.5,52.65495681762695,80378300
2008-11-25,63.900001525878906,65.80000305175781,57.5,60.79999923706055,53.80539321899414,46312000
2008-11-26,61.70000076293945,73.9000015258789,60.79999923706055,70.5,62.389488220214844,38172000
2008-11-28,74.5,84.80000305175781,74.19999694824219,82.9000015258789,73.36294555664062,25077400
2008-12-01,79.0,79.19999694824219,63.400001525878906,64.5,57.07973861694336,31481200
2008-12-02,69.19999694824219,74.5999984741211,59.400001525878906,72.19999694824219,63.893898010253906,32692300
2008-12-03,68.69999694824219,78.4000015258789,66.80000305175781,78.19999694824219,69.20365142822266,31407200
2008-12-04,76.0999984741211,81.0,73.0,74.0,65.48681640625,25963500
2008-12-05,72.5,83.5999984741211,71.69999694824219,77.0999984741211,68.23017883300781,21521400
2008-12-08,82.30000305175781,86.30000305175781,80.19999694824219,84.69999694824219,74.95587921142578,22910900
2008-12-09,83.0,90.0,82.0,85.4000015258789,75.57533264160156,21702300
2008-12-10,87.30000305175781,88.30000305175781,80.5,83.0,73.45144653320312,16340000
2008-12-11,80.9000015258789,81.5,75.4000015258789,75.69999694824219,66.99125671386719,16549200
2008-12-12,70.69999694824219,78.5,69.69999694824219,77.0,68.14167785644531,14896100
2008-12-15,77.4000015258789,77.80000305175781,72.30000305175781,74.0,65.48681640625,10147200
2008-12-16,75.9000015258789,83.30000305175781,74.19999694824219,82.30000305175781,72.83195495605469,20492900
2008-12-17,81.0999984741211,82.0,78.0,78.30000305175781,69.29212951660156,15419000
2008-12-18,80.0,80.5,73.69999694824219,74.30000305175781,65.7522964477539,11149600
2008-12-19,74.4000015258789,75.0999984741211,69.0999984741211,70.19999694824219,62.12400436401367,20240200
2008-12-22,71.5,72.5,65.4000015258789,67.5,59.7346076965332,13533200
2008-12-23,68.9000015258789,69.19999694824219,65.0999984741211,65.19999694824219,57.699195861816406,10685800
2008-12-24,65.5,68.0,65.30000305175781,67.80000305175781,60.000091552734375,3998000
2008-12-26,68.4000015258789,70.30000305175781,66.69999694824219,67.30000305175781,59.5576286315918,4805800
2008-12-29,68.30000305175781,68.5,65.0999984741211,65.69999694824219,58.14168167114258,6103500
2008-12-30,66.5999984741211,68.19999694824219,65.30000305175781,68.0,60.17707061767578,7337200
2008-12-31,67.19999694824219,70.4000015258789,66.19999694824219,67.0999984741211,59.3806266784668,9255800
2009-01-02,68.69999694824219,71.5999984741211,67.5,71.4000015258789,63.18593978881836,10470700
2009-01-05,71.19999694824219,75.0,70.30000305175781,70.80000305175781,62.65496826171875,12818400
2009-01-06,72.9000015258789,75.9000015258789,72.80000305175781,74.5999984741211,66.01780700683594,11249800
2009-01-07,72.19999694824219,74.4000015258789,70.80000305175781,71.5,63.274436950683594,10528700
2009-01-08,71.0,73.4000015258789,69.80000305175781,71.5999984741211,63.362918853759766,10532500
2009-01-09,72.69999694824219,72.9000015258789,66.5999984741211,67.5,59.7346076965332,14024800
2009-01-12,65.4000015258789,65.5,53.70000076293945,56.0,49.557613372802734,29449600
2009-01-13,51.79999923706055,59.599998474121094,50.599998474121094,59.0,52.21248245239258,27389700
2009-01-14,50.20000076293945,52.0,44.400001525878906,45.29999923706055,40.08855056762695,51309100
2009-01-15,46.400001525878906,46.400001525878906,33.599998474121094,38.29999923706055,33.893856048583984,63453400
2009-01-16,42.20000076293945,44.79999923706055,34.400001525878906,35.0,30.97350311279297,42653100
2009-01-20,34.5,35.79999923706055,28.0,28.0,24.778806686401367,38431100
2009-01-21,31.200000762939453,36.70000076293945,29.700000762939453,36.70000076293945,32.47792434692383,31235300
2009-01-22,34.20000076293945,35.20000076293945,30.100000381469727,31.100000381469727,27.522165298461914,29362700
2009-01-23,30.0,35.79999923706055,29.799999237060547,34.70000076293945,30.70801544189453,26644600
2009-01-26,36.70000076293945,37.5,33.0,33.29999923706055,29.469070434570312,21284600
2009-01-27,34.900001525878906,36.400001525878906,33.29999923706055,35.5,31.41596794128418,17714200
2009-01-28,42.900001525878906,43.29999923706055,40.400001525878906,42.099998474121094,37.25669479370117,37601000
2009-01-29,39.900001525878906,40.900001525878906,39.0,39.0,34.59551239013672,16636000
2009-01-30,39.900001525878906,39.900001525878906,35.5,35.5,31.49077796936035,19739800
2009-02-02,33.900001525878906,37.20000076293945,33.20000076293945,36.5,32.377845764160156,17009300
2009-02-03,38.5,38.5,31.200000762939453,34.599998474121094,30.692424774169922,16658200
2009-02-04,35.5,38.20000076293945,34.5,34.900001525878906,30.95854949951172,18493500
2009-02-05,34.599998474121094,37.20000076293945,32.0,35.29999923706055,31.313356399536133,21841400
2009-02-06,31.799999237060547,40.70000076293945,31.799999237060547,39.099998474121094,34.684207916259766,26148300
2009-02-09,40.599998474121094,41.0,38.70000076293945,39.5,35.03902816772461,17448200
2009-02-10,40.099998474121094,40.29999923706055,32.599998474121094,33.5,29.716651916503906,29657600
2009-02-11,35.70000076293945,36.900001525878906,33.79999923706055,36.900001525878906,32.7326774597168,15698200
2009-02-12,35.099998474121094,36.599998474121094,34.099998474121094,36.099998474121094,32.02301788330078,13235700
2009-02-13,35.20000076293945,37.20000076293945,34.900001525878906,34.900001525878906,30.95854949951172,13606700
2009-02-17,32.5,33.099998474121094,30.600000381469727,30.600000381469727,27.144163131713867,19249800
2009-02-18,31.799999237060547,32.0,28.5,29.100000381469727,25.813562393188477,18635600
2009-02-19,30.0,30.100000381469727,25.0,25.100000381469727,22.26531410217285,23114100
2009-02-20,22.0,23.299999237060547,16.100000381469727,19.5,17.29775619506836,61771000
2009-02-23,23.600000381469727,24.799999237060547,20.600000381469727,21.399999618530273,18.98317527770996,38826800
2009-02-24,22.799999237060547,26.0,20.600000381469727,26.0,23.063669204711914,36277100
2009-02-25,26.899999618530273,29.5,21.600000381469727,25.200000762939453,22.354021072387695,43757800
2009-02-26,27.299999237060547,28.299999237060547,23.5,24.600000381469727,21.821779251098633,26164000
2009-02-27,15.600000381469727,19.299999237060547,14.0,15.0,13.305963516235352,186820900
2009-03-02,15.0,16.0,11.5,12.0,10.64477252960205,107799600
2009-03-03,13.199999809265137,13.899999618530273,12.100000381469727,12.199999809265137,10.822182655334473,51618500
2009-03-04,13.0,13.100000381469727,11.100000381469727,11.300000190734863,10.023825645446777,48175500
2009-03-05,11.0,11.100000381469727,9.699999809265137,10.199999809265137,9.048055648803711,57908500
2009-03-06,10.600000381469727,10.800000190734863,10.0,10.300000190734863,9.136759757995605,41521800
2009-03-09,10.199999809265137,10.699999809265137,9.899999618530273,10.5,9.314173698425293,24061700
2009-03-10,12.399999618530273,14.5,10.5,14.5,12.862430572509766,111511600
2009-03-11,16.700000762939453,17.200000762939453,14.600000381469727,15.399999618530273,13.660792350769043,86438900
2009-03-12,15.399999618530273,16.700000762939453,14.800000190734863,16.700000762939453,14.813974380493164,51990900
2009-03-13,18.299999237060547,18.899999618530273,16.399999618530273,17.799999237060547,15.789743423461914,72675800
2009-03-16,19.600000381469727,26.799999237060547,19.200000762939453,23.299999237060547,20.668590545654297,147367800
2009-03-17,25.799999237060547,26.600000381469727,23.100000381469727,25.100000381469727,22.26531410217285,69616400
2009-03-18,26.0,33.599998474121094,25.200000762939453,30.799999237060547,27.321584701538086,129964700
2009-03-19,36.099998474121094,38.900001525878906,26.0,26.0,23.063669204711914,124562500
2009-03-20,28.100000381469727,28.200000762939453,24.0,26.200000762939453,23.2410831451416,60747100
2009-03-23,33.099998474121094,33.5,28.299999237060547,31.299999237060547,27.765111923217773,81343800
2009-03-24,30.5,31.299999237060547,28.600000381469727,30.100000381469727,26.70063591003418,52271100
2009-03-25,30.799999237060547,31.600000381469727,26.700000762939453,29.5,26.16839599609375,64079800
2009-03-26,30.299999237060547,30.899999618530273,27.5,28.100000381469727,24.926502227783203,43143200
2009-03-27,26.399999618530273,27.299999237060547,25.399999618530273,26.200000762939453,23.2410831451416,43150400
2009-03-30,23.700000762939453,24.299999237060547,22.5,23.100000381469727,20.49118423461914,44857300
2009-03-31,25.5,25.700000762939453,24.399999618530273,25.299999237060547,22.44272232055664,30679100
2009-04-01,24.799999237060547,27.5,24.299999237060547,26.799999237060547,23.7733211517334,38512100
2009-04-02,29.700000762939453,29.899999618530273,26.799999237060547,27.399999618530273,24.305564880371094,52594600
2009-04-03,27.5,28.5,26.399999618530273,28.5,25.281330108642578,27997300
2009-04-06,27.899999618530273,28.100000381469727,26.600000381469727,27.200000762939453,24.128141403198242,19565400
2009-04-07,26.200000762939453,28.899999618530273,26.100000381469727,27.600000381469727,24.48297119140625,36332000
2009-04-08,28.299999237060547,28.399999618530273,26.700000762939453,27.0,23.95073890686035,22628300
2009-04-09,30.200000762939453,30.799999237060547,28.899999618530273,30.399999618530273,26.966754913330078,54495400
2009-04-13,31.600000381469727,38.0,31.200000762939453,38.0,33.708438873291016,83474200
2009-04-14,42.20000076293945,44.79999923706055,38.5,40.099998474121094,35.571285247802734,122225400
2009-04-15,39.29999923706055,39.79999923706055,35.099998474121094,39.70000076293945,35.2164421081543,74633200
2009-04-16,41.900001525878906,42.0,39.70000076293945,40.099998474121094,35.571285247802734,73522300
2009-04-17,41.5,41.599998474121094,35.5,36.5,32.377845764160156,111530400
2009-04-20,34.099998474121094,34.29999923706055,28.0,29.399999618530273,26.079683303833008,83212100
2009-04-21,27.0,32.79999923706055,26.100000381469727,32.400001525878906,28.74088478088379,70991300
2009-04-22,32.0,33.70000076293945,30.600000381469727,32.5,28.829587936401367,48982800
2009-04-23,32.900001525878906,32.900001525878906,30.899999618530273,32.0,28.386056900024414,36173500
2009-04-24,32.29999923706055,32.599998474121094,30.899999618530273,31.899999618530273,28.29734992980957,32964000
2009-04-27,30.5,31.700000762939453,30.200000762939453,30.700000762939453,27.23287010192871,19385000
2009-04-28,29.0,29.799999237060547,28.5,28.899999618530273,25.636159896850586,32919800
2009-04-29,30.600000381469727,31.5,30.0,31.200000762939453,27.676401138305664,22935100
2009-04-30,32.599998474121094,32.79999923706055,30.5,30.5,27.055463790893555,26594800
2009-05-01,31.100000381469727,31.399999618530273,29.600000381469727,29.700000762939453,26.345806121826172,25310700
2009-05-04,30.700000762939453,32.400001525878906,30.5,32.0,28.386056900024414,31985300
2009-05-05,32.900001525878906,34.70000076293945,32.599998474121094,33.099998474121094,29.36182403564453,43485800
2009-05-06,35.099998474121094,39.79999923706055,34.5,38.599998474121094,34.24067306518555,86731300
2009-05-07,43.79999923706055,44.099998474121094,35.0,38.099998474121094,33.79714584350586,103236300
2009-05-08,41.900001525878906,42.5,39.29999923706055,40.20000076293945,35.65998077392578,76724800
2009-05-11,39.70000076293945,40.29999923706055,37.900001525878906,38.599998474121094,34.24067306518555,49317200
2009-05-12,39.900001525878906,39.900001525878906,36.599998474121094,36.599998474121094,32.466548919677734,48135400
2009-05-13,35.70000076293945,36.400001525878906,34.099998474121094,34.099998474121094,30.248886108398438,39301500
2009-05-14,33.599998474121094,36.400001525878906,33.400001525878906,35.5,31.49077796936035,40135000
2009-05-15,36.400001525878906,36.599998474121094,34.5,34.79999923706055,30.869831085205078,23552800
2009-05-18,36.400001525878906,37.20000076293945,35.79999923706055,36.400001525878906,32.28913879394531,31057300
2009-05-19,38.0,38.70000076293945,36.599998474121094,37.70000076293945,33.442325592041016,31807300
2009-05-20,39.0,40.5,36.20000076293945,36.900001525878906,32.7326774597168,38251100
2009-05-21,36.70000076293945,37.400001525878906,36.0,37.20000076293945,32.99878692626953,17093800
2009-05-22,37.79999923706055,37.900001525878906,36.70000076293945,36.70000076293945,32.55525207519531,13459800
2009-05-26,36.79999923706055,38.20000076293945,36.79999923706055,37.70000076293945,33.442325592041016,18545400
2009-05-27,38.20000076293945,38.29999923706055,37.0,37.0,32.82137680053711,17682400
2009-05-28,37.599998474121094,37.599998474121094,36.5,36.70000076293945,32.55525207519531,15697000
2009-05-29,37.400001525878906,37.79999923706055,36.79999923706055,37.20000076293945,32.99878692626953,14770600
2009-06-01,37.599998474121094,37.70000076293945,36.599998474121094,36.900001525878906,32.7326774597168,23989200
2009-06-02,36.099998474121094,36.29999923706055,34.599998474121094,35.099998474121094,31.13595199584961,28698400
2009-06-03,34.5,34.599998474121094,33.20000076293945,33.900001525878906,30.071475982666016,21652700
2009-06-04,34.29999923706055,36.5,33.900001525878906,35.70000076293945,31.668180465698242,23279100
2009-06-05,36.599998474121094,36.70000076293945,34.599998474121094,34.599998474121094,30.692424774169922,18788600
2009-06-08,33.79999923706055,36.099998474121094,33.70000076293945,34.20000076293945,30.337587356567383,28826200
2009-06-09,34.20000076293945,34.599998474121094,33.79999923706055,34.099998474121094,30.248886108398438,20904200
2009-06-10,35.20000076293945,36.20000076293945,34.599998474121094,34.79999923706055,30.869831085205078,31512100
2009-06-11,35.0,35.5,34.599998474121094,34.79999923706055,30.869831085205078,16970900
2009-06-12,34.70000076293945,35.5,34.400001525878906,34.70000076293945,30.781124114990234,13907900
2009-06-15,34.5,34.70000076293945,33.5,33.70000076293945,29.894065856933594,13993300
2009-06-16,33.900001525878906,33.900001525878906,32.5,32.5,28.829587936401367,18616800
2009-06-17,32.20000076293945,32.900001525878906,30.0,30.799999237060547,27.321584701538086,33844600
2009-06-18,31.0,31.600000381469727,30.0,31.299999237060547,27.765111923217773,22568500
2009-06-19,32.099998474121094,32.20000076293945,31.299999237060547,31.700000762939453,28.119932174682617,20640700
2009-06-22,31.399999618530273,31.5,29.799999237060547,30.0,26.611927032470703,20456600
2009-06-23,30.299999237060547,30.600000381469727,29.0,30.100000381469727,26.70063591003418,24194400
2009-06-24,30.5,30.899999618530273,30.0,30.399999618530273,26.966754913330078,13120500
2009-06-25,30.5,30.600000381469727,29.899999618530273,30.299999237060547,26.87804412841797,15376200
2009-06-26,30.399999618530273,30.5,29.799999237060547,30.299999237060547,26.87804412841797,10314600
2009-06-29,30.200000762939453,30.299999237060547,29.899999618530273,30.200000762939453,26.789335250854492,10486100
2009-06-30,30.100000381469727,30.200000762939453,29.299999237060547,29.700000762939453,26.345806121826172,10893900
2009-07-01,30.0,30.700000762939453,29.600000381469727,29.700000762939453,26.345806121826172,8579200
2009-07-02,29.399999618530273,29.399999618530273,28.799999237060547,28.799999237060547,25.547447204589844,11834400
2009-07-06,28.600000381469727,28.700000762939453,27.299999237060547,27.899999618530273,24.74909210205078,18996300
2009-07-07,28.100000381469727,28.100000381469727,26.600000381469727,26.899999618530273,23.862024307250977,15369700
2009-07-08,27.100000381469727,27.100000381469727,25.5,26.200000762939453,23.2410831451416,21018300
2009-07-09,26.700000762939453,26.899999618530273,26.299999237060547,26.899999618530273,23.862024307250977,11436300
2009-07-10,26.799999237060547,26.799999237060547,25.600000381469727,25.899999618530273,22.974964141845703,15029100
2009-07-13,26.600000381469727,27.799999237060547,26.100000381469727,27.799999237060547,24.660385131835938,22319800
2009-07-14,29.0,29.299999237060547,28.299999237060547,29.200000762939453,25.90227508544922,21927200
2009-07-15,30.200000762939453,32.099998474121094,29.799999237060547,31.700000762939453,28.119932174682617,38800900
2009-07-16,31.700000762939453,32.0,30.100000381469727,30.299999237060547,26.87804412841797,33323300
2009-07-17,31.799999237060547,32.0,29.700000762939453,30.200000762939453,26.789335250854492,44758600
2009-07-20,30.200000762939453,30.399999618530273,27.399999618530273,27.899999618530273,24.74909210205078,39246600
2009-07-21,28.0,28.200000762939453,26.299999237060547,26.5,23.5072021484375,36507900
2009-07-22,26.700000762939453,28.399999618530273,26.200000762939453,28.0,24.837800979614258,28412200
2009-07-23,28.200000762939453,28.799999237060547,27.600000381469727,27.700000762939453,24.571680068969727,22006000
2009-07-24,28.0,28.100000381469727,26.700000762939453,27.299999237060547,24.216854095458984,17814200
2009-07-27,27.200000762939453,28.600000381469727,25.600000381469727,26.899999618530273,23.862024307250977,61937100
2009-07-28,27.0,30.5,26.700000762939453,29.700000762939453,26.345806121826172,103746800
2009-07-29,30.0,32.20000076293945,29.5,32.20000076293945,28.563461303710938,107645900
2009-07-30,33.0,33.70000076293945,30.200000762939453,31.399999618530273,27.85381507873535,103950200
2009-07-31,30.600000381469727,31.799999237060547,29.899999618530273,31.700000762939453,28.119932174682617,110797800
2009-08-03,32.900001525878906,33.0,31.399999618530273,31.799999237060547,28.20863914489746,64248500
2009-08-04,31.399999618530273,32.5,31.100000381469727,32.5,28.829587936401367,83574000
2009-08-05,33.20000076293945,36.099998474121094,32.900001525878906,35.79999923706055,31.756895065307617,267446300
2009-08-06,38.099998474121094,38.099998474121094,35.900001525878906,38.0,33.708438873291016,128777900
2009-08-07,39.79999923706055,42.400001525878906,38.29999923706055,38.5,34.15196228027344,189881400
2009-08-10,40.0,41.099998474121094,39.099998474121094,39.400001525878906,34.9503288269043,95516100
2009-08-11,39.29999923706055,39.599998474121094,35.70000076293945,36.900001525878906,32.7326774597168,91585900
2009-08-12,37.70000076293945,39.900001525878906,37.29999923706055,39.79999923706055,35.30514144897461,98883000
2009-08-13,40.900001525878906,41.400001525878906,39.79999923706055,40.599998474121094,36.01480484008789,75554200
2009-08-14,41.599998474121094,45.29999923706055,39.099998474121094,40.400001525878906,35.83740234375,112162900
2009-08-17,38.70000076293945,40.29999923706055,38.0,40.0,35.482566833496094,75873800
2009-08-18,40.70000076293945,41.5,40.20000076293945,41.400001525878906,36.724464416503906,56583600
2009-08-19,40.79999923706055,41.900001525878906,40.5,41.29999923706055,36.6357536315918,59364800
2009-08-20,41.900001525878906,45.099998474121094,41.599998474121094,44.79999923706055,39.740474700927734,105945000
2009-08-21,46.29999923706055,48.599998474121094,45.79999923706055,47.0,41.69200897216797,136681800
2009-08-24,49.5,50.0,47.599998474121094,48.20000076293945,42.75649642944336,120227400
2009-08-25,48.79999923706055,49.0,46.70000076293945,47.5,42.13555145263672,97316500
2009-08-26,47.400001525878906,47.5,45.79999923706055,46.29999923706055,41.07107162475586,72132900
2009-08-27,47.29999923706055,51.0,46.599998474121094,50.5,44.79673767089844,121601400
2009-08-28,52.900001525878906,54.29999923706055,50.5,52.29999923706055,46.393455505371094,135999600
2009-08-31,50.29999923706055,51.099998474121094,48.400001525878906,50.0,44.35320281982422,95323100
2009-09-01,49.20000076293945,50.20000076293945,45.20000076293945,45.400001525878906,40.2727165222168,126786500
2009-09-02,44.20000076293945,46.70000076293945,43.0,45.599998474121094,40.45012664794922,99545100
2009-09-03,47.599998474121094,48.20000076293945,46.5,47.70000076293945,42.31296157836914,59180800
2009-09-04,48.70000076293945,49.29999923706055,48.0,48.5,43.02261734008789,57542000
2009-09-08,49.79999923706055,49.900001525878906,46.29999923706055,46.79999923706055,41.51460266113281,90059200
2009-09-09,47.099998474121094,47.599998474121094,45.599998474121094,46.599998474121094,41.337181091308594,79811100
2009-09-10,46.0,47.5,45.29999923706055,47.5,42.13555145263672,116711100
2009-09-11,47.400001525878906,47.5,46.099998474121094,46.099998474121094,40.8936653137207,48006300
2009-09-14,45.400001525878906,45.70000076293945,43.599998474121094,45.20000076293945,40.09530258178711,73800800
2009-09-15,44.400001525878906,45.099998474121094,41.099998474121094,41.20000076293945,36.54703903198242,131885900
2009-09-16,42.70000076293945,43.099998474121094,41.5,42.0,37.25669479370117,130674900
2009-09-17,43.599998474121094,45.599998474121094,42.900001525878906,44.20000076293945,39.20824432373047,115493400
2009-09-18,44.599998474121094,44.79999923706055,42.599998474121094,42.599998474121094,37.788936614990234,125072600
2009-09-21,42.400001525878906,44.599998474121094,41.400001525878906,44.29999923706055,39.29694366455078,47905800
2009-09-22,45.599998474121094,46.79999923706055,45.400001525878906,46.5,41.24848175048828,67838100
2009-09-23,47.099998474121094,47.400001525878906,45.20000076293945,45.20000076293945,40.09530258178711,59869900
2009-09-24,46.20000076293945,46.400001525878906,43.099998474121094,44.29999923706055,39.29694366455078,66450300
2009-09-25,44.099998474121094,45.099998474121094,43.599998474121094,43.79999923706055,38.853416442871094,46116500
2009-09-28,44.599998474121094,45.70000076293945,44.400001525878906,45.70000076293945,40.538822174072266,31530700
2009-09-29,47.599998474121094,47.900001525878906,46.599998474121094,47.0,41.69200897216797,50099300
2009-09-30,47.5,48.400001525878906,45.099998474121094,48.400001525878906,42.93390655517578,82481600
2009-10-01,47.5,47.5,45.20000076293945,45.29999923706055,40.18400955200195,48521000
2009-10-02,44.0,45.900001525878906,43.099998474121094,45.20000076293945,40.09530258178711,58853900
2009-10-05,45.79999923706055,46.79999923706055,45.5,46.70000076293945,41.425899505615234,30414200
2009-10-06,47.599998474121094,48.0,46.400001525878906,46.70000076293945,41.425899505615234,47709400
2009-10-07,46.400001525878906,47.0,45.599998474121094,46.400001525878906,41.1597785949707,36917400
2009-10-08,47.099998474121094,47.20000076293945,46.29999923706055,46.5,41.24848175048828,34461800
2009-10-09,46.29999923706055,46.70000076293945,45.900001525878906,46.29999923706055,41.07107162475586,28835200
2009-10-12,46.70000076293945,48.0,46.400001525878906,47.70000076293945,42.31296157836914,36251900
2009-10-13,48.0,48.79999923706055,47.400001525878906,48.29999923706055,42.84520721435547,45533900
2009-10-14,49.79999923706055,50.0,49.0,50.0,44.35320281982422,58527200
2009-10-15,48.0,48.29999923706055,46.400001525878906,47.5,42.13555145263672,83405000
2009-10-16,46.79999923706055,46.900001525878906,44.20000076293945,45.900001525878906,40.71623992919922,41099000
2009-10-19,46.599998474121094,46.599998474121094,45.099998474121094,45.400001525878906,40.2727165222168,30462400
2009-10-20,45.900001525878906,46.29999923706055,44.099998474121094,44.29999923706055,39.29694366455078,52459300
2009-10-21,44.20000076293945,45.599998474121094,44.099998474121094,44.20000076293945,39.20824432373047,39240200
2009-10-22,44.29999923706055,44.79999923706055,43.900001525878906,44.599998474121094,39.56306076049805,30679800
2009-10-23,45.400001525878906,46.0,44.599998474121094,44.599998474121094,39.56306076049805,33523000
2009-10-26,45.099998474121094,45.29999923706055,42.400001525878906,42.70000076293945,37.877628326416016,64038500
2009-10-27,43.0,43.29999923706055,42.29999923706055,42.70000076293945,37.877628326416016,33277300
2009-10-28,42.29999923706055,42.5,40.0,40.79999923706055,36.192222595214844,64507300
2009-10-29,41.900001525878906,43.5,41.70000076293945,43.099998474121094,38.23247146606445,44074000
2009-10-30,42.79999923706055,43.0,40.20000076293945,40.900001525878906,36.280921936035156,53583200
2009-11-02,41.0,41.099998474121094,38.099998474121094,39.900001525878906,35.39385986328125,69051600
2009-11-03,38.79999923706055,40.5,38.400001525878906,40.400001525878906,35.83740234375,50739000
2009-11-04,41.099998474121094,41.70000076293945,39.599998474121094,39.70000076293945,35.2164421081543,48146600
2009-11-05,40.5,40.79999923706055,40.0,40.599998474121094,36.01480484008789,26644900
2009-11-06,39.900001525878906,40.599998474121094,39.599998474121094,40.599998474121094,36.01480484008789,25344400
2009-11-09,41.400001525878906,41.900001525878906,41.0,41.900001525878906,37.16798400878906,23410100
2009-11-10,41.5,42.599998474121094,41.400001525878906,41.79999923706055,37.07926940917969,24568500
2009-11-11,42.5,42.79999923706055,41.400001525878906,41.599998474121094,36.90187072753906,31834100
2009-11-12,41.400001525878906,41.70000076293945,40.5,40.599998474121094,36.01480484008789,20783300
2009-11-13,41.0,41.400001525878906,40.29999923706055,40.5,35.926090240478516,19618100
2009-11-16,42.20000076293945,42.5,41.79999923706055,41.79999923706055,37.07926940917969,36003600
2009-11-17,41.70000076293945,42.5,41.599998474121094,42.400001525878906,37.61151885986328,20027700
2009-11-18,42.400001525878906,43.099998474121094,42.29999923706055,42.900001525878906,38.0550537109375,30598000
2009-11-19,42.599998474121094,42.70000076293945,42.0,42.599998474121094,37.788936614990234,24821400
2009-11-20,41.900001525878906,42.29999923706055,41.900001525878906,42.0,37.25669479370117,12444000
2009-11-23,42.599998474121094,42.79999923706055,42.29999923706055,42.79999923706055,37.96635055541992,22623400
2009-11-24,42.900001525878906,43.0,42.099998474121094,42.099998474121094,37.345401763916016,19323400
2009-11-25,42.29999923706055,42.400001525878906,41.400001525878906,41.70000076293945,36.990577697753906,20097900
2009-11-27,39.79999923706055,41.29999923706055,39.5,40.599998474121094,36.01480484008789,25806500
2009-11-30,40.79999923706055,41.599998474121094,40.599998474121094,41.099998474121094,36.45833969116211,25016900
2009-12-01,41.5,41.599998474121094,40.5,41.0,36.369632720947266,24623900
2009-12-02,40.79999923706055,41.0,40.20000076293945,41.0,36.369632720947266,18922300
2009-12-03,41.5,42.099998474121094,40.29999923706055,40.5,35.926090240478516,34577400
2009-12-04,41.20000076293945,41.20000076293945,40.5,40.599998474121094,36.01480484008789,31939800
2009-12-07,40.900001525878906,41.20000076293945,40.29999923706055,40.29999923706055,35.74868392944336,23200900
2009-12-08,40.099998474121094,40.400001525878906,38.5,39.099998474121094,34.684207916259766,55286600
2009-12-09,39.400001525878906,39.5,37.900001525878906,38.599998474121094,34.24067306518555,39989100
2009-12-10,38.79999923706055,39.099998474121094,38.400001525878906,38.70000076293945,34.32938766479492,39824100
2009-12-11,39.0,39.5,38.70000076293945,39.5,35.03902816772461,22120200
2009-12-14,38.0,38.400001525878906,36.599998474121094,37.0,32.82137680053711,83688700
2009-12-15,36.70000076293945,37.0,35.099998474121094,35.599998474121094,31.579486846923828,93423000
2009-12-16,35.0,35.79999923706055,34.400001525878906,34.5,30.603717803955078,119108100
2009-12-17,31.5,32.5,31.299999237060547,32.0,28.386056900024414,377263800
2009-12-18,32.599998474121094,34.0,32.099998474121094,34.0,30.16018295288086,281369700
2009-12-21,33.900001525878906,34.20000076293945,33.599998474121094,34.20000076293945,30.337587356567383,62625000
2009-12-22,34.400001525878906,34.400001525878906,33.400001525878906,33.400001525878906,29.627948760986328,49092600
2009-12-23,33.599998474121094,33.79999923706055,32.599998474121094,32.900001525878906,29.184415817260742,35752000
2009-12-24,33.20000076293945,33.5,32.79999923706055,33.5,29.716651916503906,14549800
2009-12-28,33.70000076293945,34.099998474121094,33.099998474121094,33.900001525878906,30.071475982666016,33795600
2009-12-29,33.900001525878906,34.099998474121094,33.5,33.70000076293945,29.894065856933594,19084100
2009-12-30,33.599998474121094,33.599998474121094,33.0,33.20000076293945,29.450531005859375,22009500
2009-12-31,33.29999923706055,33.599998474121094,33.099998474121094,33.099998474121094,29.36182403564453,19875800
2010-01-04,33.599998474121094,34.099998474121094,33.400001525878906,34.0,30.16018295288086,40679300
2010-01-05,34.20000076293945,35.5,34.099998474121094,35.29999923706055,31.313356399536133,66861700
2010-01-06,35.599998474121094,36.79999923706055,35.099998474121094,36.400001525878906,32.28913879394531,67433800
2010-01-07,36.900001525878906,37.0,36.099998474121094,36.5,32.377845764160156,67245100
2010-01-08,36.5,36.70000076293945,35.099998474121094,35.900001525878906,31.845605850219727,62409700
2010-01-11,36.599998474121094,36.70000076293945,36.0,36.29999923706055,32.200439453125,47557600
2010-01-12,35.900001525878906,36.099998474121094,34.79999923706055,35.20000076293945,31.224666595458984,47011800
2010-01-13,35.400001525878906,35.900001525878906,35.0,35.0,31.04724884033203,41035100
2010-01-14,35.599998474121094,35.599998474121094,35.0,35.099998474121094,31.13595199584961,27417000
2010-01-15,34.900001525878906,35.0,34.0,34.20000076293945,30.337587356567383,54017700
2010-01-19,33.400001525878906,35.599998474121094,33.0,35.400001525878906,31.40207290649414,80789300
2010-01-20,35.099998474121094,36.0,34.5,34.599998474121094,30.692424774169922,47944900
2010-01-21,34.5,34.599998474121094,32.0,32.70000076293945,29.00699806213379,95968000
2010-01-22,32.79999923706055,33.900001525878906,32.20000076293945,32.5,28.829587936401367,65474100
2010-01-25,33.099998474121094,33.29999923706055,32.099998474121094,32.29999923706055,28.652175903320312,49752400
2010-01-26,32.20000076293945,32.70000076293945,31.5,31.5,27.94252586364746,45890200
2010-01-27,31.700000762939453,32.29999923706055,31.399999618530273,32.0,28.386056900024414,55891300
2010-01-28,32.5,32.900001525878906,32.0,32.400001525878906,28.74088478088379,51294200
2010-01-29,32.70000076293945,33.400001525878906,32.70000076293945,33.20000076293945,29.450531005859375,67942900
2010-02-01,33.599998474121094,33.70000076293945,33.099998474121094,33.400001525878906,29.627948760986328,23577600
2010-02-02,33.5,34.099998474121094,33.20000076293945,34.099998474121094,30.248886108398438,33280800
2010-02-03,33.900001525878906,34.599998474121094,33.70000076293945,33.70000076293945,29.894065856933594,27200500
2010-02-04,33.400001525878906,33.5,31.700000762939453,31.799999237060547,28.20863914489746,45029900
2010-02-05,32.099998474121094,32.400001525878906,31.5,32.20000076293945,28.563461303710938,46750100
2010-02-08,32.29999923706055,32.400001525878906,31.5,31.5,27.94252586364746,25620300
2010-02-09,31.899999618530273,32.29999923706055,31.100000381469727,31.799999237060547,28.20863914489746,49883800
2010-02-10,31.799999237060547,32.0,31.399999618530273,32.0,28.386056900024414,25499600
2010-02-11,31.899999618530273,32.20000076293945,31.700000762939453,32.099998474121094,28.47475242614746,23685200
2010-02-12,31.700000762939453,32.099998474121094,31.5,31.799999237060547,28.20863914489746,18926900
2010-02-16,32.20000076293945,33.29999923706055,32.099998474121094,33.099998474121094,29.36182403564453,33228500
2010-02-17,33.79999923706055,34.5,33.599998474121094,34.099998474121094,30.248886108398438,57569000
2010-02-18,34.0,34.70000076293945,33.900001525878906,34.29999923706055,30.42630386352539,28868700
2010-02-19,34.0,34.400001525878906,33.900001525878906,34.20000076293945,30.337587356567383,27822200
2010-02-22,34.400001525878906,34.79999923706055,34.099998474121094,34.599998474121094,30.692424774169922,23360600
2010-02-23,34.400001525878906,34.79999923706055,33.5,33.5,29.716651916503906,28291700
2010-02-24,33.70000076293945,34.5,33.70000076293945,34.5,30.603717803955078,29262200
2010-02-25,33.900001525878906,34.0,33.599998474121094,33.900001525878906,30.071475982666016,25996900
2010-02-26,33.900001525878906,34.5,33.79999923706055,34.0,30.16018295288086,17855700
2010-03-01,34.20000076293945,34.400001525878906,33.400001525878906,33.900001525878906,30.071475982666016,15568600
2010-03-02,34.099998474121094,34.400001525878906,33.900001525878906,34.0,30.16018295288086,16428000
2010-03-03,34.099998474121094,34.29999923706055,33.900001525878906,34.0,30.16018295288086,16364900
2010-03-04,34.099998474121094,34.79999923706055,33.900001525878906,34.29999923706055,30.42630386352539,31935600
2010-03-05,34.70000076293945,35.0,34.5,35.0,31.04724884033203,31907900
2010-03-08,35.400001525878906,36.0,35.400001525878906,35.599998474121094,31.579486846923828,45986400
2010-03-09,35.5,38.599998474121094,35.400001525878906,38.20000076293945,33.88584899902344,110631100
2010-03-10,39.599998474121094,40.70000076293945,39.20000076293945,39.599998474121094,35.12774658203125,121205000
2010-03-11,39.79999923706055,41.79999923706055,39.5,41.79999923706055,37.07926940917969,120029900
2010-03-12,42.099998474121094,42.20000076293945,39.400001525878906,39.70000076293945,35.2164421081543,127975900
2010-03-15,38.79999923706055,39.400001525878906,38.29999923706055,38.900001525878906,34.506805419921875,63482900
2010-03-16,39.5,40.70000076293945,39.20000076293945,40.5,35.926090240478516,54320500
2010-03-17,41.0,41.70000076293945,39.900001525878906,40.5,35.926090240478516,68063500
2010-03-18,40.900001525878906,40.900001525878906,40.0,40.20000076293945,35.65998077392578,35021500
2010-03-19,39.0,40.5,39.0,39.0,34.59551239013672,55803000
2010-03-22,38.900001525878906,41.0,38.79999923706055,40.400001525878906,35.83740234375,50007900
2010-03-23,40.900001525878906,41.5,40.70000076293945,41.29999923706055,36.6357536315918,44335400
2010-03-24,41.0,41.900001525878906,41.0,41.5,36.813167572021484,46585300
2010-03-25,42.400001525878906,43.79999923706055,42.29999923706055,42.70000076293945,37.877628326416016,97149400
2010-03-26,43.400001525878906,43.70000076293945,42.599998474121094,43.099998474121094,38.23247146606445,58727000
2010-03-29,43.79999923706055,44.099998474121094,41.099998474121094,41.79999923706055,37.07926940917969,88626800
2010-03-30,41.29999923706055,41.79999923706055,40.5,40.900001525878906,36.280921936035156,62439100
2010-03-31,40.79999923706055,41.099998474121094,40.099998474121094,40.5,35.926090240478516,55035800
2010-04-01,41.099998474121094,41.79999923706055,40.20000076293945,41.79999923706055,37.07926940917969,30209100
2010-04-05,42.70000076293945,42.79999923706055,42.29999923706055,42.599998474121094,37.788936614990234,34453300
2010-04-06,42.70000076293945,43.0,42.5,42.900001525878906,38.0550537109375,31812100
2010-04-07,43.099998474121094,44.0,43.0,43.599998474121094,38.67600631713867,62152800
2010-04-08,43.5,44.900001525878906,43.099998474121094,44.70000076293945,39.651771545410156,55935600
2010-04-09,45.400001525878906,45.70000076293945,45.20000076293945,45.5,40.361427307128906,66446000
2010-04-12,46.29999923706055,46.400001525878906,45.79999923706055,46.400001525878906,41.1597785949707,43484900
2010-04-13,46.20000076293945,46.79999923706055,45.900001525878906,46.20000076293945,40.98236846923828,59676100
2010-04-14,47.20000076293945,49.400001525878906,47.0,49.29999923706055,43.73227310180664,103954500
2010-04-15,49.900001525878906,50.70000076293945,47.400001525878906,48.099998474121094,42.667789459228516,153653600
2010-04-16,48.20000076293945,48.29999923706055,44.099998474121094,45.599998474121094,40.45012664794922,186414100
2010-04-19,46.5,49.29999923706055,46.400001525878906,48.79999923706055,43.28873062133789,186006600
2010-04-20,50.20000076293945,50.599998474121094,49.20000076293945,49.70000076293945,44.08707809448242,102738500
2010-04-21,50.29999923706055,50.400001525878906,48.20000076293945,49.29999923706055,43.73227310180664,98787500
2010-04-22,48.5,48.900001525878906,47.70000076293945,48.70000076293945,43.20002365112305,80864600
2010-04-23,48.70000076293945,49.5,48.29999923706055,48.599998474121094,43.111328125,76164000
2010-04-26,47.900001525878906,48.0,46.0,46.099998474121094,40.8936653137207,124478500
2010-04-27,45.5,45.70000076293945,43.29999923706055,43.400001525878906,38.498592376708984,133979400
2010-04-28,44.20000076293945,45.599998474121094,44.0,44.5,39.474361419677734,110487000
2010-04-29,45.29999923706055,46.29999923706055,45.0,45.599998474121094,40.45012664794922,71647000
2010-04-30,45.5,45.5,43.70000076293945,43.70000076293945,38.764686584472656,80341700
2010-05-03,44.599998474121094,44.79999923706055,43.79999923706055,44.099998474121094,39.11954116821289,44946200
2010-05-04,43.400001525878906,43.599998474121094,42.29999923706055,42.599998474121094,37.788936614990234,97352300
2010-05-05,41.599998474121094,42.5,40.400001525878906,41.79999923706055,37.07926940917969,100162200
2010-05-06,42.0,42.70000076293945,39.0,40.400001525878906,35.83740234375,170724500
2010-05-07,40.79999923706055,41.29999923706055,39.20000076293945,40.0,35.482566833496094,122458600
2010-05-10,43.29999923706055,43.5,41.599998474121094,42.20000076293945,37.43410110473633,109813200
2010-05-11,41.29999923706055,42.400001525878906,41.099998474121094,41.70000076293945,36.990577697753906,75475000
2010-05-12,42.29999923706055,42.29999923706055,41.400001525878906,41.79999923706055,37.07926940917969,65669600
2010-05-13,41.5,41.599998474121094,40.79999923706055,40.900001525878906,36.280921936035156,50910500
2010-05-14,40.29999923706055,40.400001525878906,39.099998474121094,39.79999923706055,35.30514144897461,87280100
2010-05-17,40.0,40.099998474121094,37.599998474121094,38.599998474121094,34.24067306518555,94521700
2010-05-18,39.5,39.599998474121094,37.099998474121094,37.29999923706055,33.087493896484375,88927400
2010-05-19,37.29999923706055,38.5,37.099998474121094,38.099998474121094,33.79714584350586,92045200
2010-05-20,37.5,37.70000076293945,36.099998474121094,36.29999923706055,32.200439453125,116429000
2010-05-21,35.400001525878906,38.099998474121094,35.29999923706055,37.5,33.2649040222168,133515800
2010-05-24,38.599998474121094,39.5,37.70000076293945,37.79999923706055,33.53103256225586,84300400
2010-05-25,36.400001525878906,38.0,35.599998474121094,37.79999923706055,33.53103256225586,102076400
2010-05-26,39.70000076293945,40.29999923706055,38.599998474121094,38.599998474121094,34.24067306518555,124767200
2010-05-27,40.29999923706055,40.70000076293945,39.79999923706055,40.20000076293945,35.65998077392578,75460800
2010-05-28,40.20000076293945,40.400001525878906,39.5,39.599998474121094,35.12774658203125,63286600
2010-06-01,39.0,39.599998474121094,38.400001525878906,38.5,34.15196228027344,56634600
2010-06-02,38.900001525878906,39.29999923706055,38.5,39.20000076293945,34.77291488647461,56166300
2010-06-03,39.599998474121094,40.29999923706055,39.29999923706055,39.599998474121094,35.12774658203125,71405600
2010-06-04,38.5,39.20000076293945,37.70000076293945,37.900001525878906,33.61972427368164,106756400
2010-06-07,38.099998474121094,38.20000076293945,36.20000076293945,36.400001525878906,32.28913879394531,86203800
2010-06-08,36.900001525878906,37.5,36.5,37.20000076293945,32.99878692626953,83022700
2010-06-09,37.79999923706055,38.900001525878906,37.599998474121094,38.70000076293945,34.32938766479492,114856500
2010-06-10,39.5,39.599998474121094,38.70000076293945,39.0,34.59551239013672,70989100
2010-06-11,38.599998474121094,39.20000076293945,38.5,38.79999923706055,34.41808319091797,43859300
2010-06-14,39.20000076293945,39.29999923706055,38.79999923706055,38.79999923706055,34.41808319091797,38228700
2010-06-15,39.29999923706055,39.900001525878906,38.900001525878906,39.900001525878906,35.39385986328125,42247500
2010-06-16,39.599998474121094,40.0,39.29999923706055,39.900001525878906,35.39385986328125,40783400
2010-06-17,40.099998474121094,40.29999923706055,39.099998474121094,39.599998474121094,35.12774658203125,58734300
2010-06-18,39.70000076293945,40.099998474121094,39.29999923706055,40.099998474121094,35.571285247802734,68839900
2010-06-21,40.5,40.70000076293945,40.099998474121094,40.20000076293945,35.65998077392578,57155500
2010-06-22,40.0,40.29999923706055,39.400001525878906,39.400001525878906,34.9503288269043,48772400
2010-06-23,39.5,39.79999923706055,38.70000076293945,38.900001525878906,34.506805419921875,46265900
2010-06-24,38.599998474121094,38.599998474121094,37.70000076293945,37.79999923706055,33.53103256225586,56634700
2010-06-25,38.5,39.5,38.20000076293945,39.400001525878906,34.9503288269043,70357600
2010-06-28,39.29999923706055,40.20000076293945,39.20000076293945,40.0,35.482566833496094,54126600
2010-06-29,39.20000076293945,39.20000076293945,37.099998474121094,37.29999923706055,33.087493896484375,79745300
2010-06-30,38.099998474121094,38.599998474121094,37.099998474121094,37.599998474121094,33.353614807128906,53205300
2010-07-01,38.29999923706055,38.5,36.20000076293945,37.79999923706055,33.53103256225586,86206400
2010-07-02,38.20000076293945,38.900001525878906,37.099998474121094,37.900001525878906,33.61972427368164,38516800
2010-07-06,38.70000076293945,39.0,37.20000076293945,37.900001525878906,33.61972427368164,51454300
2010-07-07,38.20000076293945,39.099998474121094,37.70000076293945,39.0,34.59551239013672,47295400
2010-07-08,39.5,40.0,39.20000076293945,39.70000076293945,35.2164421081543,46663400
2010-07-09,39.70000076293945,40.5,39.400001525878906,40.400001525878906,35.83740234375,41928400
2010-07-12,40.5,41.29999923706055,40.400001525878906,41.099998474121094,36.45833969116211,39470300
2010-07-13,41.900001525878906,43.0,41.79999923706055,43.0,38.14375305175781,64688800
2010-07-14,42.70000076293945,42.79999923706055,41.5,42.099998474121094,37.345401763916016,48298800
2010-07-15,42.29999923706055,42.400001525878906,40.5,41.599998474121094,36.90187072753906,68022500
2010-07-16,40.5,41.0,39.0,39.0,34.59551239013672,80624800
2010-07-19,39.29999923706055,40.400001525878906,38.5,39.79999923706055,35.30514144897461,60092300
2010-07-20,39.099998474121094,40.599998474121094,39.0,39.900001525878906,35.39385986328125,54745100
2010-07-21,40.5,40.599998474121094,39.20000076293945,39.400001525878906,34.9503288269043,42520400
2010-07-22,39.900001525878906,40.900001525878906,39.900001525878906,40.900001525878906,36.280921936035156,42143400
2010-07-23,40.20000076293945,40.599998474121094,39.900001525878906,40.20000076293945,35.65998077392578,37675100
2010-07-26,40.20000076293945,41.5,40.20000076293945,41.5,36.813167572021484,43066200
2010-07-27,42.099998474121094,42.70000076293945,41.599998474121094,41.599998474121094,36.90187072753906,53521000
2010-07-28,41.29999923706055,41.599998474121094,40.70000076293945,40.900001525878906,36.280921936035156,33190000
2010-07-29,41.400001525878906,41.5,40.599998474121094,41.20000076293945,36.54703903198242,39395900
2010-07-30,40.599998474121094,41.20000076293945,40.599998474121094,41.0,36.369632720947266,26978000
2010-08-02,41.900001525878906,42.0,41.599998474121094,41.900001525878906,37.16798400878906,29385100
2010-08-03,41.599998474121094,41.70000076293945,41.099998474121094,41.29999923706055,36.6357536315918,21169600
2010-08-04,41.5,41.599998474121094,41.099998474121094,41.400001525878906,36.724464416503906,27707500
2010-08-05,41.099998474121094,41.099998474121094,40.70000076293945,41.0,36.369632720947266,19093600
2010-08-06,40.70000076293945,40.79999923706055,40.099998474121094,40.599998474121094,36.01480484008789,29607200
2010-08-09,40.79999923706055,41.20000076293945,40.099998474121094,40.79999923706055,36.192222595214844,27938100
2010-08-10,40.29999923706055,40.599998474121094,40.0,40.0,35.482566833496094,37330100
2010-08-11,39.5,39.70000076293945,38.400001525878906,38.5,34.15196228027344,57403800
2010-08-12,38.400001525878906,38.900001525878906,38.29999923706055,38.70000076293945,34.32938766479492,33560500
2010-08-13,39.0,39.5,38.79999923706055,38.79999923706055,34.41808319091797,27447200
2010-08-16,38.70000076293945,39.099998474121094,38.5,38.70000076293945,34.32938766479492,23911500
2010-08-17,39.20000076293945,39.20000076293945,38.29999923706055,38.5,34.15196228027344,42478100
2010-08-18,38.599998474121094,39.0,38.400001525878906,38.599998474121094,34.24067306518555,47840900
2010-08-19,38.5,38.900001525878906,37.79999923706055,37.900001525878906,33.61972427368164,53867400
2010-08-20,37.79999923706055,37.900001525878906,37.099998474121094,37.5,33.2649040222168,51973400
2010-08-23,37.900001525878906,38.29999923706055,37.5,37.5,33.2649040222168,29397900
2010-08-24,37.0,37.5,36.79999923706055,37.099998474121094,32.910091400146484,44346600
2010-08-25,37.0,37.20000076293945,36.400001525878906,36.79999923706055,32.64397430419922,50868200
2010-08-26,37.29999923706055,37.5,36.599998474121094,36.599998474121094,32.466548919677734,33489600
2010-08-27,37.0,37.599998474121094,36.400001525878906,37.599998474121094,33.353614807128906,55836000
2010-08-30,37.5,37.599998474121094,36.70000076293945,36.70000076293945,32.55525207519531,31688900
2010-08-31,36.79999923706055,37.29999923706055,36.29999923706055,37.099998474121094,32.910091400146484,61541800
2010-09-01,37.5,38.5,37.400001525878906,38.5,34.15196228027344,53222200
2010-09-02,38.400001525878906,39.29999923706055,38.29999923706055,38.79999923706055,34.41808319091797,47390800
2010-09-03,39.400001525878906,39.79999923706055,39.0,39.099998474121094,34.684207916259766,43608300
2010-09-07,38.79999923706055,38.79999923706055,38.20000076293945,38.29999923706055,33.974552154541016,26492700
2010-09-08,38.5,38.599998474121094,38.29999923706055,38.400001525878906,34.063270568847656,24907600
2010-09-09,38.900001525878906,39.5,38.79999923706055,39.099998474121094,34.684207916259766,45078700
2010-09-10,39.20000076293945,39.400001525878906,39.0,39.099998474121094,34.684207916259766,25644100
2010-09-13,39.599998474121094,40.099998474121094,39.599998474121094,39.900001525878906,35.39385986328125,45870600
2010-09-14,39.79999923706055,39.900001525878906,39.099998474121094,39.400001525878906,34.9503288269043,38404500
2010-09-15,39.20000076293945,39.29999923706055,39.0,39.20000076293945,34.77291488647461,24836100
2010-09-16,38.900001525878906,39.79999923706055,38.79999923706055,39.70000076293945,35.2164421081543,37834300
2010-09-17,40.0,40.20000076293945,39.5,39.5,35.03902816772461,55888300
2010-09-20,39.5,40.0,39.400001525878906,39.900001525878906,35.39385986328125,34473200
2010-09-21,40.20000076293945,40.20000076293945,39.400001525878906,39.400001525878906,34.9503288269043,37200400
2010-09-22,39.29999923706055,39.79999923706055,38.79999923706055,38.79999923706055,34.41808319091797,43837600
2010-09-23,38.400001525878906,38.900001525878906,38.0,38.0,33.708438873291016,38372000
2010-09-24,38.599998474121094,39.099998474121094,38.5,39.0,34.59551239013672,39249300
2010-09-27,39.0,39.29999923706055,38.70000076293945,38.70000076293945,34.32938766479492,36629300
2010-09-28,38.900001525878906,39.0,38.400001525878906,38.79999923706055,34.41808319091797,29345000
2010-09-29,38.900001525878906,39.900001525878906,38.70000076293945,39.20000076293945,34.77291488647461,50744300
2010-09-30,39.599998474121094,40.099998474121094,38.900001525878906,39.099998474121094,34.684207916259766,47868000
2010-10-01,39.79999923706055,41.0,39.400001525878906,40.900001525878906,36.280921936035156,77500000
2010-10-04,40.79999923706055,41.20000076293945,40.29999923706055,40.29999923706055,35.74868392944336,42326300
2010-10-05,40.70000076293945,41.5,40.70000076293945,41.29999923706055,36.6357536315918,63625600
2010-10-06,41.400001525878906,41.599998474121094,40.79999923706055,41.0,36.369632720947266,48412100
2010-10-07,41.400001525878906,41.900001525878906,41.29999923706055,41.79999923706055,37.07926940917969,49228100
2010-10-08,41.79999923706055,42.0,41.400001525878906,41.900001525878906,37.16798400878906,35248800
2010-10-11,42.099998474121094,42.099998474121094,41.20000076293945,41.79999923706055,37.07926940917969,43225100
2010-10-12,41.5,42.400001525878906,41.29999923706055,42.400001525878906,37.61151885986328,48296800
2010-10-13,42.5,43.0,41.79999923706055,42.5,37.70023727416992,107396300
2010-10-14,41.70000076293945,41.70000076293945,39.900001525878906,40.599998474121094,36.01480484008789,98325900
2010-10-15,41.0,41.099998474121094,39.099998474121094,39.5,35.03902816772461,106125300
2010-10-18,40.0,42.0,39.70000076293945,41.70000076293945,36.990577697753906,94439500
2010-10-19,41.29999923706055,41.900001525878906,40.400001525878906,40.599998474121094,36.01480484008789,70732700
2010-10-20,41.0,41.20000076293945,40.29999923706055,41.099998474121094,36.45833969116211,49484500
2010-10-21,41.29999923706055,41.70000076293945,40.29999923706055,40.70000076293945,36.1035041809082,43687200
2010-10-22,41.0,41.400001525878906,40.900001525878906,41.099998474121094,36.45833969116211,31441100
2010-10-25,42.20000076293945,42.29999923706055,41.400001525878906,42.099998474121094,37.345401763916016,76494500
2010-10-26,41.599998474121094,42.099998474121094,41.5,41.79999923706055,37.07926940917969,42127200
2010-10-27,41.599998474121094,41.900001525878906,41.400001525878906,41.70000076293945,36.990577697753906,26922400
2010-10-28,41.900001525878906,42.0,41.5,41.70000076293945,36.990577697753906,26162300
2010-10-29,41.599998474121094,41.79999923706055,41.5,41.70000076293945,36.990577697753906,18835100
2010-11-01,41.79999923706055,42.0,41.0,41.5,36.813167572021484,29258200
2010-11-02,41.900001525878906,42.0,41.5,41.70000076293945,36.990577697753906,22490200
2010-11-03,41.70000076293945,41.900001525878906,41.5,41.900001525878906,37.16798400878906,30544900
2010-11-04,42.20000076293945,43.29999923706055,41.900001525878906,43.29999923706055,38.40986251831055,65927800
2010-11-05,43.29999923706055,45.099998474121094,43.20000076293945,44.900001525878906,39.82917022705078,105440700
2010-11-08,45.20000076293945,45.20000076293945,44.099998474121094,44.400001525878906,39.385643005371094,42687700
2010-11-09,44.70000076293945,44.70000076293945,43.0,43.0,38.14375305175781,54105900
2010-11-10,43.29999923706055,44.599998474121094,43.099998474121094,44.20000076293945,39.20824432373047,50288500
2010-11-11,43.79999923706055,44.099998474121094,43.5,43.599998474121094,38.67600631713867,38163200
2010-11-12,43.29999923706055,43.900001525878906,42.29999923706055,42.900001525878906,38.0550537109375,49740200
2010-11-15,43.29999923706055,43.70000076293945,43.0,43.20000076293945,38.321170806884766,35374100
2010-11-16,42.79999923706055,42.900001525878906,41.900001525878906,42.20000076293945,37.43410110473633,50020400
2010-11-17,42.29999923706055,42.400001525878906,41.5,41.900001525878906,37.16798400878906,39175500
2010-11-18,42.599998474121094,43.29999923706055,42.20000076293945,43.0,38.14375305175781,48876400
2010-11-19,42.599998474121094,42.70000076293945,42.20000076293945,42.70000076293945,37.877628326416016,29041600
2010-11-22,42.5,42.5,41.599998474121094,41.79999923706055,37.07926940917969,36827300
2010-11-23,41.5,41.5,41.0,41.0,36.369632720947266,38789400
2010-11-24,41.400001525878906,41.900001525878906,41.099998474121094,41.70000076293945,36.990577697753906,30429900
2010-11-26,41.400001525878906,41.599998474121094,41.0,41.099998474121094,36.45833969116211,15672500
2010-11-29,41.20000076293945,41.70000076293945,41.0,41.5,36.813167572021484,33721100
2010-11-30,41.29999923706055,42.400001525878906,41.099998474121094,42.0,37.25669479370117,61260300
2010-12-01,42.79999923706055,43.099998474121094,42.599998474121094,43.0,38.14375305175781,49494900
2010-12-02,43.20000076293945,44.5,43.20000076293945,44.20000076293945,39.20824432373047,51966200
2010-12-03,43.79999923706055,44.599998474121094,43.5,44.5,39.474361419677734,36080600
2010-12-06,44.5,45.0,44.29999923706055,44.5,39.474361419677734,47203000
2010-12-07,45.5,46.5,45.400001525878906,46.20000076293945,40.98236846923828,326782900
2010-12-08,46.099998474121094,46.400001525878906,45.5,46.400001525878906,41.1597785949707,91574000
2010-12-09,46.79999923706055,47.099998474121094,46.400001525878906,46.900001525878906,41.60331726074219,73204200
2010-12-10,47.0,47.70000076293945,46.599998474121094,47.70000076293945,42.31296157836914,76407700
2010-12-13,48.0,48.5,47.599998474121094,48.099998474121094,42.667789459228516,69850800
2010-12-14,48.099998474121094,48.099998474121094,46.599998474121094,46.900001525878906,41.60331726074219,60311100
2010-12-15,46.70000076293945,46.79999923706055,45.400001525878906,45.900001525878906,40.71623992919922,72978600
2010-12-16,46.099998474121094,46.5,45.400001525878906,45.900001525878906,40.71623992919922,68094600
2010-12-17,46.0,47.0,45.70000076293945,47.0,41.69200897216797,69555600
2010-12-20,47.29999923706055,47.400001525878906,46.70000076293945,47.099998474121094,41.780723571777344,41915700
2010-12-21,47.400001525878906,47.70000076293945,47.099998474121094,47.400001525878906,42.04685592651367,39886000
2010-12-22,47.5,47.599998474121094,46.79999923706055,47.29999923706055,41.9581298828125,51355400
2010-12-23,47.20000076293945,47.20000076293945,46.79999923706055,46.79999923706055,41.51460266113281,20536400
2010-12-27,46.599998474121094,47.900001525878906,46.5,47.70000076293945,42.31296157836914,29016700
2010-12-28,47.900001525878906,48.0,47.5,47.79999923706055,42.401668548583984,18644300
2010-12-29,48.0,48.0,47.5,47.70000076293945,42.31296157836914,16459800
2010-12-30,47.79999923706055,47.79999923706055,47.5,47.599998474121094,42.22425842285156,14418600
2010-12-31,47.5,47.599998474121094,47.20000076293945,47.29999923706055,41.9581298828125,16923200
2011-01-03,47.79999923706055,49.0,47.79999923706055,49.0,43.46614074707031,65798900
2011-01-04,49.099998474121094,49.400001525878906,48.29999923706055,49.0,43.46614074707031,58340400
2011-01-05,48.79999923706055,50.0,48.79999923706055,49.70000076293945,44.08707809448242,66673500
2011-01-06,50.0,50.5,49.29999923706055,49.5,43.909671783447266,71529700
2011-01-07,49.599998474121094,50.0,48.400001525878906,49.400001525878906,43.82097244262695,68069700
2011-01-10,49.20000076293945,49.29999923706055,48.70000076293945,49.099998474121094,43.554847717285156,46153200
2011-01-11,49.5,49.79999923706055,49.099998474121094,49.400001525878906,43.82097244262695,33127300
2011-01-12,49.900001525878906,50.79999923706055,49.79999923706055,50.79999923706055,45.062862396240234,60853400
2011-01-13,50.900001525878906,51.20000076293945,50.29999923706055,50.400001525878906,44.70804214477539,65082600
2011-01-14,50.5,51.5,50.29999923706055,51.29999923706055,45.50639343261719,103634300
2011-01-18,49.29999923706055,49.5,47.79999923706055,48.0,42.5790901184082,180960500
2011-01-19,48.5,48.599998474121094,47.5,47.599998474121094,42.22425842285156,71421800
2011-01-20,47.70000076293945,48.20000076293945,47.20000076293945,48.0,42.5790901184082,62673800
2011-01-21,48.5,49.099998474121094,48.400001525878906,48.900001525878906,43.37743377685547,65507700
2011-01-24,49.099998474121094,49.20000076293945,48.29999923706055,48.599998474121094,43.111328125,37250000
2011-01-25,48.5,48.599998474121094,47.70000076293945,48.20000076293945,42.75649642944336,42339500
2011-01-26,48.400001525878906,48.70000076293945,48.099998474121094,48.099998474121094,42.667789459228516,44338200
2011-01-27,48.29999923706055,48.599998474121094,48.099998474121094,48.29999923706055,42.84520721435547,27251100
2011-01-28,48.400001525878906,48.79999923706055,47.20000076293945,47.20000076293945,41.86941909790039,64329500
2011-01-31,47.400001525878906,48.20000076293945,47.29999923706055,48.20000076293945,42.75649642944336,34795600
2011-02-01,48.599998474121094,49.099998474121094,48.5,49.0,43.46614074707031,39237100
2011-02-02,48.900001525878906,49.0,48.29999923706055,48.5,43.02261734008789,31667300
2011-02-03,48.5,48.599998474121094,47.599998474121094,48.099998474121094,42.667789459228516,43984800
2011-02-04,48.29999923706055,48.29999923706055,47.599998474121094,48.20000076293945,42.75649642944336,36607500
2011-02-07,48.400001525878906,49.0,48.29999923706055,49.0,43.46614074707031,39261100
2011-02-08,49.0,49.099998474121094,48.5,48.900001525878906,43.37743377685547,40287500
2011-02-09,48.79999923706055,48.79999923706055,48.0,48.400001525878906,42.93390655517578,28657800
2011-02-10,48.0,48.20000076293945,47.599998474121094,47.79999923706055,42.401668548583984,41029100
2011-02-11,47.79999923706055,49.0,47.599998474121094,48.79999923706055,43.28873062133789,45335700
2011-02-14,48.900001525878906,49.20000076293945,48.599998474121094,49.099998474121094,43.554847717285156,35369600
2011-02-15,49.0,49.400001525878906,48.79999923706055,49.099998474121094,43.554847717285156,42499900
2011-02-16,49.400001525878906,49.400001525878906,48.70000076293945,49.0,43.46614074707031,29894700
2011-02-17,48.79999923706055,49.400001525878906,48.70000076293945,49.400001525878906,43.82097244262695,30673500
2011-02-18,49.5,49.599998474121094,49.0,49.099998474121094,43.554847717285156,25229000
2011-02-22,48.400001525878906,48.400001525878906,46.5,46.900001525878906,41.60331726074219,89462900
2011-02-23,47.20000076293945,47.599998474121094,45.70000076293945,47.0,41.69200897216797,81515000
2011-02-24,46.79999923706055,47.099998474121094,45.900001525878906,46.900001525878906,41.60331726074219,58605700
2011-02-25,46.70000076293945,47.29999923706055,46.599998474121094,47.0,41.69200897216797,40819400
2011-02-28,47.29999923706055,47.5,46.79999923706055,46.79999923706055,41.51460266113281,44054200
2011-03-01,47.0,47.0,45.70000076293945,45.70000076293945,40.538822174072266,52789600
2011-03-02,45.900001525878906,46.20000076293945,45.70000076293945,46.0,40.804954528808594,35351400
2011-03-03,46.599998474121094,46.79999923706055,46.29999923706055,46.79999923706055,41.51460266113281,45540600
2011-03-04,46.29999923706055,46.400001525878906,45.20000076293945,45.400001525878906,40.2727165222168,71717600
2011-03-07,45.400001525878906,45.70000076293945,45.0,45.20000076293945,40.09530258178711,36391700
2011-03-08,45.5,46.5,45.400001525878906,46.400001525878906,41.1597785949707,47184200
2011-03-09,46.70000076293945,46.70000076293945,46.099998474121094,46.5,41.24848175048828,34512700
2011-03-10,46.0,46.099998474121094,45.20000076293945,45.400001525878906,40.2727165222168,46421300
2011-03-11,45.099998474121094,45.79999923706055,45.099998474121094,45.70000076293945,40.538822174072266,32170300
2011-03-14,45.20000076293945,45.400001525878906,44.70000076293945,45.400001525878906,40.2727165222168,38691100
2011-03-15,44.099998474121094,44.70000076293945,43.900001525878906,44.400001525878906,39.385643005371094,58194800
2011-03-16,44.79999923706055,45.0,43.70000076293945,43.900001525878906,38.94211959838867,62107200
2011-03-17,44.599998474121094,44.599998474121094,43.900001525878906,44.5,39.474361419677734,38307400
2011-03-18,45.0,45.5,44.599998474121094,45.0,39.91788864135742,45908500
2011-03-21,46.099998474121094,46.20000076293945,43.79999923706055,44.29999923706055,39.29694366455078,82106400
2011-03-22,44.20000076293945,44.5,44.0,44.20000076293945,39.20824432373047,34194000
2011-03-23,44.0,44.20000076293945,43.400001525878906,44.0,39.03082275390625,47019500
2011-03-24,44.099998474121094,44.400001525878906,43.5,44.29999923706055,39.29694366455078,40238600
2011-03-25,44.599998474121094,44.79999923706055,44.29999923706055,44.599998474121094,39.56306076049805,30876800
2011-03-28,44.599998474121094,44.70000076293945,44.099998474121094,44.29999923706055,39.29694366455078,23570900
2011-03-29,44.29999923706055,44.5,43.79999923706055,44.5,39.474361419677734,24791300
2011-03-30,44.599998474121094,45.20000076293945,44.20000076293945,44.5,39.474361419677734,33904700
2011-03-31,44.400001525878906,44.5,44.0,44.20000076293945,39.20824432373047,33507400
2011-04-01,44.599998474121094,44.79999923706055,44.29999923706055,44.5,39.474361419677734,25952200
2011-04-04,44.599998474121094,44.70000076293945,43.900001525878906,44.29999923706055,39.29694366455078,29670400
2011-04-05,44.599998474121094,44.79999923706055,44.20000076293945,44.70000076293945,39.651771545410156,40880900
2011-04-06,45.099998474121094,46.5,44.70000076293945,45.900001525878906,40.71623992919922,64009400
2011-04-07,46.20000076293945,46.900001525878906,45.79999923706055,45.79999923706055,40.627540588378906,56844400
2011-04-08,46.400001525878906,46.70000076293945,45.29999923706055,45.599998474121094,40.45012664794922,39526600
2011-04-11,45.79999923706055,45.900001525878906,45.20000076293945,45.29999923706055,40.18400955200195,23444200
2011-04-12,45.0,45.900001525878906,44.599998474121094,45.5,40.361427307128906,45351200
2011-04-13,45.900001525878906,46.0,44.79999923706055,45.0,39.91788864135742,41002900
2011-04-14,44.79999923706055,44.79999923706055,43.900001525878906,44.29999923706055,39.29694366455078,40517300
2011-04-15,44.599998474121094,44.900001525878906,44.0,44.20000076293945,39.20824432373047,40547800
2011-04-18,44.20000076293945,45.20000076293945,43.5,44.20000076293945,39.20824432373047,79085300
2011-04-19,44.599998474121094,45.5,44.400001525878906,45.29999923706055,40.18400955200195,54278900
2011-04-20,45.599998474121094,46.0,45.20000076293945,45.70000076293945,40.538822174072266,31615600
2011-04-21,45.79999923706055,46.0,44.900001525878906,45.5,40.361427307128906,31274700
2011-04-25,45.400001525878906,45.79999923706055,45.099998474121094,45.20000076293945,40.09530258178711,24048000
2011-04-26,45.29999923706055,45.400001525878906,44.900001525878906,45.099998474121094,40.006591796875,37260000
2011-04-27,45.099998474121094,45.29999923706055,44.900001525878906,45.099998474121094,40.006591796875,28289900
2011-04-28,44.900001525878906,46.0,44.70000076293945,45.900001525878906,40.71623992919922,43925800
2011-04-29,45.79999923706055,45.900001525878906,45.29999923706055,45.900001525878906,40.71623992919922,26901700
2011-05-02,46.0,46.0,44.900001525878906,44.900001525878906,39.82917022705078,28862000
2011-05-03,44.70000076293945,45.70000076293945,44.70000076293945,45.20000076293945,40.09530258178711,43508100
2011-05-04,45.29999923706055,45.400001525878906,44.900001525878906,45.20000076293945,40.09530258178711,27559400
2011-05-05,44.900001525878906,45.099998474121094,44.599998474121094,44.79999923706055,39.740474700927734,27189900
2011-05-06,45.5,45.79999923706055,45.0,45.20000076293945,40.09530258178711,5131600
2011-05-09,44.88999938964844,45.119998931884766,43.849998474121094,44.15999984741211,39.172752380371094,49168100
2011-05-10,44.0099983215332,44.529998779296875,43.75,44.20000076293945,39.20824432373047,42299000
2011-05-11,44.029998779296875,44.189998626708984,42.75,42.91999816894531,38.07279586791992,54014800
2011-05-12,42.209999084472656,42.45000076293945,41.619998931884766,42.41999816894531,37.62925720214844,60720600
2011-05-13,42.27000045776367,42.5,41.41999816894531,41.529998779296875,36.83978271484375,43395000
2011-05-16,41.08000183105469,41.97999954223633,40.939998626708984,41.189998626708984,36.53818130493164,42979300
2011-05-17,41.0,41.650001525878906,40.9900016784668,41.540000915527344,36.848655700683594,36727300
2011-05-18,41.4900016784668,41.54999923706055,41.0,41.2400016784668,36.58252716064453,33051500
2011-05-19,41.34000015258789,41.619998931884766,41.16999816894531,41.380001068115234,36.70671844482422,30115400
2011-05-20,41.119998931884766,41.63999938964844,40.959999084472656,41.02000045776367,36.38738250732422,31538600
2011-05-23,40.310001373291016,40.63999938964844,40.060001373291016,40.15999984741211,35.624507904052734,34722800
2011-05-24,40.220001220703125,40.689998626708984,39.40999984741211,40.5099983215332,35.934967041015625,61023600
2011-05-25,40.25,40.849998474121094,40.20000076293945,40.33000183105469,35.784141540527344,40313600
2011-05-26,40.040000915527344,40.529998779296875,40.040000915527344,40.220001220703125,35.68653106689453,32041000
2011-05-27,40.29999923706055,41.060001373291016,40.290000915527344,40.970001220703125,36.35198974609375,27696700
2011-05-31,41.38999938964844,41.59000015258789,40.7599983215332,41.150001525878906,36.51169204711914,34705800
2011-06-01,40.9900016784668,41.0,39.59000015258789,39.650001525878906,35.18077850341797,41994500
2011-06-02,39.70000076293945,40.34000015258789,39.099998474121094,40.0099983215332,35.50019836425781,40828200
2011-06-03,39.5,40.29999923706055,39.45000076293945,39.849998474121094,35.358238220214844,27554900
2011-06-06,39.54999923706055,39.599998474121094,37.900001525878906,38.06999969482422,33.77885818481445,69952400
2011-06-07,38.45000076293945,38.599998474121094,37.540000915527344,37.58000183105469,33.344112396240234,49736400
2011-06-08,37.369998931884766,38.0,36.7599983215332,36.810001373291016,32.660892486572266,64098400
2011-06-09,36.869998931884766,37.97999954223633,36.79999923706055,37.77000045776367,33.51268768310547,51092100
2011-06-10,37.61000061035156,38.31999969482422,36.84000015258789,37.91999816894531,33.64577865600586,57048500
2011-06-13,38.060001373291016,39.47999954223633,37.869998931884766,39.16999816894531,34.754878997802734,51683900
2011-06-14,39.5099983215332,39.54999923706055,38.65999984741211,38.779998779296875,34.40884780883789,38166800
2011-06-15,38.380001068115234,38.83000183105469,37.29999923706055,38.0,33.71676254272461,49812600
2011-06-16,37.70000076293945,38.34000015258789,37.0099983215332,37.630001068115234,33.38846969604492,59369000
2011-06-17,38.0099983215332,38.470001220703125,37.869998931884766,38.29999923706055,33.982940673828125,38591200
2011-06-20,37.95000076293945,38.720001220703125,37.810001373291016,38.15999984741211,33.858726501464844,30249100
2011-06-21,38.2599983215332,39.380001068115234,38.0,39.310001373291016,34.87910079956055,44132600
2011-06-22,39.209999084472656,40.16999816894531,39.02000045776367,39.5099983215332,35.05656433105469,40189000
2011-06-23,38.93000030517578,39.459999084472656,38.58000183105469,39.40999984741211,34.967830657958984,38344100
2011-06-24,39.439998626708984,39.709999084472656,38.959999084472656,39.59000015258789,35.12754821777344,63661100
2011-06-27,39.439998626708984,40.20000076293945,39.43000030517578,39.9900016784668,35.48245620727539,29365900
2011-06-28,40.15999984741211,40.31999969482422,39.7599983215332,40.150001525878906,35.624420166015625,22526900
2011-06-29,41.0099983215332,41.529998779296875,40.68000030517578,41.5,36.8222541809082,46800700
2011-06-30,41.59000015258789,42.0,41.209999084472656,41.63999938964844,36.94648742675781,32214600
2011-07-01,41.529998779296875,43.060001373291016,41.41999816894531,42.880001068115234,38.04671859741211,42780800
2011-07-05,42.88999938964844,43.0,42.209999084472656,42.56999969482422,37.77164840698242,34279200
2011-07-06,42.150001525878906,42.220001220703125,41.369998931884766,42.0099983215332,37.27476501464844,28177800
2011-07-07,42.369998931884766,42.959999084472656,42.310001373291016,42.630001068115234,37.82488250732422,22067400
2011-07-08,42.08000183105469,42.25,41.83000183105469,42.029998779296875,37.292510986328125,22229800
2011-07-11,41.279998779296875,41.400001525878906,39.56999969482422,39.790000915527344,35.30500030517578,47287600
2011-07-12,39.47999954223633,40.02000045776367,39.02000045776367,39.06999969482422,34.66615295410156,43630400
2011-07-13,39.439998626708984,40.220001220703125,39.11000061035156,39.470001220703125,35.02106857299805,32756100
2011-07-14,39.720001220703125,39.869998931884766,39.0,39.02000045776367,34.62178421020508,32718400
2011-07-15,40.13999938964844,40.38999938964844,38.119998931884766,38.380001068115234,34.05392074584961,69517800
2011-07-18,38.20000076293945,38.25,36.91999816894531,37.7400016784668,33.48606491088867,50137500
2011-07-19,37.83000183105469,38.18000030517578,37.41999816894531,38.02000045776367,33.734500885009766,32172000
2011-07-20,38.16999816894531,39.119998931884766,38.040000915527344,38.619998931884766,34.266883850097656,31574600
2011-07-21,39.13999938964844,40.380001068115234,39.060001373291016,40.31999969482422,35.775264739990234,53445100
2011-07-22,40.27000045776367,40.5,39.84000015258789,40.2599983215332,35.72202682495117,24164500
2011-07-25,39.689998626708984,40.060001373291016,39.400001525878906,39.90999984741211,35.41147232055664,21427400
2011-07-26,39.7599983215332,40.09000015258789,39.400001525878906,39.720001220703125,35.242897033691406,21205600
2011-07-27,39.38999938964844,39.41999816894531,38.0099983215332,38.27000045776367,33.95633316040039,39694100
2011-07-28,38.2400016784668,38.869998931884766,38.099998474121094,38.18000030517578,33.88533020019531,23233800
2011-07-29,37.91999816894531,38.77000045776367,37.63999938964844,38.34000015258789,34.02733612060547,27141900
2011-08-01,39.34000015258789,39.380001068115234,37.91999816894531,38.47999954223633,34.15158462524414,33848100
2011-08-02,38.25,38.5,37.029998779296875,37.040000915527344,32.87356185913086,41079100
2011-08-03,37.04999923706055,37.459999084472656,36.41999816894531,37.2599983215332,33.06882095336914,31623100
2011-08-04,36.61000061035156,36.9900016784668,34.75,34.810001373291016,30.894397735595703,57091700
2011-08-05,34.970001220703125,35.5,31.809999465942383,33.439998626708984,29.678508758544922,103688800
2011-08-08,31.549999237060547,32.41999816894531,26.25,27.950000762939453,24.80604362487793,142308300
2011-08-09,29.43000030517578,32.90999984741211,28.489999771118164,31.81999969482422,28.24073600769043,120458000
2011-08-10,31.010000228881836,31.020000457763672,28.350000381469727,28.489999771118164,25.285310745239258,99090000
2011-08-11,29.200000762939453,31.0,28.579999923706055,30.290000915527344,26.882835388183594,63486600
2011-08-12,31.190000534057617,31.969999313354492,29.5,29.850000381469727,26.49233055114746,63917600
2011-08-15,30.59000015258789,31.31999969482422,30.25,31.270000457763672,27.75260353088379,45423900
2011-08-16,30.639999389648438,30.709999084472656,29.360000610351562,29.940000534057617,26.572202682495117,50459800
2011-08-17,30.270000457763672,30.829999923706055,29.700000762939453,29.850000381469727,26.49233055114746,33900900
2011-08-18,28.700000762939453,29.0,26.760000228881836,27.979999542236328,24.832672119140625,79479300
2011-08-19,27.40999984741211,28.559999465942383,26.75,26.770000457763672,23.758779525756836,56199100
2011-08-22,27.719999313354492,27.84000015258789,25.989999771118164,26.059999465942383,23.128646850585938,61703800
2011-08-23,26.1299991607666,27.34000015258789,25.399999618530273,27.31999969482422,24.246917724609375,68228200
2011-08-24,27.440000534057617,28.459999084472656,27.149999618530273,28.450000762939453,25.24981117248535,54803500
2011-08-25,30.809999465942383,31.579999923706055,28.969999313354492,29.829999923706055,26.47457504272461,93618100
2011-08-26,29.5,30.25,29.049999237060547,29.84000015258789,26.48345375061035,52076800
2011-08-29,30.56999969482422,31.290000915527344,30.309999465942383,31.290000915527344,27.77035140991211,35270900
2011-08-30,31.040000915527344,31.290000915527344,30.450000762939453,30.940000534057617,27.459716796875,30682600
2011-08-31,31.229999542236328,31.540000915527344,30.760000228881836,31.049999237060547,27.557348251342773,34079800
2011-09-01,30.93000030517578,31.049999237060547,30.0,30.0,26.625455856323242,32273400
2011-09-02,28.420000076293945,29.030000686645508,28.260000228881836,28.399999618530273,25.20543098449707,36128000
2011-09-06,27.040000915527344,27.920000076293945,26.600000381469727,27.700000762939453,24.58417320251465,44663700
2011-09-07,28.329999923706055,29.200000762939453,28.100000381469727,28.979999542236328,25.720190048217773,35099200
2011-09-08,28.639999389648438,28.84000015258789,27.84000015258789,27.979999542236328,24.832672119140625,38061800
2011-09-09,27.649999618530273,27.799999237060547,26.639999389648438,26.739999771118164,23.732162475585938,46652300
2011-09-12,26.25,26.979999542236328,26.049999237060547,26.959999084472656,23.92740821838379,44486300
2011-09-13,27.149999618530273,27.649999618530273,26.81999969482422,27.049999237060547,24.007287979125977,36296700
2011-09-14,27.3799991607666,27.729999542236328,26.700000762939453,27.389999389648438,24.309040069580078,32634200
2011-09-15,27.920000076293945,28.600000381469727,27.559999465942383,28.59000015258789,25.374061584472656,40745500
2011-09-16,28.920000076293945,29.280000686645508,28.15999984741211,28.989999771118164,25.729063034057617,49241900
2011-09-19,28.06999969482422,28.079999923706055,27.31999969482422,27.709999084472656,24.593042373657227,37811400
2011-09-20,27.799999237060547,27.93000030517578,26.899999618530273,26.93000030517578,23.900779724121094,35419400
2011-09-21,27.0,27.530000686645508,25.510000228881836,25.520000457763672,22.649389266967773,73165300
2011-09-22,24.56999969482422,24.989999771118164,23.190000534057617,23.959999084472656,21.264867782592773,86914400
2011-09-23,23.520000457763672,25.149999618530273,23.459999084472656,24.979999542236328,22.170129776000977,56330600
2011-09-26,25.440000534057617,26.84000015258789,25.3700008392334,26.719999313354492,23.71440887451172,60165600
2011-09-27,27.889999389648438,28.31999969482422,26.75,26.989999771118164,23.95404052734375,61327200
2011-09-28,26.950000762939453,27.139999389648438,25.899999618530273,25.920000076293945,23.0043888092041,41353400
2011-09-29,26.829999923706055,27.239999771118164,25.920000076293945,26.899999618530273,23.874156951904297,44445900
2011-09-30,26.260000228881836,26.5,25.610000610351562,25.6200008392334,22.738140106201172,41243300
2011-10-03,25.15999984741211,25.68000030517578,23.049999237060547,23.110000610351562,20.51047706604004,69568400
2011-10-04,22.559999465942383,24.530000686645508,21.399999618530273,24.389999389648438,21.64649200439453,84504100
2011-10-05,24.1299991607666,25.09000015258789,23.290000915527344,24.709999084472656,21.930498123168945,54164000
2011-10-06,24.719999313354492,26.219999313354492,24.280000686645508,26.020000457763672,23.09314727783203,69855700
2011-10-07,26.31999969482422,26.420000076293945,24.549999237060547,24.6299991607666,21.8594970703125,64586100
2011-10-10,25.440000534057617,26.5,25.40999984741211,26.489999771118164,23.51027488708496,46194400
2011-10-11,26.020000457763672,28.270000457763672,25.90999984741211,27.84000015258789,24.708423614501953,80653500
2011-10-12,28.389999389648438,29.969999313354492,28.18000030517578,29.200000762939453,25.915441513061523,89031000
2011-10-13,28.530000686645508,28.639999389648438,27.25,27.639999389648438,24.53092384338379,63361700
2011-10-14,28.209999084472656,28.40999984741211,27.229999542236328,28.399999618530273,25.20543098449707,48555700
2011-10-17,28.81999969482422,29.489999771118164,27.8799991607666,27.93000030517578,24.78829574584961,82340000
2011-10-18,28.389999389648438,30.530000686645508,28.010000228881836,29.8799991607666,26.518949508666992,78304400
2011-10-19,29.969999313354492,31.329999923706055,29.200000762939453,29.389999389648438,26.08407211303711,75783900
2011-10-20,29.3799991607666,30.200000762939453,28.700000762939453,30.079999923706055,26.69645118713379,52466000
2011-10-21,30.420000076293945,30.700000762939453,29.690000534057617,30.299999237060547,26.89171028137207,68536100
2011-10-24,30.479999542236328,31.850000381469727,30.479999542236328,31.600000381469727,28.045482635498047,58945800
2011-10-25,31.399999618530273,31.5,30.450000762939453,30.899999618530273,27.424217224121094,65217200
2011-10-26,31.59000015258789,31.8700008392334,30.270000457763672,31.149999618530273,27.64609146118164,68002100
2011-10-27,33.369998931884766,34.400001525878906,32.709999084472656,34.16999816894531,30.326383590698242,104602100
2011-10-28,33.54999923706055,34.38999938964844,33.220001220703125,34.15999984741211,30.317522048950195,51423800
2011-10-31,33.060001373291016,33.20000076293945,31.540000915527344,31.59000015258789,28.036609649658203,65573000
2011-11-01,28.920000076293945,30.270000457763672,28.399999618530273,29.170000076293945,25.88882064819336,90369200
2011-11-02,30.25,30.3799991607666,29.43000030517578,29.829999923706055,26.47457504272461,49419600
2011-11-03,30.6299991607666,31.100000381469727,29.290000915527344,30.780000686645508,27.32687759399414,63378600
2011-11-04,30.549999237060547,30.600000381469727,30.010000228881836,30.34000015258789,26.936246871948242,39917200
2011-11-07,30.34000015258789,30.649999618530273,29.799999237060547,30.549999237060547,27.122678756713867,34837700
2011-11-08,31.059999465942383,31.549999237060547,30.6299991607666,31.420000076293945,27.895078659057617,44373800
2011-11-09,30.139999389648438,30.200000762939453,28.700000762939453,28.850000381469727,25.613401412963867,62394700
2011-11-10,29.760000228881836,29.760000228881836,28.219999313354492,28.6299991607666,25.418079376220703,54183800
2011-11-11,29.18000030517578,29.6299991607666,29.110000610351562,29.329999923706055,26.03955078125,40412100
2011-11-14,29.110000610351562,29.139999389648438,28.059999465942383,28.3799991607666,25.196130752563477,41679600
2011-11-15,28.040000915527344,28.549999237060547,27.399999618530273,28.020000457763672,24.876514434814453,62607800
2011-11-16,27.790000915527344,27.889999389648438,26.799999237060547,26.860000610351562,23.846649169921875,52980400
2011-11-17,27.020000457763672,27.020000457763672,25.799999237060547,26.0,23.0831356048584,60160600
2011-11-18,26.149999618530273,26.719999313354492,25.829999923706055,26.280000686645508,23.331722259521484,47280700
2011-11-21,25.639999389648438,25.65999984741211,24.729999542236328,25.0,22.195323944091797,62290100
2011-11-22,25.020000457763672,25.350000381469727,24.43000030517578,24.459999084472656,21.715900421142578,44985900
2011-11-23,24.079999923706055,24.100000381469727,23.299999237060547,23.510000228881836,20.872482299804688,60513700
2011-11-25,23.6299991607666,24.510000228881836,23.530000686645508,23.6299991607666,20.97901153564453,28169200
2011-11-28,25.229999542236328,25.479999542236328,24.649999618530273,25.049999237060547,22.239707946777344,63928900
2011-11-29,24.959999084472656,25.799999237060547,24.600000381469727,25.239999771118164,22.40839385986328,58172500
2011-11-30,26.8700008392334,27.5,26.270000457763672,27.479999542236328,24.397092819213867,74290000
2011-12-01,27.079999923706055,27.229999542236328,26.600000381469727,26.989999771118164,23.962066650390625,41866700
2011-12-02,27.719999313354492,28.700000762939453,27.649999618530273,28.170000076293945,25.009681701660156,62471900
2011-12-05,29.020000457763672,30.139999389648438,28.920000076293945,29.829999923706055,26.48345184326172,80804300
2011-12-06,29.540000915527344,29.889999389648438,29.170000076293945,29.75,26.41243553161621,42795300
2011-12-07,29.18000030517578,30.0,28.719999313354492,29.829999923706055,26.48345184326172,53277800
2011-12-08,29.280000686645508,29.350000381469727,27.40999984741211,27.75,24.636802673339844,80314500
2011-12-09,28.190000534057617,29.270000457763672,27.950000762939453,28.770000457763672,25.542375564575195,59372400
2011-12-12,27.8700008392334,27.899999618530273,26.959999084472656,27.219999313354492,24.166261672973633,49251600
2011-12-13,27.549999237060547,27.700000762939453,26.34000015258789,26.899999618530273,23.88216209411621,56573800
2011-12-14,26.450000762939453,27.190000534057617,25.920000076293945,26.049999237060547,23.127521514892578,68337300
2011-12-15,26.6200008392334,26.899999618530273,25.8799991607666,25.920000076293945,23.01210594177246,44899200
2011-12-16,26.25,26.579999923706055,25.700000762939453,26.030000686645508,23.109764099121094,49643500
2011-12-19,26.049999237060547,26.06999969482422,24.399999618530273,24.81999969482422,22.0355167388916,72789000
2011-12-20,25.510000228881836,26.149999618530273,25.329999923706055,25.950000762939453,23.038745880126953,67653700
2011-12-21,26.1299991607666,26.200000762939453,25.40999984741211,26.100000381469727,23.171918869018555,44246000
2011-12-22,26.5,27.940000534057617,26.43000030517578,27.649999618530273,24.548017501831055,64529700
2011-12-23,27.899999618530273,27.93000030517578,27.110000610351562,27.459999084472656,24.379331588745117,35958100
2011-12-27,27.09000015258789,27.760000228881836,26.850000381469727,26.899999618530273,23.88216209411621,23916700
2011-12-28,26.989999771118164,27.030000686645508,26.020000457763672,26.1299991607666,23.19854736328125,30292700
2011-12-29,26.200000762939453,26.809999465942383,26.1299991607666,26.760000228881836,23.757871627807617,28016100
2011-12-30,26.520000457763672,26.780000686645508,26.290000915527344,26.309999465942383,23.358354568481445,26210200
2012-01-03,27.1299991607666,28.510000228881836,27.1299991607666,28.329999923706055,25.151731491088867,58169500
2012-01-04,28.040000915527344,28.3799991607666,27.6200008392334,28.170000076293945,25.009681701660156,41455000
2012-01-05,27.65999984741211,29.18000030517578,27.469999313354492,28.510000228881836,25.311542510986328,66793300
2012-01-06,28.65999984741211,29.059999465942383,28.010000228881836,28.549999237060547,25.347055435180664,48226900
2012-01-09,28.719999313354492,29.3799991607666,28.649999618530273,29.079999923706055,25.817594528198242,35017900
2012-01-10,29.75,30.139999389648438,29.65999984741211,30.0,26.634384155273438,47710900
2012-01-11,29.770000457763672,31.450000762939453,29.739999771118164,31.270000457763672,27.76190948486328,72656000
2012-01-12,31.850000381469727,32.09000015258789,30.860000610351562,31.600000381469727,28.05489158630371,58233900
2012-01-13,30.209999084472656,31.0,29.8799991607666,30.739999771118164,27.291364669799805,65632100
2012-01-17,29.18000030517578,29.969999313354492,28.15999984741211,28.219999313354492,25.054080963134766,116154600
2012-01-18,28.139999389648438,29.09000015258789,27.65999984741211,29.030000686645508,25.773204803466797,77552100
2012-01-19,29.790000915527344,30.040000915527344,29.100000381469727,29.329999923706055,26.03955078125,63977200
2012-01-20,29.239999771118164,29.639999389648438,28.670000076293945,29.639999389648438,26.314773559570312,55968600
2012-01-23,29.579999923706055,30.329999923706055,29.40999984741211,29.850000381469727,26.501216888427734,39474700
2012-01-24,29.190000534057617,29.989999771118164,28.899999618530273,29.899999618530273,26.545602798461914,37257100
2012-01-25,29.389999389648438,30.149999618530273,29.31999969482422,29.959999084472656,26.59886360168457,39067000
2012-01-26,30.40999984741211,30.950000762939453,29.540000915527344,30.3799991607666,26.97174835205078,50455500
2012-01-27,30.059999465942383,30.90999984741211,30.020000457763672,30.8700008392334,27.40677833557129,37713400
2012-01-30,30.43000030517578,30.530000686645508,30.079999923706055,30.229999542236328,26.838586807250977,34772400
2012-01-31,30.670000076293945,30.899999618530273,30.299999237060547,30.719999313354492,27.273609161376953,40151200
2012-02-01,31.270000457763672,32.04999923706055,31.139999389648438,31.600000381469727,28.05489158630371,64155000
2012-02-02,31.649999618530273,32.34000015258789,31.34000015258789,31.989999771118164,28.410120010375977,41331200
2012-02-03,32.849998474121094,33.599998474121094,32.63999938964844,33.540000915527344,29.786672592163086,56356700
2012-02-06,33.18000030517578,33.369998931884766,32.939998626708984,33.29999923706055,29.573530197143555,32026000
2012-02-07,33.13999938964844,33.369998931884766,32.790000915527344,33.06999969482422,29.3692684173584,32391800
2012-02-08,33.279998779296875,34.279998779296875,33.25,34.22999954223633,30.399452209472656,49495300
2012-02-09,34.63999938964844,34.7400016784668,33.599998474121094,33.65999984741211,29.89324188232422,54651400
2012-02-10,32.970001220703125,33.20000076293945,32.650001525878906,32.93000030517578,29.24493408203125,40688300
2012-02-13,33.470001220703125,33.59000015258789,32.86000061035156,32.880001068115234,29.20052719116211,54999100
2012-02-14,32.68000030517578,32.70000076293945,31.350000381469727,32.08000183105469,28.490049362182617,54665300
2012-02-15,32.33000183105469,32.70000076293945,31.530000686645508,31.719999313354492,28.170331954956055,49170100
2012-02-16,31.43000030517578,32.720001220703125,31.06999969482422,32.709999084472656,29.0495548248291,51924500
2012-02-17,32.880001068115234,33.06999969482422,32.619998931884766,32.91999816894531,29.236051559448242,30968200
2012-02-21,32.970001220703125,33.529998779296875,32.90999984741211,33.36000061035156,29.62681007385254,45487500
2012-02-22,32.970001220703125,33.09000015258789,32.279998779296875,32.36000061035156,28.73872184753418,38321200
2012-02-23,32.400001525878906,32.91999816894531,32.08000183105469,32.709999084472656,29.0495548248291,34682100
2012-02-24,32.810001373291016,32.97999954223633,32.20000076293945,32.349998474121094,28.729829788208008,26596200
2012-02-27,32.04999923706055,33.029998779296875,31.93000030517578,32.93000030517578,29.24493408203125,36057200
2012-02-28,32.970001220703125,33.61000061035156,32.939998626708984,33.47999954223633,29.733375549316406,38179400
2012-02-29,33.52000045776367,34.0,33.2599983215332,33.31999969482422,29.591289520263672,43322100
2012-03-01,33.52000045776367,34.45000076293945,33.52000045776367,34.130001068115234,30.310640335083008,47853800
2012-03-02,34.25,34.47999954223633,34.08000183105469,34.099998474121094,30.28400230407715,32112000
2012-03-05,33.939998626708984,34.0,33.40999984741211,33.68000030517578,29.911001205444336,33306000
2012-03-06,32.7599983215332,32.95000076293945,31.770000457763672,32.119998931884766,28.525569915771484,49832100
2012-03-07,32.47999954223633,33.36000061035156,32.31999969482422,33.2400016784668,29.52024269104004,34763400
2012-03-08,33.68000030517578,34.02000045776367,33.209999084472656,34.0,30.195188522338867,35951400
2012-03-09,34.310001373291016,34.88999938964844,34.09000015258789,34.20000076293945,30.3728084564209,42006000
2012-03-12,33.91999816894531,34.310001373291016,33.540000915527344,34.290000915527344,30.452739715576172,38513800
2012-03-13,34.970001220703125,36.720001220703125,34.869998931884766,36.45000076293945,32.37102127075195,91242400
2012-03-14,35.25,36.099998474121094,34.880001068115234,35.209999084472656,31.269773483276367,113680500
2012-03-15,35.470001220703125,36.59000015258789,35.08000183105469,36.27000045776367,32.21116638183594,61559900
2012-03-16,36.4900016784668,36.79999923706055,36.27000045776367,36.689998626708984,32.58415985107422,46028600
2012-03-19,36.779998779296875,38.400001525878906,36.540000915527344,37.16999816894531,33.010440826416016,72146000
2012-03-20,36.849998474121094,38.38999938964844,36.720001220703125,38.08000183105469,33.818607330322266,58269900
2012-03-21,38.209999084472656,38.31999969482422,37.31999969482422,37.79999923706055,33.56993865966797,46300300
2012-03-22,37.279998779296875,37.5,36.54999923706055,36.900001525878906,32.770652770996094,51433700
2012-03-23,36.7599983215332,37.38999938964844,36.65999984741211,37.130001068115234,32.974937438964844,34154700
2012-03-26,37.599998474121094,37.689998626708984,37.18000030517578,37.43000030517578,33.241355895996094,27895100
2012-03-27,37.400001525878906,37.720001220703125,36.77000045776367,36.779998779296875,32.66409683227539,31146600
2012-03-28,36.709999084472656,37.2400016784668,36.52000045776367,37.060001373291016,32.91275405883789,36305600
2012-03-29,36.630001068115234,36.779998779296875,35.93000030517578,36.5099983215332,32.42429733276367,32684100
2012-03-30,36.70000076293945,36.79999923706055,36.25,36.54999923706055,32.45981979370117,23966200
2012-04-02,36.400001525878906,37.13999938964844,36.15999984741211,36.869998931884766,32.744022369384766,23825400
2012-04-03,36.70000076293945,36.84000015258789,36.0,36.369998931884766,32.29997253417969,30799800
2012-04-04,35.880001068115234,35.88999938964844,34.81999969482422,35.040000915527344,31.11881446838379,45697800
2012-04-05,34.72999954223633,35.279998779296875,34.529998779296875,34.790000915527344,30.89677619934082,31465700
2012-04-09,34.0,34.27000045776367,33.58000183105469,33.970001220703125,30.168548583984375,34335400
2012-04-10,33.95000076293945,34.400001525878906,32.70000076293945,32.86000061035156,29.182762145996094,58489800
2012-04-11,33.59000015258789,33.9900016784668,33.279998779296875,33.59000015258789,29.831077575683594,30680500
2012-04-12,33.79999923706055,34.869998931884766,33.61000061035156,34.630001068115234,30.754695892333984,36908700
2012-04-13,34.619998931884766,34.65999984741211,33.15999984741211,33.40999984741211,29.671218872070312,41220900
2012-04-16,34.16999816894531,34.70000076293945,33.7599983215332,34.0,30.195188522338867,59668700
2012-04-17,34.81999969482422,35.40999984741211,34.43000030517578,35.08000183105469,31.15432357788086,52307900
2012-04-18,34.88999938964844,35.9900016784668,34.88999938964844,35.08000183105469,31.15432357788086,41510700
2012-04-19,35.439998626708984,35.5,34.459999084472656,34.849998474121094,30.950069427490234,40303900
2012-04-20,34.959999084472656,35.029998779296875,33.79999923706055,33.88999938964844,30.097497940063477,37359200
2012-04-23,32.84000015258789,33.310001373291016,32.459999084472656,33.25,29.529123306274414,39887900
2012-04-24,33.369998931884766,33.90999984741211,33.0,33.41999816894531,29.680091857910156,30282900
2012-04-25,34.040000915527344,34.08000183105469,33.209999084472656,33.68000030517578,29.911001205444336,32379600
2012-04-26,33.41999816894531,34.13999938964844,33.349998474121094,33.880001068115234,30.088619232177734,28828900
2012-04-27,34.040000915527344,34.09000015258789,33.38999938964844,33.5,29.751144409179688,28829900
2012-04-30,33.349998474121094,33.40999984741211,32.72999954223633,33.040000915527344,29.342613220214844,26263300
2012-05-01,32.91999816894531,33.90999984741211,32.75,33.599998474121094,29.839950561523438,35450300
2012-05-02,33.290000915527344,33.33000183105469,32.65999984741211,32.70000076293945,29.04067039489746,32805100
2012-05-03,32.779998779296875,32.90999984741211,32.209999084472656,32.47999954223633,28.854108810424805,31713200
2012-05-04,32.34000015258789,32.54999923706055,31.56999969482422,31.600000381469727,28.072351455688477,34461400
2012-05-07,31.139999389648438,31.979999542236328,31.059999465942383,31.670000076293945,28.13453483581543,36302400
2012-05-08,31.079999923706055,31.610000610351562,31.0,31.31999969482422,27.823606491088867,27727300
2012-05-09,30.8799991607666,31.0,30.200000762939453,30.450000762939453,27.05072784423828,47974900
2012-05-10,31.100000381469727,31.450000762939453,30.459999084472656,30.649999618530273,27.22840118408203,36923000
2012-05-11,29.360000610351562,29.969999313354492,29.1200008392334,29.350000381469727,26.073530197143555,59709500
2012-05-14,28.889999389648438,29.170000076293945,28.059999465942383,28.139999389648438,24.998607635498047,51814200
2012-05-15,28.3799991607666,28.600000381469727,27.649999618530273,27.790000915527344,24.68767547607422,60977400
2012-05-16,28.100000381469727,28.440000534057617,26.90999984741211,26.920000076293945,23.914793014526367,54396100
2012-05-17,26.969999313354492,27.399999618530273,26.329999923706055,26.40999984741211,23.46173095703125,68419000
2012-05-18,26.469999313354492,26.549999237060547,25.829999923706055,26.010000228881836,23.106388092041016,60358300
2012-05-21,26.200000762939453,26.739999771118164,25.75,26.25,23.319599151611328,47884900
2012-05-22,26.649999618530273,27.700000762939453,26.520000457763672,26.920000076293945,23.914793014526367,50788200
2012-05-23,26.530000686645508,27.170000076293945,26.079999923706055,27.149999618530273,24.119123458862305,48579300
2012-05-24,27.260000228881836,27.43000030517578,26.309999465942383,26.65999984741211,23.68382453918457,40744800
2012-05-25,26.3700008392334,26.93000030517578,26.350000381469727,26.469999313354492,23.515029907226562,25276300
2012-05-29,26.84000015258789,27.06999969482422,26.670000076293945,27.020000457763672,24.003637313842773,27076800
2012-05-30,26.530000686645508,26.610000610351562,25.979999542236328,26.0,23.097509384155273,33578900
2012-05-31,26.200000762939453,26.780000686645508,25.860000610351562,26.510000228881836,23.550565719604492,37222100
2012-06-01,25.860000610351562,26.079999923706055,25.25,25.389999389648438,22.55559730529785,41527800
2012-06-04,25.459999084472656,25.530000686645508,24.610000610351562,24.81999969482422,22.04923439025879,38793800
2012-06-05,24.75,25.8799991607666,24.739999771118164,25.75,22.875411987304688,36086100
2012-06-06,26.309999465942383,27.149999618530273,26.010000228881836,27.139999389648438,24.11023712158203,47077900
2012-06-07,27.770000457763672,27.950000762939453,26.68000030517578,26.90999984741211,23.90591049194336,44148600
2012-06-08,26.639999389648438,27.790000915527344,26.360000610351562,27.770000457763672,24.669904708862305,36994900
2012-06-11,28.43000030517578,28.5,26.43000030517578,26.479999542236328,23.52391815185547,58250900
2012-06-12,26.65999984741211,27.649999618530273,26.420000076293945,27.6200008392334,24.536653518676758,43147200
2012-06-13,27.34000015258789,28.100000381469727,27.06999969482422,27.670000076293945,24.581071853637695,46785400
2012-06-14,27.760000228881836,28.15999984741211,27.56999969482422,27.90999984741211,24.794282913208008,45508800
2012-06-15,28.100000381469727,28.309999465942383,27.100000381469727,28.309999465942383,25.149627685546875,60019800
2012-06-18,27.979999542236328,28.1200008392334,27.5,27.549999237060547,24.474470138549805,32822200
2012-06-19,27.93000030517578,28.690000534057617,27.8799991607666,28.5,25.31841278076172,42654400
2012-06-20,28.700000762939453,29.309999465942383,28.3799991607666,28.860000610351562,25.638229370117188,47693300
2012-06-21,28.8799991607666,29.200000762939453,27.760000228881836,27.829999923706055,24.72321319580078,39787200
2012-06-22,28.15999984741211,28.3799991607666,27.799999237060547,27.989999771118164,24.86534881591797,29956200
2012-06-25,27.260000228881836,27.329999923706055,26.5,26.75,23.76377296447754,43716100
2012-06-26,26.84000015258789,27.100000381469727,26.56999969482422,26.729999542236328,23.746004104614258,34250300
2012-06-27,26.809999465942383,27.219999313354492,26.5,27.100000381469727,24.0747013092041,29528900
2012-06-28,26.459999084472656,26.739999771118164,25.6299991607666,26.389999389648438,23.4439640045166,68262300
2012-06-29,27.450000762939453,27.59000015258789,27.010000228881836,27.40999984741211,24.350101470947266,54296400
2012-07-02,27.469999313354492,27.93000030517578,26.969999313354492,27.459999084472656,24.394512176513672,29971400
2012-07-03,27.399999618530273,27.770000457763672,27.190000534057617,27.649999618530273,24.563302993774414,14966500
2012-07-05,27.520000457763672,27.6200008392334,26.700000762939453,26.84000015258789,23.843730926513672,31836300
2012-07-06,26.440000534057617,26.770000457763672,26.100000381469727,26.360000610351562,23.417312622070312,27552100
2012-07-09,26.209999084472656,26.3799991607666,25.799999237060547,26.110000610351562,23.195220947265625,27902500
2012-07-10,26.440000534057617,26.610000610351562,25.700000762939453,25.8799991607666,22.990896224975586,27895100
2012-07-11,25.959999084472656,26.459999084472656,25.719999313354492,25.8700008392334,22.982013702392578,37863200
2012-07-12,25.610000610351562,25.649999618530273,25.149999618530273,25.280000686645508,22.4578800201416,36919200
2012-07-13,25.579999923706055,26.969999313354492,25.540000915527344,26.649999618530273,23.67493438720703,48422100
2012-07-16,27.450000762939453,27.530000686645508,26.6200008392334,26.809999465942383,23.817075729370117,59427600
2012-07-17,27.1299991607666,27.40999984741211,26.610000610351562,27.3799991607666,24.323448181152344,39561100
2012-07-18,27.190000534057617,27.5,26.90999984741211,27.100000381469727,24.0747013092041,32283900
2012-07-19,27.15999984741211,27.350000381469727,26.450000762939453,26.59000015258789,23.621641159057617,33200800
2012-07-20,26.260000228881836,26.260000228881836,25.850000381469727,25.8700008392334,22.982013702392578,31663300
2012-07-23,25.100000381469727,25.420000076293945,25.010000228881836,25.34000015258789,22.51117515563965,39012600
2012-07-24,25.440000534057617,25.489999771118164,24.90999984741211,25.239999771118164,22.422344207763672,35737900
2012-07-25,25.469999313354492,26.100000381469727,25.459999084472656,25.790000915527344,22.91094398498535,37005900
2012-07-26,26.469999313354492,26.520000457763672,26.0,26.280000686645508,23.34624671936035,29947900
2012-07-27,26.600000381469727,27.600000381469727,26.350000381469727,27.299999237060547,24.25237274169922,52233900
2012-07-30,27.25,27.3799991607666,26.979999542236328,27.139999389648438,24.11023712158203,26263900
2012-07-31,26.979999542236328,27.270000457763672,26.760000228881836,27.1299991607666,24.101360321044922,24735600
2012-08-01,27.299999237060547,27.34000015258789,26.5,26.780000686645508,23.790424346923828,38396000
2012-08-02,26.239999771118164,26.639999389648438,26.0,26.18000030517578,23.26609992980957,31938700
2012-08-03,26.84000015258789,27.68000030517578,26.600000381469727,27.399999618530273,24.350305557250977,39855200
2012-08-06,27.579999923706055,28.729999542236328,27.40999984741211,28.559999465942383,25.38119888305664,40063000
2012-08-07,28.6200008392334,29.389999389648438,28.56999969482422,28.889999389648438,25.674467086791992,39406800
2012-08-08,28.6299991607666,29.139999389648438,28.440000534057617,28.860000610351562,25.647804260253906,21628800
2012-08-09,28.799999237060547,28.989999771118164,28.6200008392334,28.860000610351562,25.647804260253906,17522000
2012-08-10,28.639999389648438,28.989999771118164,28.350000381469727,28.899999618530273,25.683353424072266,25277600
2012-08-13,28.84000015258789,29.149999618530273,28.540000915527344,28.780000686645508,25.576705932617188,22901800
2012-08-14,28.90999984741211,29.190000534057617,28.68000030517578,28.770000457763672,25.567827224731445,26002900
2012-08-15,28.65999984741211,28.959999084472656,28.559999465942383,28.739999771118164,25.54115867614746,19283200
2012-08-16,28.760000228881836,28.940000534057617,28.309999465942383,28.81999969482422,25.612253189086914,21641400
2012-08-17,28.90999984741211,29.100000381469727,28.790000915527344,29.030000686645508,25.798879623413086,27365000
2012-08-20,28.959999084472656,29.979999542236328,28.860000610351562,29.979999542236328,26.643142700195312,31880800
2012-08-21,30.229999542236328,31.1200008392334,30.139999389648438,30.729999542236328,27.309669494628906,64434500
2012-08-22,30.56999969482422,30.920000076293945,30.260000228881836,30.489999771118164,27.096384048461914,31092000
2012-08-23,30.459999084472656,30.600000381469727,29.450000762939453,29.59000015258789,26.296550750732422,31208400
2012-08-24,29.329999923706055,29.940000534057617,29.020000457763672,29.829999923706055,26.509841918945312,29697600
2012-08-27,29.899999618530273,30.079999923706055,29.420000076293945,29.690000534057617,26.38542366027832,24897100
2012-08-28,29.530000686645508,29.889999389648438,29.309999465942383,29.34000015258789,26.074382781982422,20453900
2012-08-29,29.270000457763672,30.040000915527344,29.200000762939453,29.90999984741211,26.5809383392334,26634600
2012-08-30,29.729999542236328,29.790000915527344,29.360000610351562,29.649999618530273,26.349878311157227,21811500
2012-08-31,29.899999618530273,30.190000534057617,29.540000915527344,29.709999084472656,26.403196334838867,25333200
2012-09-04,29.530000686645508,30.06999969482422,29.530000686645508,29.700000762939453,26.394311904907227,23189700
2012-09-05,29.719999313354492,29.920000076293945,29.600000381469727,29.770000457763672,26.45652198791504,18163900
2012-09-06,29.899999618530273,31.149999618530273,29.8799991607666,31.1200008392334,27.656259536743164,59369400
2012-09-07,31.399999618530273,32.45000076293945,31.399999618530273,32.06999969482422,28.500520706176758,52132900
2012-09-10,32.130001068115234,32.599998474121094,31.770000457763672,31.829999923706055,28.287235260009766,32084700
2012-09-11,31.889999389648438,34.4900016784668,31.31999969482422,32.65999984741211,29.024858474731445,37575500
2012-09-12,33.0099983215332,33.58000183105469,32.81999969482422,33.04999923706055,29.371448516845703,41363700
2012-09-13,32.970001220703125,34.5,32.63999938964844,34.45000076293945,30.615625381469727,62548500
2012-09-14,35.040000915527344,35.25,34.47999954223633,34.790000915527344,30.917781829833984,59510200
2012-09-17,34.470001220703125,34.720001220703125,33.849998474121094,34.060001373291016,30.269031524658203,31628600
2012-09-18,33.7400016784668,34.0,33.31999969482422,33.939998626708984,30.162391662597656,37055100
2012-09-19,34.029998779296875,34.540000915527344,33.880001068115234,34.18000030517578,30.37567138671875,44888800
2012-09-20,33.560001373291016,33.9900016784668,33.2599983215332,33.810001373291016,30.04686164855957,31832500
2012-09-21,34.34000015258789,34.400001525878906,33.5099983215332,33.66999816894531,29.922433853149414,30342600
2012-09-24,33.27000045776367,33.779998779296875,33.20000076293945,33.4900016784668,29.762474060058594,28090000
2012-09-25,33.68000030517578,33.900001525878906,32.849998474121094,32.86000061035156,29.20259666442871,37088900
2012-09-26,32.540000915527344,32.79999923706055,31.8799991607666,32.5099983215332,28.89154624938965,46571400
2012-09-27,32.84000015258789,33.33000183105469,32.560001373291016,32.970001220703125,29.300357818603516,32072500
2012-09-28,32.72999954223633,33.119998931884766,32.529998779296875,32.720001220703125,29.07818031311035,28952300
2012-10-01,33.0,33.59000015258789,32.70000076293945,32.75,29.10483741760254,33550700
2012-10-02,33.27000045776367,33.380001068115234,32.869998931884766,33.2599983215332,29.558067321777344,25460500
2012-10-03,33.439998626708984,34.060001373291016,33.04999923706055,34.060001373291016,30.269031524658203,34206500
2012-10-04,34.40999984741211,35.09000015258789,34.27000045776367,34.959999084472656,31.068859100341797,39524000
2012-10-05,35.38999938964844,35.7400016784668,34.599998474121094,34.77000045776367,30.900007247924805,42369700
2012-10-08,34.22999954223633,34.88999938964844,34.22999954223633,34.779998779296875,30.908893585205078,20622700
2012-10-09,34.81999969482422,35.08000183105469,34.52000045776367,34.599998474121094,30.748920440673828,29208800
2012-10-10,34.709999084472656,35.18000030517578,34.59000015258789,35.13999938964844,31.228818893432617,29302200
2012-10-11,35.66999816894531,36.15999984741211,35.36000061035156,35.52000045776367,31.566530227661133,44125600
2012-10-12,34.810001373291016,35.650001525878906,34.65999984741211,34.75,30.882230758666992,42554900
2012-10-15,35.400001525878906,36.70000076293945,35.20000076293945,36.65999984741211,32.579647064208984,76080200
2012-10-16,36.40999984741211,37.400001525878906,36.25,37.25,33.103981018066406,128150100
2012-10-17,37.66999816894531,38.47999954223633,37.560001373291016,38.43000030517578,34.152652740478516,69122700
2012-10-18,38.2400016784668,38.720001220703125,38.0099983215332,38.41999816894531,34.143760681152344,43728600
2012-10-19,38.029998779296875,38.060001373291016,37.0099983215332,37.15999984741211,33.02399444580078,59598800
2012-10-22,37.209999084472656,37.75,37.09000015258789,37.720001220703125,33.521671295166016,35734500
2012-10-23,36.9900016784668,37.29999923706055,36.79999923706055,36.88999938964844,32.7840461730957,36533100
2012-10-24,37.25,37.70000076293945,37.02000045776367,37.29999923706055,33.148414611816406,41788700
2012-10-25,37.720001220703125,37.84000015258789,36.900001525878906,37.40999984741211,33.24617004394531,32797300
2012-10-26,37.13999938964844,37.310001373291016,36.47999954223633,36.599998474121094,32.52632141113281,40482500
2012-10-31,36.97999954223633,37.47999954223633,36.7400016784668,37.38999938964844,33.228397369384766,34193700
2012-11-01,37.56999969482422,38.0,37.349998474121094,37.95000076293945,33.73509216308594,36174700
2012-11-02,38.099998474121094,38.15999984741211,37.5099983215332,37.599998474121094,33.4239616394043,24526300
2012-11-05,37.29999923706055,37.59000015258789,36.95000076293945,37.31999969482422,33.1750602722168,25782400
2012-11-06,37.45000076293945,38.5,37.43000030517578,38.470001220703125,34.197330474853516,39803700
2012-11-07,37.619998931884766,37.790000915527344,36.0,36.04999923706055,32.046112060546875,68287600
2012-11-08,36.459999084472656,36.650001525878906,35.95000076293945,36.0,32.00166320800781,40321600
2012-11-09,35.58000183105469,36.52000045776367,35.400001525878906,35.93000030517578,31.939441680908203,37701300
2012-11-12,36.119998931884766,36.7400016784668,35.959999084472656,36.41999816894531,32.37501525878906,24364200
2012-11-13,36.0099983215332,36.77000045776367,35.93000030517578,36.15999984741211,32.14388656616211,25977400
2012-11-14,36.290000915527344,36.459999084472656,34.88999938964844,35.02000045776367,31.130508422851562,49909500
2012-11-15,35.189998626708984,35.79999923706055,35.0099983215332,35.209999084472656,31.29939842224121,39677700
2012-11-16,35.150001525878906,35.310001373291016,34.16999816894531,34.97999954223633,31.094947814941406,52828200
2012-11-19,35.72999954223633,36.41999816894531,35.70000076293945,36.099998474121094,32.09055709838867,34352000
2012-11-20,35.849998474121094,36.38999938964844,35.70000076293945,36.0,32.00166320800781,37247900
2012-11-21,36.09000015258789,36.09000015258789,35.58000183105469,35.77000045776367,31.797208786010742,19638900
2012-11-23,35.959999084472656,36.099998474121094,35.81999969482422,36.029998779296875,32.028324127197266,13501300
2012-11-26,35.83000183105469,35.84000015258789,35.36000061035156,35.56999969482422,31.619422912597656,25519300
2012-11-27,35.529998779296875,35.81999969482422,35.02000045776367,35.040000915527344,31.148292541503906,31273300
2012-11-28,34.77000045776367,35.08000183105469,34.040000915527344,35.06999969482422,31.174945831298828,48663700
2012-11-29,35.380001068115234,35.63999938964844,35.02000045776367,35.209999084472656,31.29939842224121,31678000
2012-11-30,34.95000076293945,35.2400016784668,34.220001220703125,34.56999969482422,30.73048210144043,41674500
2012-12-03,34.959999084472656,34.9900016784668,34.130001068115234,34.220001220703125,30.419368743896484,38383600
2012-12-04,34.130001068115234,34.5099983215332,34.06999969482422,34.290000915527344,30.481586456298828,31781900
2012-12-05,35.27000045776367,37.06999969482422,35.099998474121094,36.459999084472656,32.41056823730469,84672900
2012-12-06,36.59000015258789,37.029998779296875,36.25,37.02000045776367,32.908382415771484,44260900
2012-12-07,37.41999816894531,37.75,37.310001373291016,37.63999938964844,33.45951461791992,43946600
2012-12-10,37.349998474121094,37.5,37.029998779296875,37.189998626708984,33.059513092041016,26715900
2012-12-11,37.43000030517578,37.560001373291016,36.83000183105469,37.0,32.890602111816406,29748900
2012-12-12,37.150001525878906,37.81999969482422,37.11000061035156,37.529998779296875,33.36172866821289,42252800
2012-12-13,37.5,37.75,37.220001220703125,37.290000915527344,33.14839553833008,30445400
2012-12-14,37.310001373291016,37.68000030517578,37.130001068115234,37.599998474121094,33.4239616394043,24596000
2012-12-17,37.77000045776367,39.20000076293945,37.7599983215332,39.150001525878906,34.801815032958984,52474700
2012-12-18,39.209999084472656,39.939998626708984,38.779998779296875,39.459999084472656,35.0773811340332,62611800
2012-12-19,39.689998626708984,40.11000061035156,39.310001373291016,39.45000076293945,35.06849670410156,45812600
2012-12-20,39.31999969482422,40.18000030517578,39.29999923706055,40.16999816894531,35.70852279663086,37806600
2012-12-21,38.900001525878906,39.650001525878906,38.5,39.4900016784668,35.10404586791992,47568200
2012-12-24,39.34000015258789,39.54999923706055,39.15999984741211,39.380001068115234,35.00627136230469,8674800
2012-12-26,39.40999984741211,39.75,39.18000030517578,39.54999923706055,35.15739440917969,20297700
2012-12-27,39.68000030517578,39.880001068115234,38.59000015258789,39.25,34.89070510864258,30332300
2012-12-28,38.81999969482422,39.25,38.77000045776367,39.0099983215332,34.67736053466797,24563800
2012-12-31,38.939998626708984,39.599998474121094,38.650001525878906,39.560001373291016,35.16627883911133,37172800
2013-01-02,40.90999984741211,41.400001525878906,40.70000076293945,41.25,36.6685791015625,45648500
2013-01-03,41.16999816894531,41.5,41.040000915527344,41.38999938964844,36.793025970458984,38343300
2013-01-04,41.7599983215332,42.540000915527344,41.630001068115234,42.43000030517578,37.71751403808594,46310100
2013-01-07,42.540000915527344,42.54999923706055,41.970001220703125,42.470001220703125,37.7530632019043,36305100
2013-01-08,42.290000915527344,42.470001220703125,42.029998779296875,42.459999084472656,37.74418258666992,28185200
2013-01-09,42.5,43.25,41.810001373291016,42.040000915527344,37.370826721191406,44923500
2013-01-10,42.34000015258789,43.060001373291016,41.97999954223633,42.83000183105469,38.073081970214844,42154200
2013-01-11,42.81999969482422,42.83000183105469,41.91999816894531,42.34000015258789,37.63751220703125,42517300
2013-01-14,42.36000061035156,42.54999923706055,41.709999084472656,42.220001220703125,37.53083419799805,26795300
2013-01-15,41.810001373291016,42.7400016784668,41.77000045776367,42.56999969482422,37.84196472167969,29118700
2013-01-16,42.540000915527344,42.849998474121094,42.25,42.47999954223633,37.76194763183594,36165300
2013-01-17,41.529998779296875,41.619998931884766,40.900001525878906,41.2400016784668,36.6596794128418,80185700
2013-01-18,41.27000045776367,41.7400016784668,41.11000061035156,41.65999984741211,37.033042907714844,40807100
2013-01-22,41.349998474121094,41.81999969482422,40.81999969482422,41.779998779296875,37.139713287353516,42035900
2013-01-23,41.849998474121094,42.220001220703125,41.540000915527344,42.02000045776367,37.353050231933594,32339300
2013-01-24,42.099998474121094,43.20000076293945,42.040000915527344,42.79999923706055,38.046424865722656,34462600
2013-01-25,43.130001068115234,43.34000015258789,42.619998931884766,42.90999984741211,38.14420700073242,26707200
2013-01-28,42.97999954223633,42.97999954223633,42.22999954223633,42.34000015258789,37.63751220703125,27213600
2013-01-29,42.06999969482422,42.599998474121094,41.95000076293945,42.15999984741211,37.47750473022461,26998900
2013-01-30,41.9900016784668,42.18000030517578,41.7599983215332,41.95000076293945,37.290828704833984,21801200
2013-01-31,41.880001068115234,42.290000915527344,41.619998931884766,42.15999984741211,37.4864387512207,21324700
2013-02-01,42.47999954223633,43.20000076293945,42.220001220703125,43.02000045776367,38.25110626220703,34997400
2013-02-04,42.369998931884766,42.900001525878906,42.16999816894531,42.209999084472656,37.5308952331543,25691500
2013-02-05,42.41999816894531,43.20000076293945,42.349998474121094,42.91999816894531,38.16218566894531,24224200
2013-02-06,42.52000045776367,43.04999923706055,42.5,43.04999923706055,38.27778625488281,22059300
2013-02-07,43.11000061035156,43.4900016784668,42.31999969482422,42.869998931884766,38.11772918701172,29381400
2013-02-08,42.95000076293945,43.09000015258789,42.560001373291016,42.68000030517578,37.948795318603516,17441800
2013-02-11,42.65999984741211,43.400001525878906,42.4900016784668,43.150001525878906,38.36669158935547,23462700
2013-02-12,43.2400016784668,44.5,43.0,44.349998474121094,39.43367004394531,39087500
2013-02-13,44.470001220703125,44.68000030517578,43.7599983215332,44.0,39.12247085571289,26663400
2013-02-14,43.83000183105469,44.41999816894531,43.75,44.31999969482422,39.40700149536133,20048500
2013-02-15,44.47999954223633,44.5099983215332,43.630001068115234,43.84000015258789,38.98020935058594,23244700
2013-02-19,43.9900016784668,44.709999084472656,43.95000076293945,44.5,39.56704330444336,23709100
2013-02-20,44.47999954223633,44.47999954223633,43.119998931884766,43.220001220703125,38.42893600463867,26464100
2013-02-21,42.790000915527344,42.79999923706055,41.88999938964844,42.349998474121094,37.65537643432617,37602900
2013-02-22,42.79999923706055,42.970001220703125,42.40999984741211,42.790000915527344,38.046600341796875,23756400
2013-02-25,43.119998931884766,43.369998931884766,41.040000915527344,41.150001525878906,36.58840560913086,34939800
2013-02-26,41.40999984741211,41.58000183105469,40.279998779296875,41.290000915527344,36.71288299560547,46233000
2013-02-27,41.29999923706055,42.34000015258789,41.02000045776367,42.15999984741211,37.4864387512207,29204600
2013-02-28,42.08000183105469,42.689998626708984,41.75,41.970001220703125,37.31749725341797,28914100
2013-03-01,41.560001373291016,42.52000045776367,41.02000045776367,42.11000061035156,37.44198226928711,29850300
2013-03-04,41.9900016784668,42.939998626708984,41.970001220703125,42.939998626708984,38.17997360229492,27216000
2013-03-05,43.40999984741211,44.029998779296875,43.099998474121094,43.599998474121094,38.76681137084961,43223400
2013-03-06,43.970001220703125,44.75,43.900001525878906,44.58000183105469,39.638179779052734,35986300
2013-03-07,44.560001373291016,45.130001068115234,44.45000076293945,45.0,40.0116081237793,40245900
2013-03-08,45.97999954223633,46.70000076293945,45.369998931884766,46.68000030517578,41.50537872314453,63728900
2013-03-11,46.810001373291016,47.91999816894531,46.400001525878906,47.599998474121094,42.32341003417969,51807400
2013-03-12,47.34000015258789,47.45000076293945,46.400001525878906,46.95000076293945,41.74546432495117,35089100
2013-03-13,46.880001068115234,47.0,46.33000183105469,46.970001220703125,41.76323318481445,27654300
2013-03-14,47.060001373291016,47.65999984741211,47.04999923706055,47.459999084472656,42.19892120361328,26017300
2013-03-15,47.52000045776367,47.56999969482422,46.91999816894531,47.2599983215332,42.021080017089844,48856400
2013-03-18,46.040000915527344,46.560001373291016,45.90999984741211,46.2400016784668,41.114173889160156,38550200
2013-03-19,46.5,46.95000076293945,45.400001525878906,45.790000915527344,40.71403884887695,44416000
2013-03-20,46.13999938964844,46.459999084472656,45.970001220703125,46.09000015258789,40.98079299926758,24498700
2013-03-21,45.90999984741211,46.45000076293945,45.220001220703125,45.22999954223633,40.21612548828125,33126900
2013-03-22,45.529998779296875,45.540000915527344,44.95000076293945,45.22999954223633,40.21612548828125,26449100
2013-03-25,45.7599983215332,45.81999969482422,44.33000183105469,44.4900016784668,39.55815124511719,32795800
2013-03-26,44.689998626708984,45.09000015258789,44.36000061035156,44.83000183105469,39.86045455932617,24940500
2013-03-27,44.43000030517578,44.63999938964844,44.15999984741211,44.459999084472656,39.53147506713867,26298000
2013-03-28,44.45000076293945,44.75,44.04999923706055,44.2400016784668,39.33586502075195,25355400
2013-04-01,44.31999969482422,44.709999084472656,43.65999984741211,43.790000915527344,38.93575668334961,19623400
2013-04-02,43.97999954223633,44.47999954223633,43.880001068115234,44.11000061035156,39.22028350830078,25145000
2013-04-03,43.970001220703125,44.099998474121094,42.20000076293945,42.5,37.78874588012695,47968100
2013-04-04,42.529998779296875,42.97999954223633,42.150001525878906,42.77000045776367,38.02881622314453,38527900
2013-04-05,41.75,43.15999984741211,41.599998474121094,43.0099983215332,38.24221420288086,32561500
2013-04-08,43.060001373291016,43.619998931884766,42.540000915527344,43.560001373291016,38.731239318847656,23502800
2013-04-09,43.689998626708984,44.279998779296875,43.68000030517578,43.88999938964844,39.024662017822266,26793500
2013-04-10,44.22999954223633,45.25,44.18000030517578,45.060001373291016,40.06496810913086,28334200
2013-04-11,45.099998474121094,45.54999923706055,44.650001525878906,44.869998931884766,39.89602279663086,28399900
2013-04-12,44.459999084472656,44.810001373291016,44.060001373291016,44.779998779296875,39.81600570678711,24702000
2013-04-15,46.099998474121094,46.290000915527344,44.83000183105469,44.869998931884766,39.89602279663086,56796300
2013-04-16,45.880001068115234,46.779998779296875,45.83000183105469,46.65999984741211,41.48759841918945,40230100
2013-04-17,46.150001525878906,46.209999084472656,45.06999969482422,45.7400016784668,40.66958999633789,36241300
2013-04-18,45.75,45.75,44.869998931884766,45.09000015258789,40.091636657714844,29877900
2013-04-19,45.439998626708984,45.5,44.90999984741211,45.029998779296875,40.03828811645508,23630500
2013-04-22,45.15999984741211,45.2599983215332,44.52000045776367,45.150001525878906,40.14499282836914,19919400
2013-04-23,45.43000030517578,46.619998931884766,45.400001525878906,46.459999084472656,41.30976104736328,28837900
2013-04-24,46.40999984741211,47.43000030517578,46.400001525878906,47.119998931884766,41.8966064453125,23560500
2013-04-25,47.189998626708984,47.68000030517578,46.900001525878906,47.11000061035156,41.88771438598633,25633900
2013-04-26,47.0,47.220001220703125,46.4900016784668,46.91999816894531,41.71876525878906,14989200
2013-04-29,47.189998626708984,47.290000915527344,46.709999084472656,46.81999969482422,41.62986373901367,14224700
2013-04-30,46.849998474121094,47.20000076293945,46.47999954223633,46.65999984741211,41.48759841918945,18085000
2013-05-01,46.47999954223633,46.58000183105469,45.63999938964844,45.869998931884766,40.7851676940918,21943100
2013-05-02,45.9900016784668,46.689998626708984,45.4900016784668,46.540000915527344,41.389930725097656,19996300
2013-05-03,47.119998931884766,47.5,46.869998931884766,46.970001220703125,41.7723503112793,20347400
2013-05-06,46.91999816894531,48.04999923706055,46.88999938964844,47.47999954223633,42.22590255737305,29160400
2013-05-07,47.790000915527344,48.29999923706055,47.36000061035156,48.11000061035156,42.786197662353516,27492800
2013-05-08,48.04999923706055,49.459999084472656,47.869998931884766,49.290000915527344,43.83561706542969,34220900
2013-05-09,49.279998779296875,49.34000015258789,48.290000915527344,48.599998474121094,43.221981048583984,27058600
2013-05-10,48.54999923706055,48.880001068115234,48.43000030517578,48.75,43.355369567871094,18476600
2013-05-13,48.5,48.970001220703125,48.400001525878906,48.91999816894531,43.506561279296875,17096400
2013-05-14,49.04999923706055,50.20000076293945,49.02000045776367,50.09000015258789,44.547080993652344,35998300
2013-05-15,49.959999084472656,51.45000076293945,49.900001525878906,51.34000015258789,45.65876007080078,40824400
2013-05-16,51.0,51.36000061035156,50.5,50.61000061035156,45.009552001953125,25290000
2013-05-17,51.13999938964844,51.5,50.790000915527344,51.45000076293945,45.756595611572266,23610900
2013-05-20,51.459999084472656,52.099998474121094,51.25,51.599998474121094,45.889984130859375,24697300
2013-05-21,51.400001525878906,52.18000030517578,51.400001525878906,51.65999984741211,45.94335174560547,28171000
2013-05-22,51.84000015258789,52.88999938964844,50.84000015258789,51.0,45.35639572143555,44035800
2013-05-23,49.20000076293945,50.90999984741211,49.18000030517578,50.529998779296875,44.938392639160156,42219400
2013-05-24,50.08000183105469,50.540000915527344,50.0,50.52000045776367,44.92949676513672,23094900
2013-05-28,51.310001373291016,51.79999923706055,51.08000183105469,51.790000915527344,46.058963775634766,28201000
2013-05-29,51.43000030517578,52.59000015258789,51.29999923706055,52.279998779296875,46.494747161865234,30015100
2013-05-30,52.27000045776367,53.560001373291016,52.2400016784668,53.27000045776367,47.37519454956055,30310100
2013-05-31,53.27000045776367,53.439998626708984,51.9900016784668,51.9900016784668,46.23683166503906,34618000
2013-06-03,52.060001373291016,52.22999954223633,50.61000061035156,51.959999084472656,46.21014404296875,35191300
2013-06-04,51.88999938964844,52.619998931884766,51.0,51.22999954223633,45.560943603515625,27899200
2013-06-05,51.11000061035156,51.47999954223633,49.7599983215332,50.029998779296875,44.49372482299805,38307500
2013-06-06,49.86000061035156,50.86000061035156,49.630001068115234,50.83000183105469,45.2052001953125,35143600
2013-06-07,51.27000045776367,51.810001373291016,50.849998474121094,51.599998474121094,45.889984130859375,30885500
2013-06-10,52.0,52.119998931884766,51.209999084472656,51.93000030517578,46.1834716796875,22354400
2013-06-11,50.70000076293945,50.849998474121094,49.81999969482422,49.95000076293945,44.42258834838867,51536900
2013-06-12,50.33000183105469,50.45000076293945,49.15999984741211,49.439998626708984,43.96902084350586,38569300
2013-06-13,49.279998779296875,50.290000915527344,48.79999923706055,50.290000915527344,44.724952697753906,34191300
2013-06-14,50.220001220703125,50.349998474121094,49.189998626708984,49.220001220703125,43.77336502075195,27362500
2013-06-17,49.810001373291016,50.38999938964844,49.04999923706055,49.36000061035156,43.89788055419922,32128600
2013-06-18,49.52000045776367,50.25,49.4900016784668,50.0099983215332,44.47594451904297,19535800
2013-06-19,49.9900016784668,50.29999923706055,49.40999984741211,49.529998779296875,44.04905700683594,32511000
2013-06-20,48.900001525878906,49.0099983215332,47.540000915527344,47.900001525878906,42.59943771362305,48678600
2013-06-21,48.22999954223633,48.34000015258789,45.5099983215332,46.869998931884766,41.68342208862305,76788800
2013-06-24,45.77000045776367,46.029998779296875,45.060001373291016,45.439998626708984,40.41164779663086,50809800
2013-06-25,46.15999984741211,47.34000015258789,46.119998931884766,47.0,41.79902648925781,38838900
2013-06-26,47.79999923706055,47.81999969482422,47.04999923706055,47.61000061035156,42.34151077270508,30623500
2013-06-27,48.13999938964844,48.689998626708984,47.810001373291016,48.279998779296875,42.9373779296875,29309200
2013-06-28,48.119998931884766,48.38999938964844,47.66999816894531,47.970001220703125,42.661678314208984,28063600
2013-07-01,48.5,49.20000076293945,46.70000076293945,48.25,42.910709381103516,27234700
2013-07-02,48.27000045776367,49.15999984741211,47.77000045776367,48.150001525878906,42.82176208496094,26615400
2013-07-03,47.470001220703125,47.77000045776367,47.150001525878906,47.66999816894531,42.39487838745117,15269700
2013-07-05,48.25,48.58000183105469,47.77000045776367,48.529998779296875,43.159698486328125,21649800
2013-07-08,48.91999816894531,49.77000045776367,48.79999923706055,49.52000045776367,44.04017639160156,26617000
2013-07-09,50.0,50.25,49.400001525878906,50.209999084472656,44.653804779052734,29512900
2013-07-10,49.90999984741211,50.2400016784668,49.52000045776367,49.630001068115234,44.13798904418945,23768300
2013-07-11,50.619998931884766,50.63999938964844,49.54999923706055,50.040000915527344,44.50262451171875,31097900
2013-07-12,50.150001525878906,50.84000015258789,49.93000030517578,50.810001373291016,45.187416076660156,26672500
2013-07-15,52.040000915527344,52.15999984741211,51.0099983215332,51.810001373291016,46.07676696777344,57329500
2013-07-16,52.0,52.43000030517578,51.5099983215332,51.83000183105469,46.094539642333984,33099000
2013-07-17,51.9900016784668,52.38999938964844,51.779998779296875,51.790000915527344,46.058963775634766,34814200
2013-07-18,52.15999984741211,52.70000076293945,52.04999923706055,52.689998626708984,46.859378814697266,33211400
2013-07-19,52.630001068115234,52.650001525878906,52.150001525878906,52.349998474121094,46.55699157714844,21762600
2013-07-22,52.380001068115234,53.0,52.15999984741211,53.0,47.135074615478516,20047200
2013-07-23,53.16999816894531,53.29999923706055,52.65999984741211,52.880001068115234,47.02835464477539,19492100
2013-07-24,52.97999954223633,53.16999816894531,52.11000061035156,52.189998626708984,46.41470718383789,22674500
2013-07-25,51.97999954223633,52.70000076293945,51.400001525878906,52.65999984741211,46.83269500732422,23057000
2013-07-26,52.41999816894531,52.459999084472656,51.81999969482422,52.209999084472656,46.432491302490234,16248100
2013-07-29,51.900001525878906,51.95000076293945,51.29999923706055,51.63999938964844,45.92556381225586,16327800
2013-07-30,51.81999969482422,52.0,51.4900016784668,51.779998779296875,46.050079345703125,16099700
2013-07-31,51.709999084472656,52.959999084472656,51.709999084472656,52.13999938964844,46.370235443115234,27860500
2013-08-01,52.84000015258789,53.20000076293945,52.7400016784668,52.86000061035156,47.01958084106445,20583300
2013-08-02,52.84000015258789,53.04999923706055,52.5,53.0,47.14411544799805,15440000
2013-08-05,52.93000030517578,53.11000061035156,52.75,52.869998931884766,47.02846908569336,10699700
2013-08-06,52.59000015258789,52.689998626708984,51.400001525878906,51.47999954223633,45.792057037353516,23692600
2013-08-07,51.0099983215332,51.63999938964844,50.79999923706055,51.5,45.809844970703125,18613400
2013-08-08,52.09000015258789,52.119998931884766,51.06999969482422,51.779998779296875,46.05891418457031,18623800
2013-08-09,51.720001220703125,52.0,51.2400016784668,51.31999969482422,45.64972686767578,15613000
2013-08-12,51.0,51.119998931884766,50.650001525878906,50.900001525878906,45.2761344909668,17413200
2013-08-13,51.040000915527344,52.150001525878906,50.7400016784668,51.77000045776367,46.050025939941406,23814200
2013-08-14,51.95000076293945,52.439998626708984,51.58000183105469,51.59000015258789,45.88990020751953,17240200
2013-08-15,51.02000045776367,51.099998474121094,50.33000183105469,50.86000061035156,45.24055480957031,26231400
2013-08-16,50.689998626708984,51.08000183105469,50.220001220703125,50.349998474121094,44.78690719604492,23497000
2013-08-19,50.060001373291016,50.130001068115234,49.29999923706055,49.33000183105469,43.87961196899414,22958800
2013-08-20,49.27000045776367,50.25,48.77000045776367,49.91999816894531,44.40441131591797,29313400
2013-08-21,49.79999923706055,49.939998626708984,49.029998779296875,49.15999984741211,43.728389739990234,30669600
2013-08-22,49.65999984741211,50.27000045776367,49.279998779296875,49.90999984741211,44.3955192565918,22411800
2013-08-23,50.11000061035156,50.33000183105469,49.689998626708984,49.83000183105469,44.324371337890625,15302800
2013-08-26,49.79999923706055,50.34000015258789,49.599998474121094,49.599998474121094,44.11977005004883,16604100
2013-08-27,48.84000015258789,49.34000015258789,48.15999984741211,48.2400016784668,42.910037994384766,29854200
2013-08-28,48.04999923706055,48.93000030517578,47.63999938964844,48.310001373291016,42.9723014831543,29616600
2013-08-29,48.400001525878906,48.900001525878906,48.27000045776367,48.470001220703125,43.1146240234375,17293800
2013-08-30,48.709999084472656,48.709999084472656,47.79999923706055,48.33000183105469,42.99009704589844,24902000
2013-09-03,49.369998931884766,49.84000015258789,48.36000061035156,49.369998931884766,43.915184020996094,28906900
2013-09-04,49.310001373291016,49.95000076293945,49.119998931884766,49.599998474121094,44.11977005004883,18949600
2013-09-05,49.849998474121094,50.20000076293945,49.619998931884766,49.86000061035156,44.351043701171875,17765800
2013-09-06,50.18000030517578,50.18000030517578,48.88999938964844,49.220001220703125,43.78175735473633,24627200
2013-09-09,49.4900016784668,50.119998931884766,49.36000061035156,50.09000015258789,44.555633544921875,22388100
2013-09-10,50.7400016784668,51.529998779296875,50.540000915527344,51.09000015258789,45.44514083862305,24843900
2013-09-11,51.040000915527344,51.119998931884766,50.2599983215332,50.72999954223633,45.124916076660156,22251600
2013-09-12,50.65999984741211,50.7599983215332,49.970001220703125,50.2599983215332,44.70684814453125,21341600
2013-09-13,50.290000915527344,50.619998931884766,50.220001220703125,50.4900016784668,44.91143035888672,12571800
2013-09-16,51.189998626708984,51.45000076293945,50.7400016784668,51.0,45.36509323120117,19369100
2013-09-17,51.150001525878906,51.279998779296875,50.869998931884766,51.20000076293945,45.542999267578125,15469000
2013-09-18,51.02000045776367,52.65999984741211,50.97999954223633,52.209999084472656,46.44139862060547,31901700
2013-09-19,52.75,52.880001068115234,51.900001525878906,51.95000076293945,46.21013259887695,25368500
2013-09-20,52.029998779296875,52.099998474121094,51.119998931884766,51.209999084472656,45.5518798828125,28157600
2013-09-23,49.95000076293945,50.16999816894531,49.290000915527344,49.56999969482422,44.09309768676758,34571800
2013-09-24,49.43000030517578,49.47999954223633,48.93000030517578,48.959999084472656,43.55048370361328,26564600
2013-09-25,49.040000915527344,49.540000915527344,48.66999816894531,49.2599983215332,43.81733322143555,26930400
2013-09-26,49.27000045776367,49.4900016784668,48.5,48.93000030517578,43.5238037109375,23345400
2013-09-27,48.7599983215332,49.20000076293945,48.689998626708984,48.88999938964844,43.488224029541016,20243100
2013-09-30,48.27000045776367,48.86000061035156,47.83000183105469,48.5099983215332,43.15020751953125,23789300
2013-10-01,48.849998474121094,49.099998474121094,48.41999816894531,48.599998474121094,43.23026657104492,21040400
2013-10-02,48.41999816894531,49.04999923706055,48.15999984741211,48.709999084472656,43.32811737060547,23568300
2013-10-03,48.810001373291016,48.97999954223633,48.029998779296875,48.400001525878906,43.0523567199707,22013300
2013-10-04,48.45000076293945,49.189998626708984,48.380001068115234,49.13999938964844,43.71058654785156,18436000
2013-10-07,48.619998931884766,48.66999816894531,48.15999984741211,48.18000030517578,42.85666275024414,19144300
2013-10-08,48.220001220703125,48.45000076293945,47.619998931884766,47.66999816894531,42.40301513671875,24655300
2013-10-09,47.97999954223633,48.380001068115234,47.599998474121094,47.95000076293945,42.65208053588867,22597700
2013-10-10,48.79999923706055,49.369998931884766,48.56999969482422,49.27000045776367,43.82622528076172,23989600
2013-10-11,49.349998474121094,49.36000061035156,48.70000076293945,49.220001220703125,43.78175735473633,22990000
2013-10-14,48.83000183105469,49.900001525878906,48.54999923706055,49.599998474121094,44.11977005004883,24765900
2013-10-15,49.689998626708984,49.9900016784668,48.650001525878906,48.86000061035156,43.46153259277344,49035600
2013-10-16,49.43000030517578,50.900001525878906,49.27000045776367,50.84000015258789,45.2227668762207,41564100
2013-10-17,50.380001068115234,51.220001220703125,50.290000915527344,51.119998931884766,45.471824645996094,28304600
2013-10-18,51.369998931884766,51.369998931884766,50.810001373291016,51.150001525878906,45.49850845336914,24565300
2013-10-21,51.189998626708984,51.56999969482422,51.0,51.029998779296875,45.39176940917969,18703100
2013-10-22,51.31999969482422,51.38999938964844,50.58000183105469,50.7599983215332,45.15160369873047,27816600
2013-10-23,50.470001220703125,50.529998779296875,49.91999816894531,50.189998626708984,44.64459228515625,19530800
2013-10-24,50.27000045776367,50.310001373291016,49.77000045776367,50.150001525878906,44.60901641845703,20034600
2013-10-25,50.029998779296875,50.2599983215332,49.95000076293945,50.060001373291016,44.52894592285156,16736600
2013-10-28,50.0099983215332,50.33000183105469,49.959999084472656,50.150001525878906,44.60901641845703,15543300
2013-10-29,50.27000045776367,50.459999084472656,50.06999969482422,50.220001220703125,44.6712646484375,16416100
2013-10-30,50.5,50.5,49.59000015258789,49.88999938964844,44.37773513793945,22429200
2013-10-31,49.7400016784668,49.7400016784668,48.77000045776367,48.779998779296875,43.39906692504883,25056900
2013-11-01,48.869998931884766,49.02000045776367,48.61000061035156,48.7400016784668,43.36348342895508,19004100
2013-11-04,48.84000015258789,49.13999938964844,48.58000183105469,48.630001068115234,43.26561737060547,16513900
2013-11-05,48.5,48.619998931884766,48.22999954223633,48.380001068115234,43.04319381713867,18394200
2013-11-06,48.7599983215332,48.81999969482422,48.38999938964844,48.619998931884766,43.25673294067383,17621500
2013-11-07,48.93000030517578,49.130001068115234,48.349998474121094,48.349998474121094,43.01650619506836,26954900
2013-11-08,48.470001220703125,50.16999816894531,48.470001220703125,49.939998626708984,44.43110656738281,35134400
2013-11-11,49.790000915527344,50.29999923706055,49.36000061035156,50.16999816894531,44.63573455810547,16831200
2013-11-12,50.0,50.0099983215332,49.349998474121094,49.52000045776367,44.05744171142578,21627500
2013-11-13,49.279998779296875,49.9900016784668,49.02000045776367,49.9900016784668,44.47560501098633,23536400
2013-11-14,50.0099983215332,50.290000915527344,49.54999923706055,50.209999084472656,44.67132568359375,21758300
2013-11-15,50.189998626708984,50.779998779296875,50.040000915527344,50.400001525878906,44.84036636352539,22217400
2013-11-18,50.79999923706055,51.400001525878906,50.56999969482422,50.790000915527344,45.187355041503906,26353400
2013-11-19,50.7599983215332,51.439998626708984,50.61000061035156,51.16999816894531,45.52542495727539,20113300
2013-11-20,51.04999923706055,51.290000915527344,50.619998931884766,50.77000045776367,45.169559478759766,18347200
2013-11-21,50.86000061035156,51.970001220703125,50.779998779296875,51.72999954223633,46.02366256713867,22868900
2013-11-22,51.939998626708984,52.540000915527344,51.84000015258789,52.40999984741211,46.628662109375,26051300
2013-11-25,52.4900016784668,53.68000030517578,52.47999954223633,53.290000915527344,47.41157531738281,32610000
2013-11-26,53.099998474121094,53.459999084472656,52.959999084472656,53.0099983215332,47.16246795654297,17661000
2013-11-27,52.970001220703125,53.2599983215332,52.900001525878906,53.04999923706055,47.198055267333984,13075200
2013-11-29,53.11000061035156,53.59000015258789,52.86000061035156,52.91999816894531,47.0823974609375,10952100
2013-12-02,52.959999084472656,53.40999984741211,52.529998779296875,52.619998931884766,46.81547546386719,19854900
2013-12-03,52.470001220703125,52.7599983215332,51.72999954223633,52.130001068115234,46.37954330444336,20588400
2013-12-04,51.13999938964844,52.310001373291016,51.04999923706055,52.040000915527344,46.299461364746094,32155300
2013-12-05,51.61000061035156,51.79999923706055,50.95000076293945,51.060001373291016,45.42756652832031,23556900
2013-12-06,51.7400016784668,51.9900016784668,51.20000076293945,51.4900016784668,45.810142517089844,19714300
2013-12-09,51.939998626708984,52.459999084472656,51.91999816894531,52.11000061035156,46.361751556396484,16653500
2013-12-10,51.95000076293945,52.61000061035156,51.689998626708984,51.7400016784668,46.03255844116211,20025700
2013-12-11,51.619998931884766,51.650001525878906,50.529998779296875,50.709999084472656,45.11616897583008,24600000
2013-12-12,51.0,51.13999938964844,50.27000045776367,50.90999984741211,45.29412078857422,27240800
2013-12-13,50.97999954223633,51.189998626708984,50.68000030517578,50.970001220703125,45.34748840332031,16743600
2013-12-16,51.38999938964844,51.61000061035156,50.81999969482422,50.900001525878906,45.285221099853516,20312000
2013-12-17,51.0,51.04999923706055,50.54999923706055,50.689998626708984,45.09837341308594,17951700
2013-12-18,50.810001373291016,52.06999969482422,50.33000183105469,51.959999084472656,46.22828674316406,32921300
2013-12-19,51.72999954223633,52.130001068115234,51.45000076293945,51.880001068115234,46.1571044921875,20127100
2013-12-20,52.029998779296875,52.439998626708984,51.900001525878906,52.209999084472656,46.45071029663086,27871300
2013-12-23,52.4900016784668,52.63999938964844,52.220001220703125,52.40999984741211,46.628662109375,13627500
2013-12-24,52.36000061035156,52.470001220703125,52.08000183105469,52.43000030517578,46.64644241333008,5302600
2013-12-26,52.619998931884766,52.689998626708984,52.20000076293945,52.349998474121094,46.57527160644531,8882900
2013-12-27,52.36000061035156,52.40999984741211,52.189998626708984,52.2599983215332,46.49518966674805,11814500
2013-12-30,52.25,52.439998626708984,51.83000183105469,51.91999816894531,46.19269561767578,11506000
2013-12-31,51.959999084472656,52.119998931884766,51.810001373291016,52.11000061035156,46.361751556396484,10706800
2014-01-02,52.029998779296875,52.400001525878906,51.810001373291016,52.27000045776367,46.504093170166016,16479700
2014-01-03,52.38999938964844,53.470001220703125,52.310001373291016,53.400001525878906,47.50944137573242,26884900
2014-01-06,53.619998931884766,54.290000915527344,53.43000030517578,53.810001373291016,47.87421417236328,28503100
2014-01-07,54.59000015258789,54.720001220703125,53.779998779296875,54.18000030517578,48.20340347290039,28840400
2014-01-08,54.290000915527344,55.0,54.20000076293945,54.810001373291016,48.76390838623047,25989800
2014-01-09,55.0,55.279998779296875,54.7599983215332,55.20000076293945,49.11088943481445,21803700
2014-01-10,55.029998779296875,55.09000015258789,54.29999923706055,54.720001220703125,48.68383026123047,22485900
2014-01-13,54.459999084472656,54.65999984741211,53.439998626708984,53.720001220703125,47.79414367675781,21110300
2014-01-14,54.130001068115234,54.400001525878906,53.630001068115234,53.95000076293945,47.998779296875,17771000
2014-01-15,54.52000045776367,55.16999816894531,54.36000061035156,54.9900016784668,48.92404556274414,33688100
2014-01-16,53.560001373291016,53.560001373291016,52.349998474121094,52.599998474121094,46.79768753051758,62946800
2014-01-17,52.650001525878906,52.91999816894531,52.130001068115234,52.27000045776367,46.504093170166016,33934500
2014-01-21,52.5,53.0,51.560001373291016,51.849998474121094,46.13042068481445,27567400
2014-01-22,52.0099983215332,52.130001068115234,51.5099983215332,51.900001525878906,46.174903869628906,20841100
2014-01-23,51.650001525878906,51.650001525878906,50.54999923706055,50.720001220703125,45.125064849853516,34832200
2014-01-24,50.04999923706055,50.16999816894531,49.08000183105469,49.33000183105469,43.88840103149414,59057100
2014-01-27,49.099998474121094,49.65999984741211,48.36000061035156,48.810001373291016,43.42576599121094,39675300
2014-01-28,49.290000915527344,49.86000061035156,49.290000915527344,49.599998474121094,44.12861251831055,24780900
2014-01-29,48.91999816894531,49.36000061035156,47.70000076293945,48.08000183105469,42.776283264160156,54018100
2014-01-30,48.459999084472656,48.70000076293945,47.779998779296875,48.29999923706055,42.9809684753418,39940700
2014-01-31,47.5099983215332,48.20000076293945,47.290000915527344,47.43000030517578,42.20677185058594,33425100
2014-02-03,47.84000015258789,47.86000061035156,46.189998626708984,46.34000015258789,41.2368049621582,42977600
2014-02-04,47.0,47.5,46.68000030517578,46.779998779296875,41.62834930419922,31286900
2014-02-05,46.7599983215332,47.369998931884766,46.310001373291016,47.060001373291016,41.87751770019531,32535500
2014-02-06,47.400001525878906,48.27000045776367,47.27000045776367,48.25,42.93647003173828,33905600
2014-02-07,49.09000015258789,49.38999938964844,48.52000045776367,49.34000015258789,43.906429290771484,37875700
2014-02-10,49.54999923706055,49.72999954223633,48.83000183105469,49.31999969482422,43.888633728027344,19630100
2014-02-11,49.2400016784668,49.86000061035156,48.959999084472656,49.65999984741211,44.191192626953125,22982800
2014-02-12,49.779998779296875,50.150001525878906,49.650001525878906,49.959999084472656,44.45815658569336,23626300
2014-02-13,49.06999969482422,49.93000030517578,49.04999923706055,49.86000061035156,44.369163513183594,20639800
2014-02-14,49.56999969482422,49.81999969482422,49.40999984741211,49.52000045776367,44.06660461425781,18780600
2014-02-18,49.540000915527344,49.90999984741211,49.36000061035156,49.380001068115234,43.942020416259766,16217800
2014-02-19,49.0099983215332,49.310001373291016,48.189998626708984,48.189998626708984,42.88307571411133,30294400
2014-02-20,48.47999954223633,48.540000915527344,47.88999938964844,48.130001068115234,42.829681396484375,25234100
2014-02-21,48.220001220703125,48.5,48.099998474121094,48.2599983215332,42.94537353515625,26881700
2014-02-24,48.33000183105469,49.47999954223633,48.310001373291016,48.97999954223633,43.5860710144043,23874000
2014-02-25,48.939998626708984,49.060001373291016,48.29999923706055,48.400001525878906,43.06993865966797,20495500
2014-02-26,48.43000030517578,48.61000061035156,47.68000030517578,48.31999969482422,42.998756408691406,28822100
2014-02-27,48.09000015258789,48.689998626708984,47.959999084472656,48.689998626708984,43.3280143737793,18598300
2014-02-28,48.27000045776367,49.290000915527344,48.11000061035156,48.630001068115234,43.27461624145508,31732000
2014-03-03,47.79999923706055,48.25,47.54999923706055,47.61000061035156,42.366939544677734,28678000
2014-03-04,48.33000183105469,48.959999084472656,48.13999938964844,48.83000183105469,43.45259475708008,23940500
2014-03-05,49.040000915527344,49.91999816894531,48.959999084472656,49.41999816894531,43.977622985839844,23620700
2014-03-06,49.900001525878906,50.189998626708984,49.68000030517578,49.709999084472656,44.235687255859375,26967000
2014-03-07,50.209999084472656,50.40999984741211,49.369998931884766,49.619998931884766,44.15559387207031,25775500
2014-03-10,49.15999984741211,49.61000061035156,49.08000183105469,49.56999969482422,44.11110305786133,15397100
2014-03-11,49.779998779296875,49.81999969482422,48.400001525878906,48.43000030517578,43.09665298461914,33244300
2014-03-12,48.119998931884766,48.13999938964844,47.7599983215332,47.97999954223633,42.69620132446289,25822400
2014-03-13,48.16999816894531,48.29999923706055,47.06999969482422,47.33000183105469,42.11777877807617,38925400
2014-03-14,47.369998931884766,47.81999969482422,46.790000915527344,46.880001068115234,41.71733474731445,26135900
2014-03-17,47.470001220703125,47.79999923706055,47.310001373291016,47.72999954223633,42.473716735839844,18928200
2014-03-18,47.75,48.13999938964844,47.5,48.13999938964844,42.838584899902344,19517200
2014-03-19,48.220001220703125,49.52000045776367,48.02000045776367,48.939998626708984,43.55048370361328,30308800
2014-03-20,49.290000915527344,50.459999084472656,49.0099983215332,50.220001220703125,44.689517974853516,33885600
2014-03-21,51.0,51.0,49.86000061035156,50.08000183105469,44.56493377685547,38388600
2014-03-24,50.20000076293945,50.650001525878906,49.779998779296875,50.04999923706055,44.538238525390625,21170300
2014-03-25,50.209999084472656,50.560001373291016,50.04999923706055,50.29999923706055,44.76070022583008,17484200
2014-03-26,50.529998779296875,50.58000183105469,49.68000030517578,50.15999984741211,44.63612365722656,36784700
2014-03-27,47.43000030517578,48.20000076293945,47.11000061035156,47.45000076293945,42.22457504272461,112601000
2014-03-28,47.720001220703125,47.75,47.029998779296875,47.25,42.04658889770508,39796000
2014-03-31,47.529998779296875,47.900001525878906,47.470001220703125,47.599998474121094,42.35805130004883,25651000
2014-04-01,47.720001220703125,48.25,47.650001525878906,47.79999923706055,42.5360221862793,26810400
2014-04-02,48.150001525878906,48.36000061035156,47.72999954223633,48.2400016784668,42.92756652832031,22354300
2014-04-03,47.939998626708984,48.0,47.369998931884766,47.68000030517578,42.42923355102539,29237100
2014-04-04,47.72999954223633,47.790000915527344,46.849998474121094,47.11000061035156,41.92201614379883,33010000
2014-04-07,47.119998931884766,47.16999816894531,46.290000915527344,46.54999923706055,41.42367935180664,30145300
2014-04-08,46.529998779296875,46.849998474121094,46.119998931884766,46.599998474121094,41.468170166015625,26874900
2014-04-09,46.779998779296875,47.189998626708984,46.31999969482422,47.15999984741211,41.96650314331055,22373200
2014-04-10,47.2400016784668,47.27000045776367,46.119998931884766,46.22999954223633,41.13892364501953,27170000
2014-04-11,45.70000076293945,46.41999816894531,45.18000030517578,45.68000030517578,40.64948272705078,31063200
2014-04-14,47.400001525878906,47.79999923706055,46.97999954223633,47.66999816894531,42.420345306396484,51962300
2014-04-15,47.959999084472656,48.459999084472656,47.63999938964844,48.310001373291016,42.98986053466797,36511600
2014-04-16,48.560001373291016,48.619998931884766,47.58000183105469,48.18000030517578,42.87417221069336,24654500
2014-04-17,48.189998626708984,48.439998626708984,47.9900016784668,48.220001220703125,42.90977478027344,21360900
2014-04-21,48.18000030517578,48.220001220703125,47.77000045776367,47.84000015258789,42.57161331176758,17044500
2014-04-22,47.900001525878906,48.54999923706055,47.849998474121094,48.02000045776367,42.7318000793457,18584800
2014-04-23,48.0,48.5,47.90999984741211,48.400001525878906,43.06993865966797,13497900
2014-04-24,48.45000076293945,48.58000183105469,48.0099983215332,48.33000183105469,43.007652282714844,14699100
2014-04-25,48.119998931884766,48.41999816894531,47.68000030517578,47.75,42.49152755737305,18117600
2014-04-28,47.63999938964844,47.970001220703125,47.04999923706055,47.29999923706055,42.09107971191406,25780300
2014-04-29,47.599998474121094,48.20000076293945,47.400001525878906,48.15999984741211,42.85637664794922,16942400
2014-04-30,48.130001068115234,48.33000183105469,47.84000015258789,47.90999984741211,42.6339111328125,17077200
2014-05-01,47.810001373291016,48.13999938964844,47.59000015258789,47.7599983215332,42.50929260253906,10931500
2014-05-02,47.83000183105469,48.209999084472656,47.4900016784668,47.72999954223633,42.48259353637695,15358500
2014-05-05,47.20000076293945,47.310001373291016,46.79999923706055,47.18000030517578,41.993064880371094,16845800
2014-05-06,47.0099983215332,47.04999923706055,46.33000183105469,46.36000061035156,41.26321029663086,21786700
2014-05-07,46.540000915527344,46.83000183105469,46.31999969482422,46.70000076293945,41.56583023071289,17502000
2014-05-08,46.70000076293945,47.4900016784668,46.70000076293945,47.13999938964844,41.957462310791016,16065700
2014-05-09,47.040000915527344,47.22999954223633,46.709999084472656,46.9900016784668,41.823944091796875,15185800
2014-05-12,47.220001220703125,47.400001525878906,47.040000915527344,47.27000045776367,42.07317352294922,13305600
2014-05-13,47.349998474121094,47.4900016784668,47.22999954223633,47.41999816894531,42.206687927246094,12615200
2014-05-14,47.5,47.5099983215332,46.97999954223633,47.119998931884766,41.939659118652344,12405600
2014-05-15,46.849998474121094,46.939998626708984,46.150001525878906,46.52000045776367,41.40562438964844,21174400
2014-05-16,46.439998626708984,46.68000030517578,46.16999816894531,46.439998626708984,41.33441925048828,17186900
2014-05-19,46.099998474121094,46.790000915527344,46.08000183105469,46.77000045776367,41.628143310546875,13621000
2014-05-20,46.619998931884766,46.95000076293945,46.380001068115234,46.54999923706055,41.43232727050781,11789800
2014-05-21,46.83000183105469,47.09000015258789,46.689998626708984,46.849998474121094,41.699337005615234,12822600
2014-05-22,46.779998779296875,47.150001525878906,46.77000045776367,47.13999938964844,41.957462310791016,12711900
2014-05-23,47.22999954223633,47.400001525878906,47.09000015258789,47.290000915527344,42.090980529785156,9571800
2014-05-27,47.619998931884766,48.349998474121094,47.40999984741211,47.56999969482422,42.3401985168457,24503800
2014-05-28,47.47999954223633,47.88999938964844,47.310001373291016,47.31999969482422,42.11767578125,14178100
2014-05-29,47.349998474121094,47.5,47.209999084472656,47.279998779296875,42.08207321166992,15552800
2014-05-30,47.189998626708984,47.599998474121094,47.150001525878906,47.56999969482422,42.3401985168457,11538700
2014-06-02,47.599998474121094,47.959999084472656,47.43000030517578,47.7599983215332,42.50929260253906,11887400
2014-06-03,47.5099983215332,48.2599983215332,47.459999084472656,48.189998626708984,42.892024993896484,16105800
2014-06-04,48.040000915527344,48.20000076293945,47.81999969482422,47.880001068115234,42.616111755371094,13075300
2014-06-05,48.0099983215332,48.79999923706055,47.88999938964844,48.630001068115234,43.283653259277344,17048300
2014-06-06,48.70000076293945,49.20000076293945,48.619998931884766,48.93000030517578,43.55067443847656,19149500
2014-06-09,48.9900016784668,49.59000015258789,48.95000076293945,49.58000183105469,44.12919616699219,14235700
2014-06-10,49.4900016784668,49.5,48.9900016784668,49.33000183105469,43.906700134277344,12769300
2014-06-11,49.029998779296875,49.27000045776367,48.63999938964844,48.810001373291016,43.44386291503906,13944200
2014-06-12,48.619998931884766,48.709999084472656,48.099998474121094,48.27000045776367,42.963226318359375,15670200
2014-06-13,48.13999938964844,48.66999816894531,47.119998931884766,47.59000015258789,42.357994079589844,34838700
2014-06-16,47.470001220703125,47.779998779296875,47.040000915527344,47.63999938964844,42.40249252319336,12790900
2014-06-17,47.47999954223633,48.04999923706055,47.349998474121094,47.790000915527344,42.536006927490234,13946300
2014-06-18,47.77000045776367,48.0,47.40999984741211,47.93000030517578,42.660614013671875,14468500
2014-06-19,47.95000076293945,47.970001220703125,47.34000015258789,47.560001373291016,42.33129119873047,15747900
2014-06-20,47.77000045776367,47.81999969482422,47.06999969482422,47.34000015258789,42.135475158691406,18832900
2014-06-23,47.130001068115234,48.18000030517578,47.099998474121094,48.060001373291016,42.776329040527344,18431400
2014-06-24,47.849998474121094,48.47999954223633,47.709999084472656,47.810001373291016,42.553810119628906,16916400
2014-06-25,47.66999816894531,48.06999969482422,47.560001373291016,47.81999969482422,42.56270217895508,12704600
2014-06-26,47.709999084472656,47.7400016784668,47.029998779296875,47.22999954223633,42.037567138671875,18875700
2014-06-27,47.220001220703125,47.34000015258789,46.91999816894531,47.13999938964844,41.957462310791016,19162000
2014-06-30,47.15999984741211,47.29999923706055,47.0099983215332,47.099998474121094,41.92185974121094,12290400
2014-07-01,47.41999816894531,47.900001525878906,47.220001220703125,47.459999084472656,42.24229049682617,16699800
2014-07-02,47.540000915527344,48.25,47.5,48.0099983215332,42.7318229675293,16774600
2014-07-03,48.380001068115234,48.709999084472656,48.06999969482422,48.2400016784668,42.93653869628906,13643100
2014-07-07,48.04999923706055,48.11000061035156,47.59000015258789,47.97999954223633,42.70511245727539,12052300
2014-07-08,47.70000076293945,47.72999954223633,47.25,47.41999816894531,42.206687927246094,13808800
2014-07-09,47.470001220703125,47.66999816894531,47.20000076293945,47.380001068115234,42.17108917236328,14195300
2014-07-10,46.709999084472656,47.04999923706055,46.54999923706055,46.900001525878906,41.74385070800781,18671600
2014-07-11,46.81999969482422,47.0099983215332,46.56999969482422,47.0,41.832847595214844,15205700
2014-07-14,48.66999816894531,48.83000183105469,48.349998474121094,48.41999816894531,43.09674072265625,36149700
2014-07-15,48.81999969482422,49.459999084472656,48.81999969482422,49.290000915527344,43.87109375,34419100
2014-07-16,49.4900016784668,49.869998931884766,49.400001525878906,49.81999969482422,44.34282302856445,23590400
2014-07-17,49.5,49.97999954223633,49.15999984741211,49.18000030517578,43.773189544677734,23847600
2014-07-18,49.4900016784668,49.810001373291016,49.310001373291016,49.560001373291016,44.11141586303711,15453900
2014-07-21,49.15999984741211,49.470001220703125,49.06999969482422,49.349998474121094,43.92448425292969,10920200
2014-07-22,49.599998474121094,49.83000183105469,49.380001068115234,49.599998474121094,44.147003173828125,13125500
2014-07-23,49.61000061035156,50.59000015258789,49.36000061035156,50.18000030517578,44.66326141357422,20099200
2014-07-24,50.220001220703125,50.470001220703125,49.959999084472656,50.09000015258789,44.58314895629883,13282600
2014-07-25,49.9900016784668,50.20000076293945,49.939998626708984,50.029998779296875,44.52973556518555,10082900
2014-07-28,49.95000076293945,50.08000183105469,49.540000915527344,49.70000076293945,44.23601150512695,12070400
2014-07-29,49.72999954223633,49.869998931884766,49.41999816894531,49.41999816894531,43.9868049621582,13165800
2014-07-30,49.66999816894531,50.27000045776367,49.630001068115234,50.0,44.50303649902344,15327600
2014-07-31,49.560001373291016,49.91999816894531,48.90999984741211,48.90999984741211,43.54158020019531,23550900
2014-08-01,48.59000015258789,49.029998779296875,47.900001525878906,48.099998474121094,42.82048416137695,21822700
2014-08-04,48.45000076293945,48.5,48.060001373291016,48.34000015258789,43.03414535522461,14277000
2014-08-05,48.2599983215332,48.4900016784668,47.650001525878906,47.88999938964844,42.63353729248047,15912700
2014-08-06,47.75,48.529998779296875,47.75,48.13999938964844,42.8560905456543,13038300
2014-08-07,48.5,48.630001068115234,47.88999938964844,48.060001373291016,42.784873962402344,12377000
2014-08-08,48.060001373291016,48.5,47.779998779296875,48.45000076293945,43.13206481933594,12001500
2014-08-11,48.54999923706055,48.599998474121094,48.22999954223633,48.38999938964844,43.07866287231445,9130300
2014-08-12,48.209999084472656,48.68000030517578,48.04999923706055,48.439998626708984,43.12316131591797,9238600
2014-08-13,48.619998931884766,48.88999938964844,48.529998779296875,48.75,43.399131774902344,8602600
2014-08-14,48.83000183105469,49.150001525878906,48.7400016784668,49.130001068115234,43.7374382019043,9693100
2014-08-15,49.290000915527344,49.47999954223633,48.31999969482422,48.720001220703125,43.37242889404297,16215300
2014-08-18,49.04999923706055,49.58000183105469,48.970001220703125,49.5099983215332,44.07571029663086,13199700
2014-08-19,49.529998779296875,50.25,49.52000045776367,49.70000076293945,44.2448616027832,13073300
2014-08-20,49.630001068115234,49.91999816894531,49.459999084472656,49.79999923706055,44.33388900756836,9039500
2014-08-21,49.970001220703125,51.220001220703125,49.79999923706055,51.06999969482422,45.46449661254883,24162400
2014-08-22,50.939998626708984,51.66999816894531,50.72999954223633,50.93000030517578,45.33986282348633,20002900
2014-08-25,51.279998779296875,51.9900016784668,51.279998779296875,51.630001068115234,45.9630241394043,17502900
2014-08-26,51.52000045776367,52.38999938964844,51.459999084472656,52.130001068115234,46.408145904541016,18384700
2014-08-27,52.119998931884766,52.27000045776367,51.68000030517578,51.86000061035156,46.167789459228516,13398400
2014-08-28,51.52000045776367,51.619998931884766,51.279998779296875,51.38999938964844,45.74937057495117,10255900
2014-08-29,51.529998779296875,51.83000183105469,51.459999084472656,51.650001525878906,45.9808349609375,8981300
2014-09-02,51.779998779296875,51.97999954223633,51.439998626708984,51.959999084472656,46.25680160522461,11452100
2014-09-03,52.2400016784668,52.529998779296875,52.040000915527344,52.22999954223633,46.49717330932617,15116800
2014-09-04,52.25,52.880001068115234,52.220001220703125,52.470001220703125,46.71082305908203,15694900
2014-09-05,52.310001373291016,52.4900016784668,51.720001220703125,52.29999923706055,46.559478759765625,17484800
2014-09-08,52.15999984741211,52.77000045776367,51.90999984741211,52.04999923706055,46.33692932128906,13557800
2014-09-09,51.63999938964844,51.779998779296875,51.119998931884766,51.2599983215332,45.633636474609375,14584100
2014-09-10,51.2400016784668,51.9900016784668,51.18000030517578,51.83000183105469,46.141082763671875,13013600
2014-09-11,51.61000061035156,52.2599983215332,51.52000045776367,52.22999954223633,46.49717330932617,14084300
2014-09-12,52.20000076293945,52.86000061035156,52.09000015258789,52.380001068115234,46.630706787109375,18329200
2014-09-15,52.369998931884766,52.52000045776367,51.91999816894531,52.310001373291016,46.568382263183594,12805700
2014-09-16,52.119998931884766,52.40999984741211,51.90999984741211,52.36000061035156,46.61289978027344,13221300
2014-09-17,52.31999969482422,53.04999923706055,52.220001220703125,52.38999938964844,46.63960647583008,20379900
2014-09-18,52.70000076293945,53.900001525878906,52.47999954223633,53.65999984741211,47.77021789550781,27307100
2014-09-19,53.97999954223633,54.130001068115234,53.2599983215332,53.47999954223633,47.6099739074707,22153100
2014-09-22,53.439998626708984,53.7400016784668,52.959999084472656,53.040000915527344,47.21826171875,16654900
2014-09-23,52.75,53.25,52.75,52.84000015258789,47.040218353271484,14586000
2014-09-24,52.900001525878906,53.31999969482422,52.4900016784668,53.2599983215332,47.414119720458984,15606000
2014-09-25,53.22999954223633,53.27000045776367,51.959999084472656,51.959999084472656,46.25680160522461,19262500
2014-09-26,51.9900016784668,52.59000015258789,51.959999084472656,52.4900016784668,46.728633880615234,10474200
2014-09-29,51.75,52.27000045776367,51.31999969482422,52.04999923706055,46.33692932128906,13006900
2014-09-30,52.08000183105469,52.4900016784668,51.630001068115234,51.81999969482422,46.13216781616211,21787700
2014-10-01,51.68000030517578,51.849998474121094,50.88999938964844,51.099998474121094,45.491214752197266,20757500
2014-10-02,50.939998626708984,51.52000045776367,50.65999984741211,51.25,45.62474060058594,18393400
2014-10-03,51.709999084472656,52.43000030517578,51.63999938964844,52.31999969482422,46.57728958129883,17716300
2014-10-06,52.56999969482422,52.66999816894531,52.130001068115234,52.279998779296875,46.541683197021484,12675100
2014-10-07,51.9900016784668,52.06999969482422,51.27000045776367,51.27000045776367,45.642539978027344,16837100
2014-10-08,51.209999084472656,52.599998474121094,51.18000030517578,52.540000915527344,46.77314758300781,23356300
2014-10-09,52.47999954223633,52.47999954223633,51.0099983215332,51.13999938964844,45.52680969238281,22423700
2014-10-10,50.93000030517578,51.290000915527344,50.11000061035156,50.11000061035156,44.609867095947266,27764500
2014-10-13,50.13999938964844,50.869998931884766,49.86000061035156,49.900001525878906,44.42291259765625,26025900
2014-10-14,51.150001525878906,51.630001068115234,50.439998626708984,51.470001220703125,45.82059097290039,41368500
2014-10-15,50.900001525878906,50.93000030517578,48.11000061035156,49.68000030517578,44.22705841064453,55398300
2014-10-16,48.97999954223633,50.209999084472656,48.7400016784668,49.75,44.28937911987305,28295100
2014-10-17,50.4900016784668,50.720001220703125,49.7400016784668,50.06999969482422,44.574256896972656,21969900
2014-10-20,50.029998779296875,50.619998931884766,49.959999084472656,50.529998779296875,44.98375701904297,13796700
2014-10-21,51.040000915527344,51.4900016784668,50.75,51.27000045776367,45.642539978027344,17798300
2014-10-22,51.27000045776367,51.79999923706055,50.68000030517578,50.70000076293945,45.13510513305664,16664500
2014-10-23,51.25,51.900001525878906,51.09000015258789,51.40999984741211,45.767173767089844,15167500
2014-10-24,51.439998626708984,51.869998931884766,51.369998931884766,51.79999923706055,46.1143684387207,13284400
2014-10-27,51.47999954223633,51.650001525878906,51.16999816894531,51.59000015258789,45.92741775512695,12134600
2014-10-28,51.63999938964844,52.52000045776367,51.63999938964844,52.439998626708984,46.684120178222656,16529200
2014-10-29,52.47999954223633,52.75,52.09000015258789,52.650001525878906,46.871070861816406,16322200
2014-10-30,52.619998931884766,53.400001525878906,52.34000015258789,53.150001525878906,47.32518768310547,21027700
2014-10-31,53.400001525878906,53.900001525878906,52.9900016784668,53.529998779296875,47.66352462768555,27639400
2014-11-03,53.41999816894531,53.75,53.02000045776367,53.470001220703125,47.610111236572266,12123000
2014-11-04,53.279998779296875,53.31999969482422,52.630001068115234,53.189998626708984,47.36079788208008,13618000
2014-11-05,53.59000015258789,54.11000061035156,53.2599983215332,54.02000045776367,48.099830627441406,18546200
2014-11-06,53.970001220703125,54.29999923706055,53.810001373291016,53.9900016784668,48.073123931884766,13621300
2014-11-07,53.86000061035156,54.0099983215332,53.540000915527344,53.75,47.85942840576172,13479200
2014-11-10,53.56999969482422,53.88999938964844,53.540000915527344,53.88999938964844,47.98408126831055,11235500
2014-11-11,53.900001525878906,54.09000015258789,53.7599983215332,53.810001373291016,47.912841796875,9524300
2014-11-12,53.34000015258789,53.619998931884766,53.06999969482422,53.41999816894531,47.56558609008789,10271800
2014-11-13,53.47999954223633,53.58000183105469,52.97999954223633,53.439998626708984,47.58338928222656,12668400
2014-11-14,53.310001373291016,53.599998474121094,53.2599983215332,53.380001068115234,47.529972076416016,11345500
2014-11-17,53.060001373291016,53.63999938964844,53.04999923706055,53.56999969482422,47.69914627075195,10191900
2014-11-18,53.560001373291016,54.16999816894531,53.5099983215332,53.810001373291016,47.912841796875,12907700
2014-11-19,53.83000183105469,53.83000183105469,53.380001068115234,53.65999984741211,47.7792854309082,8664900
2014-11-20,53.25,53.56999969482422,53.11000061035156,53.52000045776367,47.65462875366211,9721900
2014-11-21,54.06999969482422,54.349998474121094,53.61000061035156,53.65999984741211,47.7792854309082,15142200
2014-11-24,53.939998626708984,54.4900016784668,53.7599983215332,54.400001525878906,48.43819046020508,13733900
2014-11-25,54.400001525878906,54.52000045776367,54.060001373291016,54.33000183105469,48.37586212158203,13212100
2014-11-26,54.45000076293945,54.47999954223633,54.0,54.130001068115234,48.19778060913086,8704200
2014-11-28,54.0,54.18000030517578,53.83000183105469,53.970001220703125,48.05531692504883,5876800
2014-12-01,53.79999923706055,53.90999984741211,53.04999923706055,53.349998474121094,47.503265380859375,13825700
2014-12-02,53.5099983215332,54.470001220703125,53.5099983215332,54.36000061035156,48.40256881713867,15964300
2014-12-03,54.470001220703125,55.279998779296875,54.310001373291016,55.209999084472656,49.159420013427734,21221500
2014-12-04,54.970001220703125,55.43000030517578,54.689998626708984,55.18000030517578,49.132713317871094,13407400
2014-12-05,55.52000045776367,56.4900016784668,55.459999084472656,56.08000183105469,49.93408203125,21945900
2014-12-08,55.97999954223633,56.95000076293945,55.75,56.369998931884766,50.192298889160156,21799300
2014-12-09,55.439998626708984,56.13999938964844,54.689998626708984,55.849998474121094,49.72929000854492,26262900
2014-12-10,55.5099983215332,55.91999816894531,54.349998474121094,54.470001220703125,48.50051498413086,22464100
2014-12-11,54.650001525878906,55.22999954223633,54.41999816894531,54.5099983215332,48.536128997802734,20641300
2014-12-12,53.97999954223633,54.349998474121094,53.22999954223633,53.400001525878906,47.54778289794922,23137300
2014-12-15,54.08000183105469,54.08000183105469,52.52000045776367,52.790000915527344,47.004642486572266,20956200
2014-12-16,52.15999984741211,52.84000015258789,51.119998931884766,51.16999816894531,45.56216812133789,34745200
2014-12-17,51.209999084472656,52.47999954223633,51.11000061035156,52.45000076293945,46.7018928527832,26918800
2014-12-18,53.400001525878906,54.099998474121094,53.130001068115234,54.099998474121094,48.17107009887695,23478100
2014-12-19,53.9900016784668,54.47999954223633,53.75,54.0099983215332,48.09092712402344,22986200
2014-12-22,54.040000915527344,54.27000045776367,53.52000045776367,53.959999084472656,48.04641342163086,11742300
2014-12-23,54.02000045776367,54.86000061035156,53.93000030517578,54.41999816894531,48.455997467041016,12277000
2014-12-24,54.68000030517578,54.900001525878906,54.31999969482422,54.540000915527344,48.56285095214844,6237400
2014-12-26,54.630001068115234,54.77000045776367,54.40999984741211,54.43000030517578,48.46491241455078,6415100
2014-12-29,54.13999938964844,55.08000183105469,54.029998779296875,54.72999954223633,48.732025146484375,9887500
2014-12-30,54.5099983215332,54.95000076293945,54.25,54.84000015258789,48.8299674987793,8188600
2014-12-31,54.95000076293945,55.06999969482422,54.099998474121094,54.11000061035156,48.17996597290039,10193000
2015-01-02,54.36000061035156,54.689998626708984,53.790000915527344,54.2599983215332,48.31352996826172,11137800
2015-01-05,53.90999984741211,53.959999084472656,52.33000183105469,52.54999923706055,46.79093933105469,20945400
2015-01-06,52.68000030517578,52.77000045776367,50.529998779296875,50.70000076293945,45.143680572509766,31989300
2015-01-07,51.5099983215332,51.54999923706055,50.619998931884766,51.16999816894531,45.56216812133789,27890800
2015-01-08,51.77000045776367,52.08000183105469,51.5,51.939998626708984,46.24778366088867,17467200
2015-01-09,52.16999816894531,52.2400016784668,50.77000045776367,50.779998779296875,45.21492004394531,20180200
2015-01-12,50.81999969482422,50.90999984741211,50.029998779296875,50.380001068115234,44.85874938964844,22725800
2015-01-13,50.65999984741211,51.22999954223633,49.61000061035156,50.02000045776367,44.53820037841797,23201800
2015-01-14,48.959999084472656,49.099998474121094,47.77000045776367,49.04999923706055,43.67451095581055,44630800
2015-01-15,48.060001373291016,48.2400016784668,46.90999984741211,47.22999954223633,42.05396270751953,48799400
2015-01-16,46.70000076293945,47.689998626708984,46.599998474121094,47.61000061035156,42.39231872558594,32307000
2015-01-20,47.97999954223633,48.0,47.150001525878906,47.2599983215332,42.080665588378906,25561000
2015-01-21,47.369998931884766,48.22999954223633,47.150001525878906,47.7400016784668,42.50807189941406,22873300
2015-01-22,48.2599983215332,49.75,47.93000030517578,49.56999969482422,44.13752746582031,29652600
2015-01-23,49.4900016784668,49.7599983215332,48.61000061035156,48.619998931884766,43.29163360595703,18984700
2015-01-26,48.47999954223633,49.029998779296875,48.40999984741211,48.88999938964844,43.53204345703125,13817500
2015-01-27,48.040000915527344,48.650001525878906,47.77000045776367,48.310001373291016,43.01560974121094,16401200
2015-01-28,48.369998931884766,48.5099983215332,47.11000061035156,47.11000061035156,41.94711685180664,26065300
2015-01-29,47.06999969482422,47.779998779296875,46.83000183105469,47.619998931884766,42.410221099853516,19865700
2015-01-30,47.09000015258789,47.72999954223633,46.900001525878906,46.95000076293945,41.813533782958984,23729800
2015-02-02,47.20000076293945,47.77000045776367,46.900001525878906,47.720001220703125,42.49928283691406,19178200
2015-02-03,48.459999084472656,49.220001220703125,48.349998474121094,48.880001068115234,43.532386779785156,25220200
2015-02-04,48.56999969482422,49.0,48.29999923706055,48.400001525878906,43.104881286621094,19581800
2015-02-05,48.7400016784668,49.0,48.220001220703125,48.540000915527344,43.229576110839844,15481900
2015-02-06,49.400001525878906,49.95000076293945,49.060001373291016,49.13999938964844,43.76393508911133,25881500
2015-02-09,48.86000061035156,49.5099983215332,48.439998626708984,49.209999084472656,43.826271057128906,16364900
2015-02-10,50.0,50.060001373291016,49.13999938964844,49.38999938964844,43.98657989501953,17223700
2015-02-11,49.150001525878906,49.880001068115234,49.11000061035156,49.68000030517578,44.244850158691406,13079500
2015-02-12,49.939998626708984,51.09000015258789,49.77000045776367,50.88999938964844,45.322471618652344,28926800
2015-02-13,51.0099983215332,51.4900016784668,50.810001373291016,51.20000076293945,45.598575592041016,17448500
2015-02-17,50.95000076293945,51.79999923706055,50.900001525878906,51.689998626708984,46.03495407104492,14569400
2015-02-18,51.29999923706055,51.66999816894531,51.09000015258789,51.41999816894531,45.794498443603516,17666800
2015-02-19,51.279998779296875,51.540000915527344,51.040000915527344,51.119998931884766,45.527313232421875,11272000
2015-02-20,51.04999923706055,51.90999984741211,50.36000061035156,51.779998779296875,46.11510467529297,19429400
2015-02-23,51.529998779296875,51.540000915527344,50.75,51.31999969482422,45.7054328918457,15282600
2015-02-24,51.41999816894531,52.29999923706055,51.38999938964844,51.900001525878906,46.22197341918945,20250900
2015-02-25,51.650001525878906,52.11000061035156,51.54999923706055,52.09000015258789,46.39118957519531,10666000
2015-02-26,52.029998779296875,52.4900016784668,51.90999984741211,52.40999984741211,46.67617416381836,16358100
2015-02-27,52.31999969482422,52.869998931884766,52.16999816894531,52.41999816894531,46.685089111328125,18588400
2015-03-02,52.41999816894531,53.52000045776367,52.04999923706055,53.4900016784668,47.638023376464844,19384200
2015-03-03,53.939998626708984,54.0,53.43000030517578,53.72999954223633,47.85176086425781,24281900
2015-03-04,53.47999954223633,53.86000061035156,53.2400016784668,53.66999816894531,47.798336029052734,14698100
2015-03-05,53.709999084472656,53.72999954223633,53.150001525878906,53.560001373291016,47.70037078857422,13853800
2015-03-06,53.75,54.0099983215332,52.93000030517578,53.060001373291016,47.255062103271484,40296600
2015-03-09,52.880001068115234,53.16999816894531,52.77000045776367,52.95000076293945,47.157100677490234,17542600
2015-03-10,52.06999969482422,52.29999923706055,51.22999954223633,51.22999954223633,45.62527847290039,29061300
2015-03-11,51.619998931884766,52.7599983215332,51.52000045776367,52.33000183105469,46.60493850708008,32443600
2015-03-12,54.0,54.720001220703125,53.45000076293945,54.08000183105469,48.163482666015625,50191200
2015-03-13,53.900001525878906,54.2400016784668,53.2599983215332,53.540000915527344,47.68255615234375,20780600
2015-03-16,53.7400016784668,54.040000915527344,53.400001525878906,53.689998626708984,47.81614685058594,17031600
2015-03-17,53.209999084472656,53.9900016784668,53.15999984741211,53.84000015258789,47.949729919433594,13902900
2015-03-18,53.41999816894531,53.939998626708984,53.16999816894531,53.720001220703125,47.842872619628906,18383700
2015-03-19,53.56999969482422,53.619998931884766,52.20000076293945,52.380001068115234,46.649471282958984,21150000
2015-03-20,52.439998626708984,53.16999816894531,52.40999984741211,52.97999954223633,47.18382263183594,22466200
2015-03-23,53.029998779296875,53.04999923706055,52.47999954223633,52.47999954223633,46.73851776123047,13148900
2015-03-24,52.349998474121094,52.439998626708984,51.939998626708984,51.939998626708984,46.25760269165039,12887700
2015-03-25,51.97999954223633,52.11000061035156,51.349998474121094,51.380001068115234,45.75886535644531,15418200
2015-03-26,51.189998626708984,51.459999084472656,50.470001220703125,51.189998626708984,45.589664459228516,21839600
2015-03-27,51.4900016784668,51.4900016784668,50.720001220703125,51.0,45.420448303222656,16052400
2015-03-30,51.33000183105469,52.0,51.310001373291016,51.63999938964844,45.990421295166016,13289200
2015-03-31,51.2599983215332,51.77000045776367,51.15999984741211,51.52000045776367,45.8835563659668,13928900
2015-04-01,51.369998931884766,51.900001525878906,51.0099983215332,51.619998931884766,45.97261047363281,21577700
2015-04-02,51.68000030517578,52.220001220703125,51.59000015258789,51.86000061035156,46.18635940551758,13966900
2015-04-06,51.15999984741211,51.959999084472656,50.97999954223633,51.619998931884766,45.97261047363281,13250800
2015-04-07,51.83000183105469,51.93000030517578,51.38999938964844,51.52000045776367,45.8835563659668,11562700
2015-04-08,51.66999816894531,52.220001220703125,51.630001068115234,51.88999938964844,46.213077545166016,11773000
2015-04-09,51.72999954223633,52.209999084472656,51.689998626708984,52.130001068115234,46.42681884765625,13591400
2015-04-10,52.08000183105469,52.68000030517578,51.97999954223633,52.43000030517578,46.69399642944336,13032000
2015-04-13,52.47999954223633,52.95000076293945,52.40999984741211,52.65999984741211,46.89883041381836,11984400
2015-04-14,52.93000030517578,53.0,52.380001068115234,52.72999954223633,46.96117401123047,13259700
2015-04-15,52.93000030517578,53.380001068115234,52.75,53.209999084472656,47.3886604309082,19041100
2015-04-16,53.97999954223633,54.459999084472656,53.79999923706055,54.02000045776367,48.11004638671875,38345600
2015-04-17,53.5099983215332,54.099998474121094,52.95000076293945,53.06999969482422,47.263980865478516,23287000
2015-04-20,53.29999923706055,53.56999969482422,53.09000015258789,53.20000076293945,47.379756927490234,14730000
2015-04-21,53.349998474121094,53.459999084472656,52.25,52.47999954223633,46.73851776123047,19554400
2015-04-22,52.52000045776367,53.380001068115234,52.349998474121094,53.099998474121094,47.29069519042969,14873400
2015-04-23,53.0099983215332,53.400001525878906,52.81999969482422,53.220001220703125,47.3975715637207,13049600
2015-04-24,53.15999984741211,53.220001220703125,52.849998474121094,52.900001525878906,47.11256790161133,10150500
2015-04-27,52.880001068115234,53.38999938964844,52.779998779296875,52.79999923706055,47.023521423339844,15613000
2015-04-28,52.66999816894531,53.099998474121094,52.25,53.02000045776367,47.21944808959961,14134500
2015-04-29,52.650001525878906,53.9900016784668,52.61000061035156,53.7599983215332,47.878482818603516,22542400
2015-04-30,53.75,53.970001220703125,52.91999816894531,53.31999969482422,47.48663330078125,19420600
2015-05-01,53.63999938964844,53.84000015258789,53.310001373291016,53.7599983215332,47.878482818603516,13147600
2015-05-04,53.849998474121094,54.2599983215332,53.7400016784668,54.16999816894531,48.243629455566406,15670100
2015-05-05,53.9900016784668,54.29999923706055,53.25,53.349998474121094,47.51335144042969,20669100
2015-05-06,53.560001373291016,53.900001525878906,52.349998474121094,52.81999969482422,47.041324615478516,19414800
2015-05-07,52.59000015258789,53.439998626708984,52.40999984741211,53.310001373291016,47.522708892822266,14954200
2015-05-08,53.54999923706055,54.11000061035156,53.29999923706055,54.02000045776367,48.1556396484375,17333500
2015-05-11,53.91999816894531,54.15999984741211,53.79999923706055,53.970001220703125,48.11105728149414,13896800
2015-05-12,53.66999816894531,53.97999954223633,53.22999954223633,53.7400016784668,47.90604019165039,13336900
2015-05-13,53.720001220703125,54.36000061035156,53.47999954223633,54.20000076293945,48.31608581542969,15810400
2015-05-14,54.43000030517578,54.72999954223633,54.33000183105469,54.599998474121094,48.672672271728516,14250800
2015-05-15,54.59000015258789,54.61000061035156,54.029998779296875,54.2400016784668,48.35175704956055,10377200
2015-05-18,54.189998626708984,54.900001525878906,54.16999816894531,54.66999816894531,48.735076904296875,11717600
2015-05-19,54.790000915527344,55.369998931884766,54.75,55.33000183105469,49.32343292236328,18207400
2015-05-20,55.27000045776367,55.29999923706055,54.75,54.88999938964844,48.93117904663086,13954600
2015-05-21,54.689998626708984,55.099998474121094,54.61000061035156,54.84000015258789,48.886619567871094,11799200
2015-05-22,54.779998779296875,55.33000183105469,54.68000030517578,54.970001220703125,49.00250244140625,12652000
2015-05-26,54.75,54.84000015258789,54.0099983215332,54.2400016784668,48.35175704956055,16564500
2015-05-27,54.34000015258789,54.97999954223633,54.20000076293945,54.869998931884766,48.91335678100586,13699400
2015-05-28,54.81999969482422,54.81999969482422,54.220001220703125,54.54999923706055,48.62809371948242,13380900
2015-05-29,54.459999084472656,54.4900016784668,53.869998931884766,54.08000183105469,48.2091178894043,13841400
2015-06-01,54.68000030517578,55.04999923706055,54.439998626708984,54.45000076293945,48.53894805908203,18156300
2015-06-02,54.400001525878906,55.02000045776367,54.130001068115234,54.720001220703125,48.7796516418457,17765400
2015-06-03,55.040000915527344,56.02000045776367,55.0099983215332,55.630001068115234,49.59085464477539,21240500
2015-06-04,55.45000076293945,56.0,55.15999984741211,55.33000183105469,49.32343292236328,18517600
2015-06-05,56.02000045776367,56.58000183105469,55.84000015258789,56.2400016784668,50.13463592529297,26500400
2015-06-08,56.25,56.5,55.650001525878906,55.650001525878906,49.608673095703125,14961600
2015-06-09,55.56999969482422,56.36000061035156,55.220001220703125,56.0,49.92068862915039,15193100
2015-06-10,56.27000045776367,57.209999084472656,56.18000030517578,57.02000045776367,50.8299560546875,21275600
2015-06-11,57.20000076293945,57.5,56.93000030517578,57.209999084472656,50.99933624267578,19187100
2015-06-12,57.0099983215332,57.25,56.66999816894531,57.11000061035156,50.91017150878906,13860600
2015-06-15,56.619998931884766,56.939998626708984,56.11000061035156,56.650001525878906,50.500118255615234,17698400
2015-06-16,56.52000045776367,57.130001068115234,56.36000061035156,57.06999969482422,50.87453079223633,13563800
2015-06-17,57.06999969482422,57.150001525878906,56.380001068115234,56.540000915527344,50.40205383300781,17801900
2015-06-18,56.65999984741211,56.880001068115234,55.97999954223633,56.7599983215332,50.598175048828125,18739300
2015-06-19,56.5099983215332,56.810001373291016,56.16999816894531,56.22999954223633,50.12571716308594,18840500
2015-06-22,56.86000061035156,57.209999084472656,56.7599983215332,56.95000076293945,50.76755142211914,13011600
2015-06-23,57.279998779296875,57.63999938964844,57.119998931884766,57.38999938964844,51.1597900390625,16216100
2015-06-24,56.65999984741211,56.9900016784668,56.5,56.65999984741211,50.509033203125,19235500
2015-06-25,56.9900016784668,57.060001373291016,56.18000030517578,56.189998626708984,50.09006118774414,12176200
2015-06-26,56.470001220703125,56.650001525878906,56.099998474121094,56.34000015258789,50.22377395629883,12148300
2015-06-29,55.040000915527344,55.619998931884766,54.849998474121094,54.880001068115234,48.922271728515625,22260400
2015-06-30,55.52000045776367,55.68000030517578,54.810001373291016,55.2400016784668,49.243194580078125,17737400
2015-07-01,56.0099983215332,56.0099983215332,55.2400016784668,55.68000030517578,49.63542938232422,17606100
2015-07-02,55.43000030517578,55.849998474121094,55.06999969482422,55.369998931884766,49.35907745361328,12062800
2015-07-06,54.790000915527344,55.25,54.5,55.08000183105469,49.100563049316406,12706200
2015-07-07,54.970001220703125,55.04999923706055,53.029998779296875,54.5,48.583518981933594,32011200
2015-07-08,53.810001373291016,53.810001373291016,52.77000045776367,52.79999923706055,47.06806945800781,26169400
2015-07-09,53.84000015258789,54.150001525878906,53.599998474121094,53.709999084472656,47.8792839050293,23540400
2015-07-10,54.54999923706055,54.790000915527344,54.29999923706055,54.560001373291016,48.63701248168945,16578700
2015-07-13,55.040000915527344,55.689998626708984,55.040000915527344,55.540000915527344,49.510623931884766,18803900
2015-07-14,55.369998931884766,56.119998931884766,55.2400016784668,55.90999984741211,49.84046173095703,18174900
2015-07-15,56.2599983215332,56.790000915527344,55.95000076293945,56.459999084472656,50.33074188232422,20470500
2015-07-16,57.900001525878906,58.650001525878906,57.709999084472656,58.59000015258789,52.229515075683594,41084000
2015-07-17,58.529998779296875,58.88999938964844,58.34000015258789,58.75,52.37215042114258,21055300
2015-07-20,58.959999084472656,59.29999923706055,58.630001068115234,58.849998474121094,52.46128845214844,16016600
2015-07-21,58.79999923706055,59.310001373291016,58.79999923706055,59.099998474121094,52.68414306640625,21541700
2015-07-22,59.119998931884766,60.529998779296875,59.029998779296875,60.34000015258789,53.78953552246094,30156200
2015-07-23,60.290000915527344,60.95000076293945,59.72999954223633,59.869998931884766,53.37055206298828,29432300
2015-07-24,59.70000076293945,59.77000045776367,58.33000183105469,58.70000076293945,52.327579498291016,24760800
2015-07-27,57.900001525878906,58.33000183105469,57.43000030517578,57.959999084472656,51.66790771484375,20378400
2015-07-28,58.45000076293945,58.5,57.779998779296875,58.369998931884766,52.03339767456055,12566700
2015-07-29,58.560001373291016,59.150001525878906,58.43000030517578,58.91999816894531,52.5236930847168,14460800
2015-07-30,58.72999954223633,59.04999923706055,58.29999923706055,58.880001068115234,52.53260803222656,11202100
2015-07-31,58.790000915527344,58.84000015258789,58.369998931884766,58.459999084472656,52.15789031982422,12529300
2015-08-03,58.619998931884766,58.66999816894531,57.95000076293945,58.439998626708984,52.140045166015625,10508700
2015-08-04,58.369998931884766,58.869998931884766,58.290000915527344,58.470001220703125,52.16682434082031,10984500
2015-08-05,58.939998626708984,59.25,58.599998474121094,58.7400016784668,52.40770721435547,10631000
2015-08-06,58.81999969482422,58.959999084472656,57.900001525878906,58.099998474121094,51.836708068847656,14707400
2015-08-07,58.18000030517578,58.61000061035156,57.439998626708984,57.90999984741211,51.66717529296875,11934000
2015-08-10,58.2599983215332,58.84000015258789,58.209999084472656,58.7400016784668,52.40770721435547,10812200
2015-08-11,58.0099983215332,58.25,57.2400016784668,57.63999938964844,51.426292419433594,18897600
2015-08-12,56.939998626708984,57.2400016784668,55.310001373291016,56.90999984741211,50.774986267089844,27428700
2015-08-13,57.029998779296875,57.599998474121094,56.5,57.33000183105469,51.14970779418945,15837900
2015-08-14,57.18000030517578,57.720001220703125,57.18000030517578,57.59000015258789,51.38166809082031,8864000
2015-08-17,57.15999984741211,57.849998474121094,56.9900016784668,57.77000045776367,51.54228210449219,11139200
2015-08-18,57.66999816894531,57.91999816894531,57.400001525878906,57.54999923706055,51.345985412597656,11593200
2015-08-19,57.18000030517578,57.52000045776367,56.560001373291016,57.0,50.85527801513672,17673200
2015-08-20,56.029998779296875,56.310001373291016,55.33000183105469,55.33000183105469,49.365318298339844,28455500
2015-08-21,54.400001525878906,55.04999923706055,53.58000183105469,53.599998474121094,47.82181167602539,33437500
2015-08-24,49.130001068115234,52.529998779296875,47.099998474121094,50.34000015258789,44.913238525390625,37767000
2015-08-25,52.70000076293945,52.75,49.880001068115234,49.880001068115234,44.502838134765625,27809200
2015-08-26,51.40999984741211,52.380001068115234,50.25,52.279998779296875,46.64410400390625,30721900
2015-08-27,53.189998626708984,53.619998931884766,52.349998474121094,53.439998626708984,47.679054260253906,26467300
2015-08-28,53.09000015258789,53.560001373291016,52.81999969482422,53.279998779296875,47.53629684448242,17205400
2015-08-31,53.130001068115234,53.65999984741211,52.720001220703125,53.47999954223633,47.71474075317383,20629000
2015-09-01,52.400001525878906,52.400001525878906,50.290000915527344,50.939998626708984,45.44855499267578,28621600
2015-09-02,51.810001373291016,52.029998779296875,50.9900016784668,51.75,46.171241760253906,17515800
2015-09-03,51.959999084472656,52.709999084472656,51.59000015258789,51.790000915527344,46.206932067871094,15708700
2015-09-04,51.130001068115234,51.29999923706055,50.119998931884766,50.59000015258789,45.13629150390625,19054500
2015-09-08,51.400001525878906,51.880001068115234,51.02000045776367,51.650001525878906,46.0820198059082,17160200
2015-09-09,52.400001525878906,52.619998931884766,50.72999954223633,50.880001068115234,45.39503479003906,16930900
2015-09-10,50.560001373291016,51.5,50.290000915527344,51.06999969482422,45.56454086303711,17467000
2015-09-11,51.0099983215332,51.150001525878906,50.630001068115234,51.099998474121094,45.59132385253906,12001800
2015-09-14,51.08000183105469,51.18000030517578,50.68000030517578,50.97999954223633,45.484256744384766,11427000
2015-09-15,51.18000030517578,52.290000915527344,51.060001373291016,52.0,46.394290924072266,17858900
2015-09-16,52.2599983215332,52.709999084472656,51.790000915527344,52.59000015258789,46.92068862915039,17369500
2015-09-17,52.61000061035156,53.0,51.380001068115234,51.650001525878906,46.0820198059082,24075200
2015-09-18,50.70000076293945,50.84000015258789,50.11000061035156,50.290000915527344,44.86863708496094,33404600
2015-09-21,50.81999969482422,51.099998474121094,50.36000061035156,50.709999084472656,45.24336242675781,14936600
2015-09-22,49.95000076293945,50.45000076293945,49.86000061035156,50.380001068115234,44.948936462402344,19610600
2015-09-23,50.400001525878906,50.650001525878906,49.95000076293945,50.119998931884766,44.71696090698242,13680200
2015-09-24,49.65999984741211,49.75,48.75,49.130001068115234,43.83368682861328,32241000
2015-09-25,50.16999816894531,50.720001220703125,49.869998931884766,50.54999923706055,45.10060119628906,22341800
2015-09-28,50.630001068115234,50.70000076293945,48.95000076293945,49.029998779296875,43.74447250366211,21919800
2015-09-29,49.04999923706055,49.45000076293945,48.470001220703125,49.0,43.71770477294922,16485000
2015-09-30,49.810001373291016,49.84000015258789,48.900001525878906,49.61000061035156,44.261940002441406,17629000
2015-10-01,49.41999816894531,50.0,49.220001220703125,49.88999938964844,44.511756896972656,16291000
2015-10-02,48.5099983215332,49.880001068115234,47.709999084472656,49.880001068115234,44.502838134765625,27320900
2015-10-05,50.400001525878906,51.34000015258789,50.34000015258789,51.15999984741211,45.64483642578125,14881200
2015-10-06,51.04999923706055,51.5,50.83000183105469,51.060001373291016,45.55562210083008,12602100
2015-10-07,51.47999954223633,51.849998474121094,50.88999938964844,51.31999969482422,45.7875862121582,16572000
2015-10-08,51.09000015258789,51.84000015258789,50.75,51.650001525878906,46.0820198059082,16903000
2015-10-09,51.81999969482422,52.02000045776367,50.93000030517578,51.380001068115234,45.841129302978516,14341200
2015-10-12,51.36000061035156,51.4900016784668,50.880001068115234,51.279998779296875,45.75190734863281,11187000
2015-10-13,50.849998474121094,51.709999084472656,50.83000183105469,51.209999084472656,45.68946075439453,13337900
2015-10-14,51.06999969482422,51.220001220703125,50.380001068115234,50.720001220703125,45.252281188964844,22288000
2015-10-15,51.83000183105469,53.18000030517578,51.119998931884766,52.970001220703125,47.25972366333008,31023100
2015-10-16,53.34000015258789,53.36000061035156,52.56999969482422,52.689998626708984,47.0098991394043,17569200
2015-10-19,52.36000061035156,53.18000030517578,52.33000183105469,52.86000061035156,47.16157531738281,13616200
2015-10-20,52.86000061035156,53.20000076293945,52.599998474121094,52.84000015258789,47.14373779296875,11195800
2015-10-21,52.9900016784668,53.15999984741211,51.790000915527344,51.810001373291016,46.22477340698242,15577800
2015-10-22,52.18000030517578,52.869998931884766,52.150001525878906,52.5099983215332,46.84931182861328,22320500
2015-10-23,53.0,53.66999816894531,52.95000076293945,53.63999938964844,47.85749435424805,19927100
2015-10-26,53.22999954223633,53.59000015258789,52.75,53.11000061035156,47.3846321105957,14530700
2015-10-27,52.709999084472656,52.90999984741211,52.2400016784668,52.61000061035156,46.93852615356445,13232400
2015-10-28,52.86000061035156,54.959999084472656,52.709999084472656,54.72999954223633,48.829994201660156,23403900
2015-10-29,54.5,55.060001373291016,53.619998931884766,53.65999984741211,47.91911697387695,23153900
2015-10-30,53.75,53.81999969482422,52.93000030517578,53.16999816894531,47.481544494628906,18430200
2015-11-02,53.45000076293945,54.04999923706055,53.34000015258789,53.83000183105469,48.07093048095703,11999700
2015-11-03,53.560001373291016,54.38999938964844,53.52000045776367,54.15999984741211,48.365623474121094,13518300
2015-11-04,54.369998931884766,54.5,53.65999984741211,53.83000183105469,48.07093048095703,16985200
2015-11-05,53.779998779296875,54.400001525878906,53.75,54.150001525878906,48.356693267822266,13632500
2015-11-06,55.77000045776367,56.459999084472656,55.4900016784668,55.869998931884766,49.892677307128906,21654400
2015-11-09,55.91999816894531,56.189998626708984,55.06999969482422,55.709999084472656,49.749794006347656,19921800
2015-11-10,55.529998779296875,56.16999816894531,55.0,55.79999923706055,49.83016586303711,17657400
2015-11-11,56.119998931884766,56.13999938964844,54.779998779296875,54.900001525878906,49.026451110839844,15834000
2015-11-12,54.52000045776367,54.52000045776367,53.45000076293945,53.459999084472656,47.74051284790039,17735000
2015-11-13,53.16999816894531,53.58000183105469,52.66999816894531,53.16999816894531,47.481544494628906,16828800
2015-11-16,52.959999084472656,53.689998626708984,52.4900016784668,53.689998626708984,47.94590759277344,14896600
2015-11-17,53.88999938964844,54.220001220703125,53.22999954223633,53.4900016784668,47.767311096191406,14845300
2015-11-18,53.849998474121094,55.029998779296875,53.7599983215332,54.97999954223633,49.0978889465332,19100300
2015-11-19,54.880001068115234,55.29999923706055,54.7400016784668,55.060001373291016,49.169342041015625,11997500
2015-11-20,55.369998931884766,55.369998931884766,54.54999923706055,54.75,48.89250564575195,14896000
2015-11-23,54.66999816894531,54.84000015258789,54.150001525878906,54.279998779296875,48.4727783203125,14547100
2015-11-24,53.810001373291016,54.5099983215332,53.709999084472656,54.18000030517578,48.383487701416016,12950900
2015-11-25,54.290000915527344,54.33000183105469,53.7599983215332,54.08000183105469,48.294189453125,9859400
2015-11-27,54.060001373291016,54.369998931884766,53.720001220703125,54.209999084472656,48.41027069091797,5483300
2015-11-30,54.34000015258789,54.459999084472656,53.970001220703125,54.09000015258789,48.30311584472656,14603100
2015-12-01,54.400001525878906,54.90999984741211,54.25,54.880001068115234,49.00859451293945,11856000
2015-12-02,54.9900016784668,55.02000045776367,54.029998779296875,54.13999938964844,48.34775924682617,15288800
2015-12-03,54.41999816894531,54.599998474121094,53.349998474121094,53.5099983215332,47.7851676940918,19750000
2015-12-04,53.65999984741211,55.33000183105469,53.52000045776367,55.09000015258789,49.196136474609375,21464100
2015-12-07,54.77000045776367,54.880001068115234,53.90999984741211,54.400001525878906,48.5799560546875,15077300
2015-12-08,53.84000015258789,54.0099983215332,53.18000030517578,53.38999938964844,47.678009033203125,14785500
2015-12-09,53.04999923706055,53.810001373291016,52.310001373291016,52.810001373291016,47.16004943847656,19903700
2015-12-10,52.88999938964844,53.2400016784668,52.16999816894531,52.650001525878906,47.017173767089844,16333800
2015-12-11,51.939998626708984,52.209999084472656,50.66999816894531,51.11000061035156,45.641929626464844,24093500
2015-12-14,51.13999938964844,51.72999954223633,50.5,51.099998474121094,45.63300323486328,21586800
2015-12-15,51.849998474121094,52.79999923706055,51.849998474121094,52.52000045776367,46.90108108520508,21642300
2015-12-16,53.040000915527344,54.0099983215332,52.29999923706055,53.900001525878906,48.133445739746094,26044800
2015-12-17,54.0099983215332,54.20000076293945,52.709999084472656,52.84000015258789,47.18684768676758,17179600
2015-12-18,52.459999084472656,52.68000030517578,51.15999984741211,51.209999084472656,45.73122787475586,25509600
2015-12-21,51.709999084472656,51.90999984741211,51.08000183105469,51.790000915527344,46.249183654785156,16929000
2015-12-22,51.9900016784668,52.130001068115234,51.38999938964844,52.0099983215332,46.44565200805664,13241300
2015-12-23,52.29999923706055,52.63999938964844,52.08000183105469,52.630001068115234,46.99931716918945,14950200
2015-12-24,52.47999954223633,52.970001220703125,52.45000076293945,52.709999084472656,47.070762634277344,4671200
2015-12-28,52.56999969482422,52.56999969482422,51.959999084472656,52.380001068115234,46.77606201171875,8761700
2015-12-29,52.7599983215332,53.220001220703125,52.7400016784668,52.97999954223633,47.3118782043457,10155100
2015-12-30,52.84000015258789,52.939998626708984,52.25,52.29999923706055,46.704627990722656,8763300
2015-12-31,52.06999969482422,52.38999938964844,51.75,51.75,46.21345138549805,11281800
2016-01-04,50.75,51.189998626708984,50.189998626708984,51.130001068115234,45.659793853759766,23440200
2016-01-05,51.540000915527344,51.61000061035156,50.40999984741211,50.86000061035156,45.41868209838867,17444900
2016-01-06,50.099998474121094,50.58000183105469,49.7599983215332,50.119998931884766,44.757843017578125,22501800
2016-01-07,49.06999969482422,49.380001068115234,47.5,47.560001373291016,42.471736907958984,37902900
2016-01-08,48.72999954223633,48.7400016784668,46.029998779296875,46.130001068115234,41.194732666015625,30643000
2016-01-11,46.560001373291016,46.9900016784668,45.93000030517578,46.849998474121094,41.83769607543945,26284600
2016-01-12,47.5,47.5,46.27000045776367,46.880001068115234,41.86448669433594,26310000
2016-01-13,47.31999969482422,47.349998474121094,44.970001220703125,45.189998626708984,40.355289459228516,27925800
2016-01-14,45.41999816894531,45.81999969482422,44.56999969482422,45.380001068115234,40.524959564208984,30129500
2016-01-15,42.5099983215332,43.689998626708984,41.849998474121094,42.470001220703125,37.92629623413086,52452600
2016-01-19,42.849998474121094,43.119998931884766,41.65999984741211,41.939998626708984,37.452999114990234,39032700
2016-01-20,40.52000045776367,41.029998779296875,39.439998626708984,40.4900016784668,36.15813064575195,49905400
2016-01-21,40.5099983215332,41.38999938964844,40.029998779296875,40.150001525878906,35.85450744628906,34976700
2016-01-22,41.04999923706055,41.349998474121094,40.81999969482422,41.060001373291016,36.667144775390625,30187200
2016-01-25,40.810001373291016,40.959999084472656,39.45000076293945,39.54999923706055,35.318687438964844,31924000
2016-01-26,39.599998474121094,40.790000915527344,39.5,40.5,36.167049407958984,23508400
2016-01-27,40.369998931884766,41.689998626708984,40.22999954223633,40.560001373291016,36.22063064575195,28274800
2016-01-28,41.20000076293945,41.38999938964844,40.06999969482422,40.38999938964844,36.11334228515625,23212800
2016-01-29,40.79999923706055,42.59000015258789,40.779998779296875,42.58000183105469,38.07145690917969,36107600
2016-02-01,42.36000061035156,42.83000183105469,42.0,42.47999954223633,37.98204803466797,22860300
2016-02-02,41.86000061035156,41.86000061035156,40.279998779296875,40.41999816894531,36.140167236328125,31460900
2016-02-03,40.650001525878906,40.709999084472656,38.040000915527344,40.36000061035156,36.086524963378906,43680300
2016-02-04,40.11000061035156,41.56999969482422,40.04999923706055,40.790000915527344,36.47099304199219,26732600
2016-02-05,41.02000045776367,41.439998626708984,39.54999923706055,39.86000061035156,35.639461517333984,23599700
2016-02-08,39.13999938964844,39.18000030517578,37.18000030517578,37.810001373291016,33.80652618408203,35237100
2016-02-09,36.93000030517578,38.06999969482422,36.68000030517578,37.5099983215332,33.538291931152344,39767200
2016-02-10,38.5,39.09000015258789,37.380001068115234,37.40999984741211,33.448875427246094,33390000
2016-02-11,36.0,36.15999984741211,34.52000045776367,34.97999954223633,31.276180267333984,48945600
2016-02-12,36.029998779296875,37.869998931884766,35.97999954223633,37.540000915527344,33.56511688232422,38120400
2016-02-16,38.59000015258789,39.220001220703125,38.31999969482422,38.88999938964844,34.77217483520508,31802500
2016-02-17,39.709999084472656,40.290000915527344,39.5,39.779998779296875,35.567928314208984,29133500
2016-02-18,39.93000030517578,39.9900016784668,38.619998931884766,38.91999816894531,34.798988342285156,24107700
2016-02-19,38.81999969482422,39.060001373291016,38.060001373291016,38.9900016784668,34.8615837097168,22426000
2016-02-22,39.66999816894531,39.970001220703125,39.29999923706055,39.52000045776367,35.33545684814453,22028600
2016-02-23,39.119998931884766,39.189998626708984,38.040000915527344,38.220001220703125,34.173118591308594,26234200
2016-02-24,37.439998626708984,38.18000030517578,36.61000061035156,38.09000015258789,34.05687713623047,25912400
2016-02-25,38.22999954223633,38.650001525878906,38.0099983215332,38.619998931884766,34.530757904052734,19889500
2016-02-26,39.060001373291016,40.02000045776367,38.7599983215332,39.5,35.31758117675781,23757400
2016-02-29,39.43000030517578,39.79999923706055,38.849998474121094,38.849998474121094,34.73640441894531,22268700
2016-03-01,39.150001525878906,41.290000915527344,39.099998474121094,41.27000045776367,36.90016555786133,30606800
2016-03-02,41.2400016784668,42.25,41.09000015258789,42.220001220703125,37.749576568603516,28383800
2016-03-03,42.13999938964844,42.869998931884766,41.88999938964844,42.83000183105469,38.294986724853516,21835200
2016-03-04,43.06999969482422,43.59000015258789,42.470001220703125,42.83000183105469,38.294986724853516,28071000
2016-03-07,42.36000061035156,42.93000030517578,42.08000183105469,42.61000061035156,38.09828186035156,22134600
2016-03-08,42.150001525878906,42.310001373291016,40.9900016784668,41.04999923706055,36.70345687866211,26265000
2016-03-09,41.36000061035156,41.43000030517578,40.630001068115234,41.150001525878906,36.79286193847656,18573900
2016-03-10,41.61000061035156,42.150001525878906,40.61000061035156,41.369998931884766,36.98957824707031,21139800
2016-03-11,42.27000045776367,43.0099983215332,41.7599983215332,42.9900016784668,38.438045501708984,21068500
2016-03-14,42.65999984741211,42.90999984741211,42.209999084472656,42.66999816894531,38.15192413330078,15332700
2016-03-15,42.2599983215332,42.619998931884766,41.970001220703125,42.59000015258789,38.08039855957031,13784700
2016-03-16,42.130001068115234,43.04999923706055,41.5,42.22999954223633,37.758514404296875,22981000
2016-03-17,41.9900016784668,42.93000030517578,41.380001068115234,42.849998474121094,38.312862396240234,24262800
2016-03-18,43.43000030517578,43.970001220703125,43.25,43.540000915527344,38.929805755615234,30801900
2016-03-21,43.43000030517578,44.2599983215332,43.25,43.599998474121094,38.983455657958984,16226400
2016-03-22,43.27000045776367,43.630001068115234,42.90999984741211,43.380001068115234,38.78675079345703,14885100
2016-03-23,43.279998779296875,43.5,42.279998779296875,42.369998931884766,37.88369369506836,23989200
2016-03-24,41.779998779296875,41.939998626708984,41.029998779296875,41.939998626708984,37.499229431152344,22723400
2016-03-28,42.099998474121094,42.18000030517578,41.68000030517578,41.91999816894531,37.48134231567383,13062400
2016-03-29,41.779998779296875,41.779998779296875,41.13999938964844,41.720001220703125,37.302528381347656,18160100
2016-03-30,41.97999954223633,42.59000015258789,41.849998474121094,41.880001068115234,37.44557571411133,14763200
2016-03-31,41.83000183105469,42.34000015258789,41.59000015258789,41.75,37.32933807373047,15661700
2016-04-01,41.52000045776367,42.599998474121094,41.29999923706055,42.470001220703125,37.973106384277344,17749500
2016-04-04,42.36000061035156,42.70000076293945,41.97999954223633,42.060001373291016,37.606510162353516,14376300
2016-04-05,41.45000076293945,41.900001525878906,41.119998931884766,41.5099983215332,37.114749908447266,17867800
2016-04-06,41.529998779296875,41.88999938964844,41.189998626708984,41.86000061035156,37.42769241333008,16169900
2016-04-07,41.29999923706055,41.47999954223633,39.95000076293945,40.27000045776367,36.00605773925781,22618000
2016-04-08,40.86000061035156,41.279998779296875,40.369998931884766,40.470001220703125,36.184879302978516,14676100
2016-04-11,40.7400016784668,41.5099983215332,40.709999084472656,41.119998931884766,36.76605224609375,21083700
2016-04-12,41.279998779296875,41.959999084472656,41.119998931884766,41.900001525878906,37.46346664428711,19888700
2016-04-13,42.54999923706055,44.4900016784668,42.54999923706055,44.25,39.56462860107422,33135400
2016-04-14,44.13999938964844,45.290000915527344,44.02000045776367,44.97999954223633,40.217342376708984,26885100
2016-04-15,46.45000076293945,46.560001373291016,44.599998474121094,44.91999816894531,40.16368103027344,39168600
2016-04-18,44.41999816894531,45.25,44.209999084472656,45.11000061035156,40.33357238769531,22929900
2016-04-19,45.41999816894531,45.93000030517578,45.22999954223633,45.630001068115234,40.79851531982422,18833300
2016-04-20,45.7400016784668,46.75,45.72999954223633,46.7400016784668,41.790985107421875,21645700
2016-04-21,46.790000915527344,46.95000076293945,46.22999954223633,46.599998474121094,41.665802001953125,21538600
2016-04-22,46.689998626708984,47.349998474121094,46.619998931884766,46.970001220703125,41.99662399291992,17425900
2016-04-25,46.630001068115234,46.93000030517578,46.13999938964844,46.689998626708984,41.746273040771484,13480500
2016-04-26,46.709999084472656,47.15999984741211,46.41999816894531,47.099998474121094,42.11286163330078,15573600
2016-04-27,46.88999938964844,47.84000015258789,46.790000915527344,47.33000183105469,42.318511962890625,19444700
2016-04-28,46.790000915527344,47.529998779296875,46.54999923706055,46.72999954223633,41.82622146606445,18399500
2016-04-29,46.52000045776367,46.86000061035156,46.060001373291016,46.279998779296875,41.423439025878906,23922700
2016-05-02,46.540000915527344,46.83000183105469,45.900001525878906,46.68000030517578,41.781471252441406,13802500
2016-05-03,45.77000045776367,45.83000183105469,44.97999954223633,45.56999969482422,40.787960052490234,21186200
2016-05-04,44.880001068115234,45.02000045776367,44.16999816894531,44.65999984741211,39.97343826293945,24310500
2016-05-05,44.779998779296875,45.08000183105469,44.15999984741211,44.22999954223633,39.58856964111328,14912000
2016-05-06,43.810001373291016,44.41999816894531,43.720001220703125,44.40999984741211,39.74967956542969,17632500
2016-05-09,44.310001373291016,44.61000061035156,43.650001525878906,43.88999938964844,39.28424835205078,14251900
2016-05-10,44.34000015258789,44.900001525878906,44.11000061035156,44.84000015258789,40.134559631347656,13608900
2016-05-11,44.65999984741211,45.380001068115234,44.459999084472656,44.470001220703125,39.80338668823242,15997900
2016-05-12,44.84000015258789,45.16999816894531,43.77000045776367,44.0,39.38270950317383,15551500
2016-05-13,43.97999954223633,44.56999969482422,43.0,43.11000061035156,38.58610534667969,19433500
2016-05-16,43.11000061035156,43.5,42.939998626708984,43.150001525878906,38.62190628051758,17158400
2016-05-17,43.06999969482422,43.88999938964844,42.810001373291016,43.70000076293945,39.11418914794922,19943000
2016-05-18,43.75,46.13999938964844,43.75,45.869998931884766,41.05647277832031,37645200
2016-05-19,45.599998474121094,46.060001373291016,44.630001068115234,45.060001373291016,40.331478118896484,23036100
2016-05-20,45.41999816894531,45.70000076293945,44.790000915527344,44.900001525878906,40.188255310058594,19610200
2016-05-23,44.849998474121094,45.18000030517578,44.56999969482422,45.11000061035156,40.376224517822266,15050500
2016-05-24,45.45000076293945,46.189998626708984,45.310001373291016,45.86000061035156,41.04751968383789,18976500
2016-05-25,46.189998626708984,47.599998474121094,46.189998626708984,46.939998626708984,42.01418685913086,23944600
2016-05-26,47.040000915527344,47.119998931884766,46.06999969482422,46.11000061035156,41.27128601074219,16956600
2016-05-27,46.2400016784668,46.66999816894531,46.08000183105469,46.58000183105469,41.69196319580078,13854500
2016-05-31,46.880001068115234,46.900001525878906,46.310001373291016,46.56999969482422,41.68301010131836,21404000
2016-06-01,46.040000915527344,46.9900016784668,45.47999954223633,46.939998626708984,42.01418685913086,17212500
2016-06-02,46.86000061035156,47.060001373291016,46.599998474121094,46.970001220703125,42.04104232788086,15483800
2016-06-03,45.11000061035156,45.599998474121094,44.25,45.38999938964844,40.62683868408203,36961500
2016-06-06,45.38999938964844,46.2599983215332,45.209999084472656,45.7400016784668,40.94011688232422,17321400
2016-06-07,46.040000915527344,46.099998474121094,45.5099983215332,45.540000915527344,40.761104583740234,12089800
2016-06-08,45.47999954223633,45.900001525878906,45.29999923706055,45.560001373291016,40.77901077270508,13147300
2016-06-09,45.18000030517578,45.209999084472656,44.650001525878906,45.0099983215332,40.286720275878906,17069000
2016-06-10,44.27000045776367,44.400001525878906,43.68000030517578,43.900001525878906,39.29319763183594,23071100
2016-06-13,43.22999954223633,44.060001373291016,43.150001525878906,43.15999984741211,38.6308479309082,20612100
2016-06-14,43.040000915527344,43.540000915527344,41.52000045776367,41.959999084472656,37.55678176879883,27621300
2016-06-15,42.29999923706055,42.88999938964844,41.970001220703125,42.0099983215332,37.60153579711914,21934200
2016-06-16,41.61000061035156,42.18000030517578,41.150001525878906,42.119998931884766,37.69998550415039,19904800
2016-06-17,42.439998626708984,42.939998626708984,42.150001525878906,42.47999954223633,38.022212982177734,25113400
2016-06-20,43.459999084472656,44.04999923706055,42.779998779296875,42.79999923706055,38.30863571166992,20244000
2016-06-21,43.16999816894531,43.209999084472656,42.470001220703125,42.91999816894531,38.41604232788086,14714900
2016-06-22,42.869998931884766,43.43000030517578,42.63999938964844,42.68000030517578,38.20122528076172,18087600
2016-06-23,43.5099983215332,44.5,43.470001220703125,44.459999084472656,39.794437408447266,25703000
2016-06-24,40.630001068115234,41.38999938964844,40.2599983215332,40.29999923706055,36.07098388671875,71849800
2016-06-27,39.58000183105469,39.63999938964844,38.310001373291016,38.47999954223633,34.44197082519531,53380200
2016-06-28,39.810001373291016,40.630001068115234,39.20000076293945,40.439998626708984,36.196285247802734,38605600
2016-06-29,41.13999938964844,42.189998626708984,40.900001525878906,42.119998931884766,37.69998550415039,34004100
2016-06-30,42.68000030517578,42.79999923706055,41.68000030517578,42.38999938964844,37.94165802001953,34485400
2016-07-01,42.29999923706055,42.689998626708984,41.970001220703125,42.16999816894531,37.7447395324707,19399600
2016-07-05,41.380001068115234,41.5,40.41999816894531,40.779998779296875,36.5006103515625,25571100
2016-07-06,40.150001525878906,41.08000183105469,40.029998779296875,41.060001373291016,36.751220703125,27713900
2016-07-07,41.33000183105469,42.060001373291016,41.09000015258789,41.290000915527344,36.957088470458984,24585500
2016-07-08,41.79999923706055,42.27000045776367,41.630001068115234,41.97999954223633,37.574684143066406,29468600
2016-07-11,42.38999938964844,42.75,42.290000915527344,42.290000915527344,37.852149963378906,19752600
2016-07-12,42.81999969482422,43.47999954223633,42.7599983215332,43.439998626708984,38.881473541259766,23803600
2016-07-13,43.33000183105469,43.68000030517578,43.02000045776367,43.33000183105469,38.78302001953125,20488200
2016-07-14,44.380001068115234,44.77000045776367,44.119998931884766,44.45000076293945,39.78548049926758,37093600
2016-07-15,44.45000076293945,45.029998779296875,43.849998474121094,44.33000183105469,39.6780891418457,29198800
2016-07-18,44.279998779296875,44.900001525878906,44.2400016784668,44.56999969482422,39.89290237426758,18683900
2016-07-19,44.189998626708984,44.689998626708984,44.060001373291016,44.349998474121094,39.695980072021484,15297300
2016-07-20,44.529998779296875,44.70000076293945,44.20000076293945,44.470001220703125,39.80338668823242,16547100
2016-07-21,44.5,44.70000076293945,44.11000061035156,44.130001068115234,39.499061584472656,14924900
2016-07-22,44.099998474121094,44.36000061035156,43.83000183105469,44.29999923706055,39.651222229003906,12764200
2016-07-25,44.310001373291016,44.36000061035156,43.90999984741211,44.040000915527344,39.41851043701172,14391400
2016-07-26,43.93000030517578,44.2400016784668,43.900001525878906,44.150001525878906,39.516963958740234,16152500
2016-07-27,44.20000076293945,44.709999084472656,44.130001068115234,44.290000915527344,39.642276763916016,17814200
2016-07-28,44.0,44.16999816894531,43.68000030517578,44.08000183105469,39.59736633300781,13239600
2016-07-29,43.869998931884766,44.15999984741211,43.7599983215332,43.810001373291016,39.354820251464844,13773700
2016-08-01,43.91999816894531,44.02000045776367,43.2400016784668,43.41999816894531,39.004478454589844,14794400
2016-08-02,43.22999954223633,43.630001068115234,42.5,42.9900016784668,38.61820983886719,20089100
2016-08-03,42.93000030517578,43.939998626708984,42.86000061035156,43.88999938964844,39.42668151855469,14708300
2016-08-04,43.7400016784668,44.040000915527344,43.65999984741211,43.84000015258789,39.38175964355469,11747900
2016-08-05,44.630001068115234,45.72999954223633,44.5099983215332,45.720001220703125,41.070579528808594,28566800
2016-08-08,45.83000183105469,46.15999984741211,45.47999954223633,45.959999084472656,41.286170959472656,16861600
2016-08-09,45.95000076293945,46.11000061035156,45.66999816894531,45.900001525878906,41.23228073120117,12203800
2016-08-10,45.79999923706055,45.900001525878906,45.38999938964844,45.45000076293945,40.82804489135742,16566700
2016-08-11,45.5099983215332,45.90999984741211,45.290000915527344,45.72999954223633,41.079566955566406,14819400
2016-08-12,45.40999984741211,45.599998474121094,45.220001220703125,45.58000183105469,40.94481658935547,12472900
2016-08-15,45.81999969482422,46.5,45.81999969482422,46.38999938964844,41.67245101928711,12252700
2016-08-16,46.25,46.790000915527344,46.13999938964844,46.619998931884766,41.879058837890625,15202100
2016-08-17,46.5099983215332,46.79999923706055,46.380001068115234,46.630001068115234,41.88804626464844,17899300
2016-08-18,46.56999969482422,46.70000076293945,46.209999084472656,46.5,41.771263122558594,14190300
2016-08-19,46.34000015258789,46.59000015258789,46.02000045776367,46.529998779296875,41.79821014404297,12207600
2016-08-22,46.41999816894531,46.75,46.25,46.65999984741211,41.91498565673828,11007500
2016-08-23,46.900001525878906,47.060001373291016,46.59000015258789,46.59000015258789,41.852108001708984,13345500
2016-08-24,46.630001068115234,47.119998931884766,46.540000915527344,46.65999984741211,41.91498565673828,16054400
2016-08-25,46.5099983215332,46.81999969482422,46.470001220703125,46.720001220703125,41.96889877319336,16520200
2016-08-26,46.83000183105469,47.2400016784668,46.70000076293945,47.11000061035156,42.319236755371094,23338500
2016-08-29,47.189998626708984,47.689998626708984,47.11000061035156,47.2599983215332,42.45397186279297,16700000
2016-08-30,47.2599983215332,47.93000030517578,47.220001220703125,47.900001525878906,43.02888488769531,17519800
2016-08-31,47.959999084472656,48.18000030517578,47.25,47.7400016784668,42.88515853881836,20826600
2016-09-01,47.81999969482422,48.029998779296875,46.7599983215332,47.36000061035156,42.5438117980957,19403900
2016-09-02,47.5,47.709999084472656,47.0099983215332,47.5099983215332,42.678550720214844,16293000
2016-09-06,47.5099983215332,47.650001525878906,46.650001525878906,47.290000915527344,42.48092269897461,17649500
2016-09-07,47.0,47.63999938964844,46.86000061035156,47.47999954223633,42.651611328125,13610600
2016-09-08,47.459999084472656,48.06999969482422,47.31999969482422,47.790000915527344,42.930084228515625,15856400
2016-09-09,47.900001525878906,48.16999816894531,47.16999816894531,47.16999816894531,42.37312316894531,20468100
2016-09-12,46.63999938964844,47.869998931884766,46.33000183105469,47.790000915527344,42.930084228515625,22074800
2016-09-13,46.900001525878906,47.290000915527344,46.61000061035156,46.91999816894531,42.1485481262207,19885000
2016-09-14,46.88999938964844,47.439998626708984,46.68000030517578,46.75,41.99584197998047,19778400
2016-09-15,46.75,47.31999969482422,46.59000015258789,47.08000183105469,42.29228591918945,14133200
2016-09-16,46.599998474121094,46.790000915527344,46.2400016784668,46.40999984741211,41.69041061401367,24820800
2016-09-19,46.619998931884766,47.2400016784668,46.5099983215332,46.59000015258789,41.852108001708984,12759700
2016-09-20,47.040000915527344,47.189998626708984,46.45000076293945,46.540000915527344,41.80719757080078,13749400
2016-09-21,47.0,47.279998779296875,46.290000915527344,46.900001525878906,42.13058853149414,16605200
2016-09-22,46.9900016784668,47.29999923706055,46.75,47.11000061035156,42.319236755371094,16247600
2016-09-23,47.02000045776367,47.459999084472656,46.84000015258789,47.150001525878906,42.35517120361328,14793500
2016-09-26,46.5099983215332,46.630001068115234,45.83000183105469,45.88999938964844,41.22329330444336,22646700
2016-09-27,45.52000045776367,46.47999954223633,45.15999984741211,46.369998931884766,41.65447998046875,16165700
2016-09-28,46.58000183105469,46.90999984741211,46.099998474121094,46.869998931884766,42.1036376953125,15871600
2016-09-29,46.79999923706055,47.400001525878906,45.40999984741211,45.79999923706055,41.14244842529297,28066800
2016-09-30,46.33000183105469,47.5,46.060001373291016,47.22999954223633,42.427032470703125,25563100
2016-10-03,47.02000045776367,47.2599983215332,46.779998779296875,47.029998779296875,42.24736404418945,13819800
2016-10-04,47.099998474121094,48.43000030517578,47.08000183105469,47.75,42.89414978027344,25542000
2016-10-05,48.0099983215332,48.880001068115234,48.0099983215332,48.650001525878906,43.70261764526367,18173400
2016-10-06,48.83000183105469,49.09000015258789,48.369998931884766,49.06999969482422,44.079917907714844,15721000
2016-10-07,49.0,49.40999984741211,48.68000030517578,49.279998779296875,44.268550872802734,16584000
2016-10-10,49.459999084472656,49.959999084472656,49.369998931884766,49.54999923706055,44.51109313964844,14022700
2016-10-11,49.279998779296875,49.650001525878906,48.689998626708984,48.9900016784668,44.0080451965332,16033300
2016-10-12,48.970001220703125,49.220001220703125,48.65999984741211,48.70000076293945,43.74754333496094,14407300
2016-10-13,47.91999816894531,48.68000030517578,47.540000915527344,48.470001220703125,43.54092788696289,22302200
2016-10-14,49.599998474121094,49.95000076293945,48.38999938964844,48.61000061035156,43.66669464111328,28291800
2016-10-17,48.59000015258789,49.13999938964844,48.40999984741211,48.599998474121094,43.65770721435547,16655000
2016-10-18,49.18000030517578,49.290000915527344,48.810001373291016,48.9900016784668,44.0080451965332,18159900
2016-10-19,49.11000061035156,49.709999084472656,49.029998779296875,49.47999954223633,44.44821548461914,14663600
2016-10-20,49.459999084472656,49.900001525878906,49.209999084472656,49.58000183105469,44.538047790527344,13522600
2016-10-21,49.06999969482422,49.630001068115234,48.97999954223633,49.56999969482422,44.529056549072266,12728600
2016-10-24,49.81999969482422,49.880001068115234,49.52000045776367,49.58000183105469,44.538047790527344,10753500
2016-10-25,49.4900016784668,49.810001373291016,49.29999923706055,49.59000015258789,44.54703140258789,9790500
2016-10-26,49.27000045776367,50.060001373291016,49.209999084472656,50.0099983215332,44.92431640625,13960000
2016-10-27,50.31999969482422,50.599998474121094,49.900001525878906,49.93000030517578,44.852455139160156,19181400
2016-10-28,49.97999954223633,50.119998931884766,48.95000076293945,49.560001373291016,44.52008056640625,17780300
2016-10-31,49.7400016784668,49.86000061035156,49.13999938964844,49.150001525878906,44.15177917480469,15173400
2016-11-01,49.400001525878906,49.66999816894531,48.400001525878906,48.939998626708984,43.963130950927734,20691100
2016-11-02,48.630001068115234,48.72999954223633,48.15999984741211,48.540000915527344,43.60380554199219,15824100
2016-11-03,48.529998779296875,48.9900016784668,48.02000045776367,48.189998626708984,43.43256378173828,16224300
2016-11-04,48.11000061035156,48.79999923706055,47.70000076293945,48.16999816894531,43.41454315185547,14152500
2016-11-07,49.2599983215332,49.84000015258789,49.209999084472656,49.81999969482422,44.90164566040039,19357600
2016-11-08,49.41999816894531,50.029998779296875,49.040000915527344,49.90999984741211,44.982765197753906,17548300
2016-11-09,50.06999969482422,51.939998626708984,49.470001220703125,51.59000015258789,46.49692153930664,59210400
2016-11-10,52.04999923706055,54.20000076293945,51.7400016784668,53.61000061035156,48.3174934387207,52067300
2016-11-11,52.7599983215332,53.15999984741211,51.599998474121094,52.83000183105469,47.61450958251953,41858600
2016-11-14,53.040000915527344,54.88999938964844,53.0,54.68000030517578,49.281856536865234,43113100
2016-11-15,53.9900016784668,55.470001220703125,53.709999084472656,55.45000076293945,49.97584533691406,33433800
2016-11-16,54.209999084472656,55.0,54.209999084472656,54.630001068115234,49.23679733276367,24200100
2016-11-17,54.599998474121094,55.97999954223633,54.36000061035156,55.45000076293945,49.97584533691406,24579000
2016-11-18,55.380001068115234,55.84000015258789,54.97999954223633,55.459999084472656,49.9848518371582,24990000
2016-11-21,55.959999084472656,55.9900016784668,55.13999938964844,55.540000915527344,50.05695343017578,20410400
2016-11-22,55.65999984741211,56.150001525878906,55.43000030517578,56.099998474121094,50.56166458129883,21975900
2016-11-23,56.29999923706055,56.83000183105469,55.810001373291016,56.689998626708984,51.093421936035156,19906300
2016-11-25,56.599998474121094,56.79999923706055,56.189998626708984,56.779998779296875,51.17454528808594,11488200
2016-11-28,55.86000061035156,56.349998474121094,55.43000030517578,55.470001220703125,49.993873596191406,23645000
2016-11-29,55.5,55.939998626708984,55.31999969482422,55.52000045776367,50.038936614990234,15725400
2016-11-30,56.22999954223633,56.720001220703125,56.060001373291016,56.38999938964844,50.823036193847656,24395100
2016-12-01,56.77000045776367,57.56999969482422,56.540000915527344,57.27000045776367,51.61616516113281,27592500
2016-12-02,57.20000076293945,57.2400016784668,55.93000030517578,56.02000045776367,50.48957061767578,25110300
2016-12-05,56.61000061035156,57.529998779296875,56.58000183105469,57.279998779296875,51.625179290771484,24404500
2016-12-06,57.97999954223633,58.08000183105469,57.0,57.91999816894531,52.20199203491211,21487500
2016-12-07,57.88999938964844,59.15999984741211,57.88999938964844,59.060001373291016,53.229454040527344,30517600
2016-12-08,59.400001525878906,60.79999923706055,59.04999923706055,60.150001525878906,54.211856842041016,32536000
2016-12-09,59.959999084472656,60.220001220703125,59.220001220703125,60.040000915527344,54.112709045410156,22804900
2016-12-12,59.45000076293945,60.09000015258789,58.869998931884766,59.54999923706055,53.671077728271484,21879400
2016-12-13,59.630001068115234,59.970001220703125,58.7599983215332,59.790000915527344,53.88738250732422,22014500
2016-12-14,58.959999084472656,60.79999923706055,58.83000183105469,59.45000076293945,53.58095169067383,31399400
2016-12-15,60.099998474121094,60.619998931884766,59.560001373291016,60.22999954223633,54.28394317626953,22389300
2016-12-16,60.59000015258789,60.61000061035156,59.63999938964844,59.75,53.85133361816406,28405900
2016-12-19,59.4900016784668,59.779998779296875,58.91999816894531,59.65999984741211,53.77021789550781,17654400
2016-12-20,59.91999816894531,60.79999923706055,59.91999816894531,60.79999923706055,54.79767990112305,23439800
2016-12-21,60.70000076293945,60.90999984741211,60.150001525878906,60.75,54.75261688232422,15090200
2016-12-22,60.65999984741211,60.93000030517578,60.40999984741211,60.4900016784668,54.518287658691406,14571100
2016-12-23,60.529998779296875,61.0,60.380001068115234,60.9900016784668,54.96892547607422,9314000
2016-12-27,61.029998779296875,61.29999923706055,60.849998474121094,61.09000015258789,55.05904769897461,9544000
2016-12-28,61.0,61.20000076293945,59.97999954223633,60.040000915527344,54.112709045410156,17127400
2016-12-29,60.02000045776367,60.119998931884766,58.68000030517578,59.380001068115234,53.51786422729492,17121200
2016-12-30,59.5,59.79999923706055,59.189998626708984,59.43000030517578,53.56292724609375,16588500
2017-01-03,60.68000030517578,61.09000015258789,59.75,60.59000015258789,54.60841369628906,18322400
2017-01-04,60.689998626708984,61.630001068115234,60.61000061035156,61.40999984741211,55.34745788574219,16947500
2017-01-05,60.970001220703125,61.43000030517578,59.90999984741211,60.34000015258789,54.38309097290039,18317900
2017-01-06,60.68000030517578,60.84000015258789,60.08000183105469,60.54999923706055,54.572357177734375,16778400
2017-01-09,60.150001525878906,60.63999938964844,59.66999816894531,60.220001220703125,54.274940490722656,14593000
2017-01-10,60.20000076293945,60.849998474121094,59.95000076293945,60.22999954223633,54.28394317626953,13483300
2017-01-11,59.65999984741211,60.0,59.25,59.959999084472656,54.04059600830078,20737600
2017-01-12,59.529998779296875,59.81999969482422,58.7599983215332,59.22999954223633,53.382667541503906,22778900
2017-01-13,59.45000076293945,60.31999969482422,59.380001068115234,59.630001068115234,53.74317932128906,21045200
2017-01-17,59.0099983215332,59.31999969482422,58.029998779296875,58.380001068115234,52.616580963134766,25013800
2017-01-18,57.9900016784668,58.279998779296875,57.099998474121094,57.38999938964844,51.72431945800781,29276200
2017-01-19,57.529998779296875,57.599998474121094,56.38999938964844,56.65999984741211,51.066383361816406,24932400
2017-01-20,56.95000076293945,57.119998931884766,56.029998779296875,56.11000061035156,50.57068634033203,27722300
2017-01-23,56.119998931884766,56.290000915527344,55.41999816894531,55.68000030517578,50.183135986328125,23130200
2017-01-24,55.959999084472656,57.150001525878906,55.68000030517578,56.7400016784668,51.13848876953125,18416400
2017-01-25,57.900001525878906,57.91999816894531,57.099998474121094,57.689998626708984,51.994712829589844,21492900
2017-01-26,57.599998474121094,57.97999954223633,57.04999923706055,57.36000061035156,51.69728088378906,20792700
2017-01-27,57.38999938964844,57.40999984741211,56.720001220703125,57.11000061035156,51.47195816040039,17074200
2017-01-30,56.5099983215332,56.68000030517578,55.7599983215332,56.61000061035156,51.02132034301758,17537600
2017-01-31,56.33000183105469,56.959999084472656,55.58000183105469,55.83000183105469,50.318328857421875,29221000
2017-02-01,56.720001220703125,56.97999954223633,55.880001068115234,56.04999923706055,50.51660919189453,17441500
2017-02-02,55.4900016784668,56.209999084472656,55.22999954223633,55.97999954223633,50.59795379638672,15586800
2017-02-03,57.040000915527344,57.880001068115234,56.59000015258789,57.7599983215332,52.20682144165039,21404100
2017-02-06,57.5099983215332,58.349998474121094,57.34000015258789,57.63999938964844,52.09835433959961,15680200
2017-02-07,58.0,58.06999969482422,57.0099983215332,57.189998626708984,51.691627502441406,13996900
2017-02-08,56.91999816894531,56.91999816894531,56.13999938964844,56.31999969482422,50.90526580810547,18626600
2017-02-09,56.31999969482422,57.540000915527344,56.31999969482422,57.2599983215332,51.7548942565918,18054100
2017-02-10,57.81999969482422,57.95000076293945,57.130001068115234,57.630001068115234,52.089317321777344,14421700
2017-02-13,57.9900016784668,59.369998931884766,57.9900016784668,58.95000076293945,53.282413482666016,22779800
2017-02-14,59.0,60.11000061035156,58.75,59.83000183105469,54.07780456542969,22359300
2017-02-15,60.15999984741211,60.869998931884766,59.70000076293945,60.5,54.683387756347656,22423900
2017-02-16,60.349998474121094,60.5,59.7599983215332,60.380001068115234,54.57492446899414,15916600
2017-02-17,59.70000076293945,60.16999816894531,59.400001525878906,60.16999816894531,54.38511657714844,15120600
2017-02-21,60.290000915527344,60.689998626708984,60.22999954223633,60.54999923706055,54.72857666015625,15812700
2017-02-22,60.18000030517578,60.95000076293945,60.02000045776367,60.619998931884766,54.79185104370117,16025700
2017-02-23,60.63999938964844,60.84000015258789,60.22999954223633,60.619998931884766,54.79185104370117,14624400
2017-02-24,59.880001068115234,60.18000030517578,59.11000061035156,59.560001373291016,53.83376693725586,19900300
2017-02-27,59.560001373291016,60.2400016784668,59.40999984741211,60.02000045776367,54.249542236328125,15711400
2017-02-28,59.66999816894531,60.09000015258789,59.47999954223633,59.810001373291016,54.05972671508789,17237500
2017-03-01,61.20000076293945,61.939998626708984,61.0,61.540000915527344,55.6234016418457,26421700
2017-03-02,61.68000030517578,61.869998931884766,60.59000015258789,60.630001068115234,54.80089569091797,17270300
2017-03-03,60.38999938964844,61.25,60.33000183105469,61.0,55.135318756103516,15178600
2017-03-06,60.79999923706055,60.880001068115234,60.2599983215332,60.279998779296875,54.48453903198242,14979400
2017-03-07,60.189998626708984,60.709999084472656,59.779998779296875,60.5,54.683387756347656,17297800
2017-03-08,61.560001373291016,62.529998779296875,61.060001373291016,61.11000061035156,55.234737396240234,30724000
2017-03-09,61.36000061035156,62.09000015258789,61.22999954223633,61.54999923706055,55.632442474365234,21429300
2017-03-10,61.939998626708984,62.029998779296875,60.91999816894531,61.4900016784668,55.578216552734375,17421900
2017-03-13,61.540000915527344,61.790000915527344,60.97999954223633,61.529998779296875,55.6143684387207,13481500
2017-03-14,61.33000183105469,61.470001220703125,60.810001373291016,61.439998626708984,55.53302001953125,11819700
2017-03-15,61.70000076293945,61.779998779296875,60.459999084472656,60.84000015258789,54.99070358276367,20086900
2017-03-16,61.04999923706055,61.40999984741211,60.77000045776367,61.150001525878906,55.270896911621094,15198300
2017-03-17,61.15999984741211,61.27000045776367,60.20000076293945,60.369998931884766,54.56589126586914,32281900
2017-03-20,60.099998474121094,60.380001068115234,59.59000015258789,59.59000015258789,53.86088562011719,14813800
2017-03-21,60.130001068115234,60.20000076293945,57.95000076293945,58.040000915527344,52.45989990234375,34140400
2017-03-22,57.40999984741211,58.38999938964844,56.900001525878906,57.77000045776367,52.215858459472656,25648500
2017-03-23,57.7599983215332,58.81999969482422,57.529998779296875,58.04999923706055,52.46894454956055,16916500
2017-03-24,58.33000183105469,58.540000915527344,57.61000061035156,58.06999969482422,52.48701095581055,13504400
2017-03-27,56.849998474121094,58.45000076293945,56.54999923706055,58.33000183105469,52.722015380859375,17257200
2017-03-28,58.189998626708984,59.65999984741211,58.119998931884766,59.41999816894531,53.70722198486328,15391100
2017-03-29,59.529998779296875,59.880001068115234,59.27000045776367,59.38999938964844,53.680110931396484,13457400
2017-03-30,59.38999938964844,60.83000183105469,59.36000061035156,60.5099983215332,54.69242858886719,14886200
2017-03-31,60.310001373291016,60.5099983215332,59.790000915527344,59.81999969482422,54.068763732910156,14407900
2017-04-03,59.93000030517578,60.09000015258789,58.650001525878906,59.68000030517578,53.942230224609375,15460500
2017-04-04,59.290000915527344,59.95000076293945,59.20000076293945,59.68000030517578,53.942230224609375,9745600
2017-04-05,60.5,61.02000045776367,59.529998779296875,59.59000015258789,53.86088562011719,20295200
2017-04-06,59.439998626708984,60.22999954223633,59.0099983215332,59.88999938964844,54.13203811645508,13806000
2017-04-07,59.33000183105469,59.88999938964844,59.2599983215332,59.43000030517578,53.71626663208008,13449300
2017-04-10,59.36000061035156,59.97999954223633,58.97999954223633,59.279998779296875,53.5806884765625,12096700
2017-04-11,58.68000030517578,59.04999923706055,58.08000183105469,59.029998779296875,53.35472106933594,15247800
2017-04-12,59.09000015258789,59.130001068115234,58.27000045776367,58.5099983215332,52.88472366333008,15223400
2017-04-13,58.29999923706055,59.72999954223633,57.68000030517578,58.040000915527344,52.45989990234375,31784400
2017-04-17,58.36000061035156,59.060001373291016,57.93000030517578,58.9900016784668,53.318565368652344,14657300
2017-04-18,58.58000183105469,58.88999938964844,58.06999969482422,58.41999816894531,52.80336380004883,16891000
2017-04-19,58.849998474121094,59.099998474121094,57.599998474121094,57.72999954223633,52.17969512939453,18104200
2017-04-20,58.16999816894531,58.650001525878906,57.54999923706055,58.40999984741211,52.79432678222656,17074800
2017-04-21,58.380001068115234,58.439998626708984,57.630001068115234,57.720001220703125,52.1706657409668,15255900
2017-04-24,59.18000030517578,59.709999084472656,59.06999969482422,59.439998626708984,53.725303649902344,24400300
2017-04-25,60.08000183105469,60.790000915527344,60.0,60.209999084472656,54.4212760925293,21593500
2017-04-26,60.040000915527344,60.70000076293945,59.959999084472656,60.099998474121094,54.32185363769531,16058000
2017-04-27,59.97999954223633,59.9900016784668,58.93000030517578,59.38999938964844,53.823402404785156,14025900
2017-04-28,59.36000061035156,59.56999969482422,59.04999923706055,59.119998931884766,53.57870101928711,11917100
2017-05-01,59.38999938964844,60.060001373291016,59.15999984741211,59.459999084472656,53.886837005615234,12879400
2017-05-02,59.45000076293945,59.720001220703125,58.93000030517578,59.709999084472656,54.1134033203125,11471900
2017-05-03,59.5,60.33000183105469,59.29999923706055,60.2400016784668,54.59373092651367,12845300
2017-05-04,60.70000076293945,60.939998626708984,60.09000015258789,60.209999084472656,54.56654357910156,14509800
2017-05-05,60.4900016784668,60.58000183105469,60.099998474121094,60.2400016784668,54.59373092651367,11484300
2017-05-08,60.150001525878906,60.72999954223633,60.119998931884766,60.5,54.8293571472168,8458300
2017-05-09,60.650001525878906,61.040000915527344,60.06999969482422,60.22999954223633,54.58466720581055,13179900
2017-05-10,60.099998474121094,60.63999938964844,60.0,60.369998931884766,54.7115478515625,11607300
2017-05-11,60.25,60.91999816894531,59.91999816894531,60.70000076293945,55.010623931884766,16314000
2017-05-12,60.36000061035156,61.099998474121094,60.209999084472656,61.06999969482422,55.3459358215332,15393200
2017-05-15,61.220001220703125,61.70000076293945,61.09000015258789,61.41999816894531,55.66313552856445,14838500
2017-05-16,61.4900016784668,62.58000183105469,61.380001068115234,62.4900016784668,56.632835388183594,21199500
2017-05-17,62.4900016784668,62.4900016784668,59.66999816894531,59.97999954223633,54.35810089111328,33251400
2017-05-18,59.72999954223633,60.599998474121094,59.099998474121094,60.08000183105469,54.44873046875,25142200
2017-05-19,60.40999984741211,61.77000045776367,60.2400016784668,61.099998474121094,55.37312316894531,20266600
2017-05-22,61.40999984741211,61.54999923706055,60.720001220703125,61.060001373291016,55.33687210083008,11744800
2017-05-23,61.09000015258789,61.95000076293945,60.72999954223633,61.709999084472656,55.92594528198242,12414300
2017-05-24,61.84000015258789,62.439998626708984,61.65999984741211,62.27000045776367,56.433467864990234,16102700
2017-05-25,62.25,62.689998626708984,61.779998779296875,61.95000076293945,56.14345169067383,13368600
2017-05-26,61.869998931884766,62.33000183105469,61.650001525878906,62.06999969482422,56.252201080322266,10850300
2017-05-30,61.790000915527344,62.06999969482422,61.5099983215332,61.63999938964844,55.862510681152344,12603800
2017-05-31,61.59000015258789,61.599998474121094,59.869998931884766,60.540000915527344,54.8656120300293,23150500
2017-06-01,60.88999938964844,61.09000015258789,60.16999816894531,61.08000183105469,55.35500717163086,13922400
2017-06-02,60.33000183105469,61.599998474121094,60.29999923706055,61.11000061035156,55.382179260253906,13643600
2017-06-05,61.040000915527344,61.77000045776367,60.959999084472656,61.25,55.50906753540039,10024900
2017-06-06,60.68000030517578,61.16999816894531,60.439998626708984,61.0099983215332,55.29156494140625,10764300
2017-06-07,61.209999084472656,62.22999954223633,61.099998474121094,61.880001068115234,56.08000946044922,16056100
2017-06-08,61.880001068115234,63.81999969482422,61.720001220703125,63.209999084472656,57.28535461425781,25925700
2017-06-09,63.84000015258789,64.73999786376953,63.5099983215332,64.44999694824219,58.409122467041016,31488800
2017-06-12,64.51000213623047,65.4000015258789,64.06999969482422,64.31999969482422,58.291316986083984,27444400
2017-06-13,64.87999725341797,65.26000213623047,64.33000183105469,64.69000244140625,58.62664031982422,18749000
2017-06-14,64.25,64.91999816894531,63.5,64.72000122070312,58.65382385253906,20791600
2017-06-15,64.30999755859375,64.94000244140625,63.939998626708984,64.0999984741211,58.0919303894043,15111500
2017-06-16,64.16000366210938,64.2300033569336,63.709999084472656,63.88999938964844,57.901615142822266,19549900
2017-06-19,64.4000015258789,64.88999938964844,64.26000213623047,64.4800033569336,58.43632125854492,13264800
2017-06-20,64.30999755859375,64.41999816894531,63.90999984741211,63.90999984741211,57.91973876953125,12162800
2017-06-21,63.88999938964844,64.26000213623047,63.61000061035156,63.83000183105469,57.84724044799805,13532800
2017-06-22,63.619998931884766,63.90999984741211,63.34000015258789,63.619998931884766,57.656925201416016,11344700
2017-06-23,64.05000305175781,64.18000030517578,63.15999984741211,63.40999984741211,57.46659851074219,16395300
2017-06-26,63.54999923706055,64.12000274658203,63.209999084472656,63.779998779296875,57.80192565917969,14978000
2017-06-27,64.23999786376953,64.86000061035156,64.01000213623047,64.2300033569336,58.20975112915039,16416300
2017-06-28,65.0,65.36000061035156,64.5199966430664,65.18000030517578,59.07070541381836,24015200
2017-06-29,67.6500015258789,67.75,66.26000213623047,66.9800033569336,60.701995849609375,40827200
2017-06-30,67.55999755859375,67.58999633789062,66.72000122070312,66.87999725341797,60.611366271972656,15832300
2017-07-03,67.23999786376953,68.91000366210938,67.23999786376953,68.26000213623047,61.86201858520508,16488300
2017-07-05,68.33000183105469,68.7300033569336,67.94999694824219,68.44999694824219,62.03422164916992,17783100
2017-07-06,68.44999694824219,68.76000213623047,67.56999969482422,67.62999725341797,61.29107666015625,17960700
2017-07-07,68.02999877929688,68.30000305175781,67.44000244140625,67.91000366210938,61.544830322265625,14735300
2017-07-10,67.69000244140625,68.04000091552734,67.44000244140625,67.6500015258789,61.30918502807617,12613800
2017-07-11,67.5,67.56999969482422,66.5999984741211,66.81999969482422,60.55699157714844,17134600
2017-07-12,66.76000213623047,67.19999694824219,66.54000091552734,66.91999816894531,60.647613525390625,16881700
2017-07-13,67.1500015258789,67.29000091552734,66.69000244140625,67.0199966430664,60.73823928833008,20152000
2017-07-14,66.31999969482422,66.93000030517578,65.5199966430664,66.72000122070312,60.46635818481445,20742300
2017-07-17,66.76000213623047,67.0999984741211,66.41999816894531,66.83000183105469,60.56604766845703,17498000
2017-07-18,66.44000244140625,67.0999984741211,66.22000122070312,66.88999938964844,60.620418548583984,15965900
2017-07-19,67.1500015258789,67.36000061035156,66.5,66.69999694824219,60.448238372802734,12687300
2017-07-20,66.62000274658203,67.04000091552734,66.33000183105469,66.36000061035156,60.140113830566406,14027600
2017-07-21,66.0999984741211,66.44000244140625,65.88999938964844,66.0,59.813846588134766,14075500
2017-07-24,65.91999816894531,66.43000030517578,65.91000366210938,66.0999984741211,59.90447998046875,14848400
2017-07-25,67.93000030517578,68.41999816894531,67.80999755859375,68.02999877929688,61.6535758972168,30833600
2017-07-26,68.47000122070312,68.83999633789062,67.79000091552734,67.9800033569336,61.60825729370117,19228500
2017-07-27,68.0,68.72000122070312,67.36000061035156,67.5999984741211,61.26387405395508,22650200
2017-07-28,67.41999816894531,67.7699966430664,67.0,67.43000030517578,61.10981750488281,13604500
2017-07-31,67.87000274658203,68.6500015258789,67.5199966430664,68.44999694824219,62.03422164916992,23059300
2017-08-01,69.08999633789062,69.62000274658203,68.75,69.5999984741211,63.07642364501953,22974700
2017-08-02,69.56999969482422,69.6500015258789,68.81999969482422,69.41999816894531,62.91329574584961,19095600
2017-08-03,68.93000030517578,69.19999694824219,68.01000213623047,68.12999725341797,62.030147552490234,20937900
2017-08-04,68.79000091552734,69.41000366210938,68.70999908447266,68.9800033569336,62.804039001464844,18148400
2017-08-07,69.12999725341797,69.26000213623047,68.69000244140625,69.04000091552734,62.858673095703125,12961100
2017-08-08,69.0,69.86000061035156,68.81999969482422,68.87999725341797,62.71299362182617,16645900
2017-08-09,68.12000274658203,68.4800033569336,67.91999816894531,68.43000030517578,62.30328369140625,19195700
2017-08-10,68.0,68.12999725341797,67.1500015258789,67.22000122070312,61.20161437988281,19147200
2017-08-11,67.06999969482422,67.47000122070312,66.58999633789062,66.80000305175781,60.81922912597656,15172800
2017-08-14,67.61000061035156,68.12999725341797,67.41000366210938,67.88999938964844,61.81163024902344,15120200
2017-08-15,68.58000183105469,68.95999908447266,67.87999725341797,67.97000122070312,61.88446807861328,15472000
2017-08-16,68.1500015258789,68.37000274658203,67.38999938964844,67.70999908447266,61.647743225097656,15064500
2017-08-17,67.30999755859375,67.6500015258789,66.51000213623047,66.5999984741211,60.637115478515625,14487900
2017-08-18,66.38999938964844,67.36000061035156,66.18000030517578,66.58000183105469,60.61892318725586,13628900
2017-08-21,66.58000183105469,66.77999877929688,65.86000061035156,65.94999694824219,60.045310974121094,15791100
2017-08-22,66.29000091552734,66.93000030517578,66.25,66.8499984741211,60.8647346496582,13247000
2017-08-23,66.20999908447266,67.56999969482422,66.20999908447266,67.2300033569336,61.210723876953125,10031600
2017-08-24,67.44999694824219,67.91000366210938,66.94999694824219,67.69000244140625,61.62954330444336,11524800
2017-08-25,67.80000305175781,68.23999786376953,67.70999908447266,67.8499984741211,61.77522277832031,11883100
2017-08-28,68.08000183105469,68.18000030517578,67.43000030517578,67.80999755859375,61.73878479003906,10797600
2017-08-29,66.69999694824219,67.7699966430664,66.51000213623047,67.4800033569336,61.438350677490234,12448000
2017-08-30,67.69999694824219,68.38999938964844,67.69000244140625,68.01000213623047,61.92087936401367,9152000
2017-08-31,68.1500015258789,68.29000091552734,67.75,68.02999877929688,61.93909454345703,12439300
2017-09-01,68.11000061035156,69.02999877929688,67.9800033569336,68.58000183105469,62.439849853515625,10720600
2017-09-05,67.7699966430664,67.94000244140625,66.76000213623047,67.16000366210938,61.14699172973633,17649500
2017-09-06,67.45999908447266,67.5999984741211,66.8499984741211,67.31999969482422,61.29264831542969,11849400
2017-09-07,67.38999938964844,67.44000244140625,65.69000244140625,66.05999755859375,60.14547348022461,20307800
2017-09-08,65.97000122070312,66.91999816894531,65.87000274658203,66.16999816894531,60.245609283447266,13438000
2017-09-11,66.76000213623047,67.79000091552734,66.37000274658203,67.70999908447266,61.647743225097656,17287000
2017-09-12,68.22000122070312,69.25,68.0999984741211,68.79000091552734,62.631046295166016,15495400
2017-09-13,68.69000244140625,69.52999877929688,68.45999908447266,69.38999938964844,63.177337646484375,17467300
2017-09-14,69.3499984741211,69.75,69.20999908447266,69.23999786376953,63.040767669677734,15022100
2017-09-15,69.12000274658203,69.37999725341797,68.91000366210938,69.04000091552734,62.858673095703125,18360900
2017-09-18,69.37999725341797,70.93000030517578,69.2699966430664,70.5999984741211,64.27899169921875,18027800
2017-09-19,70.30000305175781,71.69999694824219,70.30000305175781,71.1500015258789,64.77975463867188,15466000
2017-09-20,71.37999725341797,72.19999694824219,70.81999969482422,71.45999908447266,65.06199645996094,19788100
2017-09-21,71.44999694824219,72.12999725341797,71.1500015258789,71.76000213623047,65.33514404296875,11509200
2017-09-22,71.5999984741211,71.63999938964844,71.01000213623047,71.4000015258789,65.00736236572266,10446600
2017-09-25,71.20999908447266,71.51000213623047,70.31999969482422,70.83999633789062,64.49749755859375,10762800
2017-09-26,70.8499984741211,71.23999786376953,70.51000213623047,70.94000244140625,64.58854675292969,11553800
2017-09-27,72.19000244140625,72.97000122070312,71.91000366210938,72.27999877929688,65.8085708618164,18092200
2017-09-28,72.61000061035156,72.86000061035156,72.0199966430664,72.6500015258789,66.14545440673828,13845900
2017-09-29,72.55000305175781,72.9000015258789,72.36000061035156,72.73999786376953,66.2273941040039,12777300
2017-10-02,73.06999969482422,73.88999938964844,72.91000366210938,73.80000305175781,67.19249725341797,13386300
2017-10-03,73.9800033569336,74.37999725341797,73.8499984741211,74.12999725341797,67.4929428100586,11925100
2017-10-04,74.18000030517578,74.73999786376953,73.93000030517578,74.05999755859375,67.4292221069336,12904100
2017-10-05,74.06999969482422,75.93000030517578,73.8499984741211,75.72000122070312,68.94058227539062,19701200
2017-10-06,75.80999755859375,76.0199966430664,75.0999984741211,75.63999938964844,68.86775970458984,16119900
2017-10-09,75.83000183105469,75.87999725341797,75.08999633789062,75.38999938964844,68.64014434814453,12830800
2017-10-10,75.4000015258789,75.54000091552734,74.62999725341797,75.18000030517578,68.44893646240234,13866600
2017-10-11,74.97000122070312,75.33000183105469,74.66000366210938,74.94000244140625,68.23042297363281,18597900
2017-10-12,75.81999969482422,76.13999938964844,72.2699966430664,72.37000274658203,65.89051055908203,40166300
2017-10-13,72.0999984741211,72.33999633789062,70.91000366210938,72.11000061035156,65.65380859375,30907300
2017-10-16,71.37999725341797,72.58000183105469,71.37000274658203,71.7699966430664,65.34424591064453,21169200
2017-10-17,72.23999786376953,72.72000122070312,72.0,72.19000244140625,65.72663116455078,15743800
2017-10-18,72.66000366210938,73.33000183105469,72.55000305175781,73.12000274658203,66.57337951660156,15126700
2017-10-19,72.3499984741211,72.94000244140625,71.70999908447266,72.87999725341797,66.3548583984375,12322700
2017-10-20,73.76000213623047,73.87999725341797,73.18000030517578,73.52999877929688,66.94666290283203,15634600
2017-10-23,73.4800033569336,74.01000213623047,73.43000030517578,73.52999877929688,66.94666290283203,10821500
2017-10-24,73.95999908447266,74.75,73.7300033569336,74.23999786376953,67.59308624267578,15260200
2017-10-25,74.4800033569336,74.62999725341797,73.26000213623047,73.62000274658203,67.02861022949219,17188100
2017-10-26,73.66000366210938,74.25,73.5999984741211,73.79000091552734,67.18338012695312,13213100
2017-10-27,73.43000030517578,73.9800033569336,73.01000213623047,73.87000274658203,67.25624084472656,11309900
2017-10-30,73.20999908447266,73.91000366210938,73.18000030517578,73.77999877929688,67.17427825927734,10556900
2017-10-31,73.87000274658203,74.08999633789062,73.26000213623047,73.5,66.91934967041016,11733500
2017-11-01,73.98999786376953,74.5199966430664,73.80999755859375,74.02999877929688,67.40189361572266,11361900
2017-11-02,73.94999694824219,74.8499984741211,73.33000183105469,74.73999786376953,68.04833984375,12997500
2017-11-03,74.22000122070312,74.38999938964844,73.83999633789062,74.05000305175781,67.71000671386719,10692600
2017-11-06,73.58999633789062,74.02999877929688,73.16999816894531,73.80000305175781,67.4814224243164,12636600
2017-11-07,73.77999877929688,74.0,72.31999969482422,72.70999908447266,66.48472595214844,17255700
2017-11-08,72.38999938964844,72.56999969482422,71.5199966430664,72.33999633789062,66.14640808105469,18710600
2017-11-09,71.72000122070312,72.76000213623047,71.44999694824219,72.43000030517578,66.22872161865234,15496600
2017-11-10,72.52999877929688,72.86000061035156,72.11000061035156,72.25,66.06412506103516,12853100
2017-11-13,71.66999816894531,72.1500015258789,71.4800033569336,71.98999786376953,65.82636260986328,13500600
2017-11-14,71.6500015258789,71.80999755859375,71.04000091552734,71.52999877929688,65.40576171875,13188900
2017-11-15,70.62000274658203,72.06999969482422,70.0199966430664,71.7300033569336,65.58866119384766,17541800
2017-11-16,72.11000061035156,72.31999969482422,71.51000213623047,71.66999816894531,65.53377532958984,12415600
2017-11-17,71.16000366210938,71.83000183105469,70.94000244140625,71.33000183105469,65.22289276123047,11813000
2017-11-20,71.7699966430664,72.30000305175781,71.27999877929688,72.05000305175781,65.88125610351562,10000000
2017-11-21,72.5,72.58999633789062,72.12999725341797,72.37999725341797,66.18299102783203,9632100
2017-11-22,72.44999694824219,73.1500015258789,72.26000213623047,72.26000213623047,66.07327270507812,9146200
2017-11-24,72.41000366210938,72.5199966430664,71.98999786376953,72.0199966430664,65.85381317138672,4676100
2017-11-27,71.98999786376953,72.36000061035156,71.30999755859375,71.38999938964844,65.27775573730469,12615200
2017-11-28,71.44000244140625,74.0,71.12999725341797,73.69999694824219,67.38996887207031,18048300
2017-11-29,75.12999725341797,75.7699966430664,74.05000305175781,75.04000091552734,68.61524963378906,21876400
2017-11-30,75.7300033569336,76.88999938964844,75.1500015258789,75.5,69.0358657836914,23179600
2017-12-01,75.70999908447266,76.23999786376953,73.77999877929688,75.51000213623047,69.04501342773438,18269800
2017-12-04,77.0199966430664,77.91999816894531,76.62000274658203,77.0999984741211,70.4988784790039,23151400
2017-12-05,76.9800033569336,77.27999877929688,76.19000244140625,76.54000091552734,69.98682403564453,16045900
2017-12-06,76.23999786376953,76.5,75.08999633789062,75.44000244140625,68.98099517822266,16612500
2017-12-07,74.66999816894531,75.31999969482422,74.26000213623047,74.9800033569336,68.56037902832031,19173400
2017-12-08,75.05999755859375,75.72000122070312,74.97000122070312,75.70999908447266,69.22789001464844,12460900
2017-12-11,75.94000244140625,76.12999725341797,75.52999877929688,75.8499984741211,69.35590362548828,10461700
2017-12-12,76.04000091552734,76.80000305175781,75.5199966430664,76.1500015258789,69.63021850585938,18381900
2017-12-13,75.94999694824219,76.31999969482422,75.05000305175781,75.13999938964844,68.70668029785156,20231600
2017-12-14,75.2300033569336,75.43000030517578,73.77999877929688,73.91999816894531,67.59113311767578,24778500
2017-12-15,74.44999694824219,75.1500015258789,74.2699966430664,74.7699966430664,68.36836242675781,37121100
2017-12-18,75.27999877929688,76.01000213623047,75.2699966430664,75.66999816894531,69.1913070678711,16449300
2017-12-19,76.0999984741211,76.1500015258789,74.6500015258789,74.69999694824219,68.30435943603516,17655100
2017-12-20,75.3499984741211,75.7699966430664,74.61000061035156,74.66000366210938,68.26779174804688,17644000
2017-12-21,74.9800033569336,76.08000183105469,74.94000244140625,75.81999969482422,69.3284683227539,14085700
2017-12-22,75.88999938964844,75.98999786376953,75.05000305175781,75.48999786376953,69.02671813964844,12006600
2017-12-26,75.44999694824219,75.72000122070312,74.41999816894531,74.77999877929688,68.37751007080078,10882100
2017-12-27,74.66999816894531,75.08000183105469,74.5199966430664,74.88999938964844,68.47809600830078,10845100
2017-12-28,74.91000366210938,75.16999816894531,74.83999633789062,75.08000183105469,68.65184020996094,8759800
2017-12-29,75.16999816894531,75.29000091552734,74.37999725341797,74.41000366210938,68.03919982910156,10074900
2018-01-02,75.08999633789062,75.18000030517578,74.0199966430664,74.36000061035156,67.99346160888672,15819800
2018-01-03,74.3499984741211,74.73999786376953,73.97000122070312,74.58999633789062,68.20377349853516,14657900
2018-01-04,75.01000213623047,76.11000061035156,74.66000366210938,75.51000213623047,69.04501342773438,16864900
2018-01-05,75.70999908447266,75.7699966430664,74.95999908447266,75.41000366210938,68.95356750488281,15300500
2018-01-08,75.16999816894531,75.23999786376953,74.33000183105469,74.52999877929688,68.14891052246094,14215700
2018-01-09,74.76000213623047,75.88999938964844,74.61000061035156,75.30999755859375,68.86213684082031,14209500
2018-01-10,75.69999694824219,76.27999877929688,75.37000274658203,75.6500015258789,69.17301940917969,14008000
2018-01-11,75.9800033569336,76.0199966430664,75.13999938964844,75.55999755859375,69.09071350097656,15459900
2018-01-12,75.9000015258789,76.95999908447266,75.77999877929688,76.83999633789062,70.26111602783203,16946700
2018-01-16,77.76000213623047,78.44000244140625,76.79000091552734,77.11000061035156,70.50801849365234,26181400
2018-01-17,76.88999938964844,77.66000366210938,76.0999984741211,77.47000122070312,70.83719635009766,20958400
2018-01-18,77.66000366210938,77.69999694824219,77.08000183105469,77.38999938964844,70.7640380859375,15420800
2018-01-19,77.56999969482422,78.37999725341797,77.43000030517578,78.30000305175781,71.59613800048828,17814000
2018-01-22,78.23999786376953,78.9000015258789,78.05000305175781,78.58999633789062,71.8613052368164,11561100
2018-01-23,78.45999908447266,78.88999938964844,77.95999908447266,78.55000305175781,71.82473754882812,10080000
2018-01-24,78.95999908447266,79.70999908447266,78.66000366210938,79.44999694824219,72.64765930175781,18108600
2018-01-25,79.8499984741211,80.38999938964844,79.20999908447266,79.44000244140625,72.6385269165039,16178800
2018-01-26,79.61000061035156,80.08000183105469,78.95999908447266,80.08000183105469,73.2237319946289,12807800
2018-01-29,80.12000274658203,80.69999694824219,79.83000183105469,79.95999908447266,73.11399841308594,14611100
2018-01-30,79.19999694824219,79.5999984741211,78.61000061035156,78.62000274658203,71.88873291015625,15816900
2018-01-31,78.77999877929688,79.38999938964844,78.19000244140625,78.4800033569336,71.7607192993164,16266300
2018-02-01,78.2699966430664,79.2300033569336,78.13999938964844,79.19999694824219,72.4190673828125,12437200
2018-02-02,78.6500015258789,79.05999755859375,76.87999725341797,77.0199966430664,70.71142578125,18561200
2018-02-05,75.5199966430664,77.22000122070312,72.19999694824219,73.2699966430664,67.26860046386719,31087800
2018-02-06,71.5199966430664,75.19000244140625,71.1500015258789,74.81999969482422,68.6916275024414,32116700
2018-02-07,74.7699966430664,76.08000183105469,74.31999969482422,74.98999786376953,68.84768676757812,18908400
2018-02-08,75.06999969482422,75.25,71.80000305175781,71.87000274658203,65.98326873779297,24941100
2018-02-09,73.0199966430664,74.27999877929688,71.0,73.68000030517578,67.6449966430664,26616500
2018-02-12,74.47000122070312,75.5,73.97000122070312,74.76000213623047,68.63654327392578,16677700
2018-02-13,74.33999633789062,75.37999725341797,74.1500015258789,75.18000030517578,69.02214813232422,11749100
2018-02-14,75.02999877929688,76.86000061035156,74.7300033569336,76.70999908447266,70.42681121826172,16261300
2018-02-15,77.18000030517578,77.45999908447266,76.4000015258789,77.08000183105469,70.76651000976562,11066400
2018-02-16,76.80000305175781,77.37000274658203,76.61000061035156,76.81999969482422,70.5278091430664,11644900
2018-02-20,76.63999938964844,77.2300033569336,76.08999633789062,76.45999908447266,70.19730377197266,12040900
2018-02-21,76.4000015258789,78.41999816894531,76.4000015258789,77.0,70.69306182861328,15888800
2018-02-22,77.27999877929688,77.4800033569336,75.94000244140625,76.2699966430664,70.0228500366211,16049500
2018-02-23,76.4800033569336,77.11000061035156,76.19999694824219,77.08000183105469,70.76651000976562,12481200
2018-02-26,77.2300033569336,77.73999786376953,76.72000122070312,77.6500015258789,71.28983306884766,17288300
2018-02-27,77.5199966430664,77.87999725341797,76.3499984741211,76.37999725341797,70.12384796142578,19977200
2018-02-28,76.5999984741211,77.12999725341797,75.44999694824219,75.48999786376953,69.30674743652344,19329900
2018-03-01,75.5,75.94000244140625,73.19999694824219,73.66000366210938,67.62664794921875,23803200
2018-03-02,73.16999816894531,73.87000274658203,71.87999725341797,73.68000030517578,67.6449966430664,21061200
2018-03-05,73.06999969482422,74.94000244140625,72.69999694824219,74.41999816894531,68.32439422607422,16814600
2018-03-06,74.93000030517578,74.98999786376953,73.75,74.05999755859375,67.99386596679688,14891200
2018-03-07,73.18000030517578,74.08000183105469,72.86000061035156,73.91999816894531,67.8653335571289,14654900
2018-03-08,74.13999938964844,74.2300033569336,73.12999725341797,74.11000061035156,68.03977966308594,10878600
2018-03-09,74.94999694824219,76.37000274658203,74.5999984741211,76.11000061035156,69.87596130371094,15939200
2018-03-12,75.94999694824219,76.52999877929688,75.91999816894531,76.0199966430664,69.79332733154297,13398200
2018-03-13,76.13999938964844,76.41000366210938,74.66000366210938,74.91000366210938,68.77426147460938,12636600
2018-03-14,75.27999877929688,75.29000091552734,73.31999969482422,73.47000122070312,67.45221710205078,18485700
2018-03-15,73.77999877929688,73.87000274658203,73.01000213623047,73.33999633789062,67.33283996582031,13334000
2018-03-16,73.16999816894531,74.13999938964844,73.1500015258789,73.47000122070312,67.45221710205078,33033700
2018-03-19,73.47000122070312,73.5,71.91999816894531,72.69999694824219,66.74527740478516,15131400
2018-03-20,73.05000305175781,73.52999877929688,72.70999908447266,72.91999816894531,66.94725799560547,13113500
2018-03-21,73.18000030517578,74.2699966430664,72.69000244140625,73.31999969482422,67.31449890136719,16374700
2018-03-22,72.33000183105469,72.4800033569336,69.87000274658203,70.30999755859375,64.55103302001953,27652300
2018-03-23,70.31999969482422,70.47000122070312,67.75,67.9000015258789,62.33843994140625,31458900
2018-03-26,69.11000061035156,70.01000213623047,68.29000091552734,69.77999877929688,64.06444549560547,19156100
2018-03-27,70.23999786376953,70.62000274658203,67.61000061035156,68.27999877929688,62.68729782104492,21610800
2018-03-28,68.4800033569336,69.04000091552734,67.52999877929688,68.26000213623047,62.66895294189453,21712000
2018-03-29,68.5199966430664,69.66999816894531,67.5,67.5,61.971195220947266,22621300
2018-04-02,68.33000183105469,69.04000091552734,66.55000305175781,67.70999908447266,62.16399383544922,29975600
2018-04-03,68.05000305175781,68.66000366210938,67.41999816894531,68.4800033569336,62.87092208862305,18822600
2018-04-04,67.16000366210938,69.55999755859375,67.05000305175781,69.30999755859375,63.6329460144043,15651300
2018-04-05,70.06999969482422,70.80999755859375,69.9000015258789,70.22000122070312,64.46839904785156,16120700
2018-04-06,69.5199966430664,70.29000091552734,67.93000030517578,68.5999984741211,62.98110580444336,21543500
2018-04-09,69.05999755859375,70.94000244140625,68.98999786376953,69.44000244140625,63.75230026245117,17036500
2018-04-10,71.05000305175781,71.23999786376953,70.29000091552734,70.51000213623047,64.73466491699219,16022300
2018-04-11,69.97000122070312,70.5999984741211,69.55000305175781,69.88999938964844,64.16543579101562,15645500
2018-04-12,70.47000122070312,72.5,70.47000122070312,72.12999725341797,66.22196960449219,24488100
2018-04-13,73.20999908447266,73.37999725341797,69.83000183105469,71.01000213623047,65.1937026977539,31356000
2018-04-16,71.08999633789062,71.33999633789062,69.76000213623047,70.06999969482422,64.33070373535156,18877000
2018-04-17,70.6500015258789,70.93000030517578,69.47000122070312,69.73999786376953,64.0277099609375,18233400
2018-04-18,69.80999755859375,70.36000061035156,68.8499984741211,68.9800033569336,63.329959869384766,15382900
2018-04-19,69.0999984741211,70.61000061035156,69.0999984741211,70.27999877929688,64.52347564697266,15531600
2018-04-20,70.4000015258789,70.83999633789062,69.75,70.0,64.26642608642578,17629900
2018-04-23,70.0,70.2699966430664,69.4000015258789,69.4800033569336,63.78901672363281,11596400
2018-04-24,69.76000213623047,70.62000274658203,68.4000015258789,69.12000274658203,63.45851135253906,16233700
2018-04-25,68.7699966430664,69.7699966430664,68.05000305175781,69.36000061035156,63.678855895996094,16059700
2018-04-26,69.11000061035156,69.58999633789062,68.9000015258789,69.18000030517578,63.51359939575195,13829700
2018-04-27,69.0,69.44000244140625,68.73999786376953,68.98999786376953,63.33915710449219,10420100
2018-04-30,69.19999694824219,69.58999633789062,68.25,68.2699966430664,62.67811584472656,12237900
2018-05-01,68.23999786376953,68.29000091552734,67.41999816894531,68.25,62.65976333618164,11602700
2018-05-02,67.94999694824219,69.0199966430664,67.75,67.98999786376953,62.42106628417969,15287300
2018-05-03,67.80000305175781,68.2300033569336,66.55000305175781,67.94000244140625,62.375152587890625,16325500
2018-05-04,67.05000305175781,68.2699966430664,66.97000122070312,67.94000244140625,62.67033386230469,12512000
2018-05-07,68.2699966430664,68.66999816894531,68.13999938964844,68.5,63.1869010925293,11801800
2018-05-08,69.6500015258789,71.44999694824219,69.38999938964844,71.0,65.49301147460938,23603200
2018-05-09,71.2300033569336,72.0,70.76000213623047,71.94999694824219,66.36930084228516,15900700
2018-05-10,71.95999908447266,72.93000030517578,71.58999633789062,72.56999969482422,66.94120788574219,11488900
2018-05-11,72.52999877929688,73.23999786376953,72.45999908447266,72.86000061035156,67.20872497558594,11531400
2018-05-14,72.93000030517578,73.30000305175781,72.5,72.62000274658203,66.98733520507812,12615500
2018-05-15,72.51000213623047,73.0199966430664,72.36000061035156,72.68000030517578,67.04267883300781,12483300
2018-05-16,72.44000244140625,72.76000213623047,71.80999755859375,71.94999694824219,66.36930084228516,11796000
2018-05-17,71.7300033569336,72.04000091552734,71.06999969482422,71.55999755859375,66.0095443725586,14876000
2018-05-18,71.26000213623047,71.31999969482422,69.88999938964844,69.95999908447266,64.53365325927734,16160700
2018-05-21,70.6500015258789,70.87000274658203,70.30000305175781,70.43000030517578,64.96720123291016,9798500
2018-05-22,70.79000091552734,71.69000244140625,70.51000213623047,71.08000183105469,65.56678771972656,14147100
2018-05-23,70.6500015258789,70.69999694824219,69.2300033569336,70.23999786376953,64.79193878173828,13626700
2018-05-24,69.83999633789062,69.88999938964844,68.48999786376953,69.30999755859375,63.9340705871582,16553700
2018-05-25,68.93000030517578,68.93000030517578,68.20999908447266,68.44000244140625,63.131561279296875,16008700
2018-05-29,67.12000274658203,67.5,65.19999694824219,65.70999908447266,60.613304138183594,37721400
2018-05-30,66.55999755859375,66.87999725341797,66.1500015258789,66.68000030517578,61.5080680847168,19040500
2018-05-31,66.55000305175781,66.94999694824219,65.75,66.69000244140625,61.51729965209961,22633000
2018-06-01,67.48999786376953,68.02999877929688,67.08000183105469,67.27999877929688,62.061519622802734,14914400
2018-06-04,67.44000244140625,67.7699966430664,67.0,67.33999633789062,62.11686325073242,10468900
2018-06-05,67.08000183105469,67.08999633789062,66.45999908447266,66.76000213623047,61.58185958862305,14072700
2018-06-06,67.20999908447266,68.41999816894531,67.0999984741211,68.2300033569336,62.937835693359375,14862400
2018-06-07,68.93000030517578,69.0,67.97000122070312,68.44999694824219,63.14078140258789,16505300
2018-06-08,68.12999725341797,68.5199966430664,67.7699966430664,68.47000122070312,63.15923309326172,11609500
2018-06-11,68.91999816894531,69.16999816894531,68.06999969482422,68.11000061035156,62.827152252197266,13941500
2018-06-12,68.26000213623047,68.56999969482422,67.44000244140625,67.61000061035156,62.36593246459961,13737100
2018-06-13,67.81999969482422,68.41000366210938,67.22000122070312,67.29000091552734,62.07075881958008,17531500
2018-06-14,67.55999755859375,67.61000061035156,65.94999694824219,66.16000366210938,61.02839660644531,24035400
2018-06-15,66.31999969482422,66.62000274658203,65.23999786376953,66.33999633789062,61.19442367553711,29314800
2018-06-18,65.75,66.80999755859375,65.37999725341797,66.75,61.5726432800293,13680800
2018-06-19,66.02999877929688,66.91000366210938,65.94999694824219,66.77999877929688,61.600311279296875,16892800
2018-06-20,67.72000122070312,67.94999694824219,67.12999725341797,67.37999725341797,62.153770446777344,16697100
2018-06-21,67.16000366210938,68.08999633789062,66.69999694824219,67.62999725341797,62.38437271118164,16545800
2018-06-22,68.04000091552734,68.20999908447266,67.16000366210938,67.19999694824219,61.98772048950195,16059900
2018-06-25,66.79000091552734,66.87999725341797,65.33999633789062,65.75,60.65019989013672,21426600
2018-06-26,65.51000213623047,66.69000244140625,64.37999725341797,66.30999755859375,61.16676330566406,22613700
2018-06-27,66.22000122070312,67.55999755859375,65.44000244140625,65.45999908447266,60.38269805908203,20917500
2018-06-28,65.9800033569336,67.12999725341797,65.55999755859375,66.87999725341797,61.69254684448242,19860100
2018-06-29,68.0,68.7699966430664,66.87999725341797,66.91999816894531,61.72944259643555,24193900
2018-07-02,66.20999908447266,67.16000366210938,65.94000244140625,67.16000366210938,61.95083236694336,12699100
2018-07-03,67.44999694824219,67.48999786376953,65.94000244140625,66.05999755859375,60.936153411865234,12346000
2018-07-05,66.44000244140625,66.83000183105469,66.22000122070312,66.55999755859375,61.397369384765625,12359000
2018-07-06,66.22000122070312,67.33999633789062,65.9000015258789,67.13999938964844,61.93239212036133,13174900
2018-07-09,67.5,69.05000305175781,67.48999786376953,68.94000244140625,63.5927734375,15148500
2018-07-10,69.2300033569336,69.3499984741211,67.94999694824219,68.2300033569336,62.937835693359375,17057700
2018-07-11,67.97000122070312,68.45999908447266,67.83999633789062,67.91000366210938,62.642662048339844,13262800
2018-07-12,68.36000061035156,68.5999984741211,67.94000244140625,68.51000213623047,63.19612121582031,13345200
2018-07-13,67.98999786376953,68.30000305175781,66.22000122070312,67.0,61.803245544433594,34054000
2018-07-16,67.36000061035156,69.70999908447266,67.27999877929688,69.45999908447266,64.07244110107422,26659900
2018-07-17,69.5,69.87000274658203,68.80000305175781,69.3499984741211,63.97096633911133,17262800
2018-07-18,69.22000122070312,70.26000213623047,69.22000122070312,69.8499984741211,64.43218994140625,16321200
2018-07-19,69.5,69.55999755859375,68.55999755859375,68.98999786376953,63.638893127441406,14833900
2018-07-20,68.79000091552734,69.55999755859375,68.52999877929688,69.22000122070312,63.851043701171875,12017500
2018-07-23,69.16000366210938,70.44999694824219,69.01000213623047,70.20999908447266,64.76425170898438,15764000
2018-07-24,70.4000015258789,71.47000122070312,70.29000091552734,71.06999969482422,65.55756378173828,21883800
2018-07-25,70.81999969482422,71.75,70.75,71.72000122070312,66.15714263916016,14232700
2018-07-26,71.75,71.91000366210938,71.25,71.33999633789062,65.80661010742188,11169200
2018-07-27,71.36000061035156,71.81999969482422,71.16000366210938,71.69000244140625,66.12947082519531,11194100
2018-07-30,71.86000061035156,72.79000091552734,71.80000305175781,72.29000091552734,66.68294525146484,16339100
2018-07-31,72.19999694824219,72.37000274658203,71.62999725341797,71.88999938964844,66.31395721435547,13608100
2018-08-01,72.5,73.08000183105469,71.9000015258789,71.93000030517578,66.35084533691406,13612200
2018-08-02,71.33999633789062,71.93000030517578,71.0199966430664,71.83999633789062,66.267822265625,13248600
2018-08-03,71.63999938964844,72.5199966430664,71.56999969482422,72.38999938964844,67.19608306884766,13680000
2018-08-06,72.16000366210938,72.6500015258789,71.93000030517578,72.4000015258789,67.20536041259766,10121400
2018-08-07,72.56999969482422,72.91000366210938,72.38999938964844,72.41000366210938,67.21465301513672,12991100
2018-08-08,72.13999938964844,73.20999908447266,72.05999755859375,72.88999938964844,67.66021728515625,10178900
2018-08-09,72.44000244140625,72.6500015258789,71.88999938964844,71.9800033569336,66.81550598144531,11044200
2018-08-10,70.62999725341797,70.9000015258789,69.9000015258789,70.26000213623047,65.21891021728516,20240100
2018-08-13,70.19999694824219,70.36000061035156,69.05999755859375,69.16000366210938,64.19783782958984,16926100
2018-08-14,69.30000305175781,70.19999694824219,69.25,70.01000213623047,64.98686218261719,12668200
2018-08-15,69.2300033569336,69.43000030517578,68.08000183105469,68.6500015258789,63.72443389892578,18952300
2018-08-16,69.16000366210938,69.88999938964844,69.08999633789062,69.55999755859375,64.56913757324219,13439600
2018-08-17,69.41999816894531,69.87000274658203,69.25,69.66999816894531,64.67124938964844,10329600
2018-08-20,69.45999908447266,70.69999694824219,69.37999725341797,70.52999877929688,65.46953582763672,11233300
2018-08-21,70.62999725341797,71.6500015258789,70.58000183105469,71.23999786376953,66.12859344482422,12261100
2018-08-22,71.16000366210938,71.41999816894531,70.97000122070312,71.12000274658203,66.01720428466797,7297600
2018-08-23,71.02999877929688,71.20999908447266,70.63999938964844,70.80999755859375,65.72944641113281,8310000
2018-08-24,70.5999984741211,71.26000213623047,70.51000213623047,70.66999816894531,65.5994873046875,8760000
2018-08-27,71.06999969482422,72.6500015258789,70.94000244140625,72.38999938964844,67.19608306884766,13545300
2018-08-28,72.56999969482422,72.75,72.22000122070312,72.37999725341797,67.1867904663086,9688600
2018-08-29,72.30000305175781,72.83999633789062,72.0199966430664,72.52999877929688,67.3260498046875,7146800
2018-08-30,72.08999633789062,72.36000061035156,71.33000183105469,71.45999908447266,66.33281707763672,13197700
2018-08-31,71.05000305175781,71.29000091552734,70.58999633789062,71.23999786376953,66.12859344482422,11898200
2018-09-04,70.98999786376953,71.58000183105469,70.37000274658203,71.4000015258789,66.2771224975586,10108500
2018-09-05,71.19999694824219,71.77999877929688,71.13999938964844,71.16999816894531,66.0636215209961,13138100
2018-09-06,70.93000030517578,71.11000061035156,69.91999816894531,70.11000061035156,65.07967376708984,15207100
2018-09-07,70.33999633789062,70.44999694824219,69.47000122070312,69.63999938964844,64.64338684082031,15180600
2018-09-10,69.9800033569336,70.27999877929688,69.62000274658203,69.62999725341797,64.63410949707031,12353600
2018-09-11,69.26000213623047,69.70999908447266,68.91000366210938,69.43000030517578,64.4484634399414,12650000
2018-09-12,70.95999908447266,71.6500015258789,70.51000213623047,70.51000213623047,65.45098114013672,17434900
2018-09-13,70.9000015258789,71.69999694824219,70.02999877929688,70.1500015258789,65.1167984008789,13569000
2018-09-14,70.18000030517578,70.87999725341797,70.1500015258789,70.54000091552734,65.47882843017578,9653300
2018-09-17,70.79000091552734,71.44999694824219,70.4000015258789,70.87999725341797,65.79443359375,11323000
2018-09-18,71.30000305175781,71.58999633789062,70.5999984741211,71.36000061035156,66.23999786376953,11457100
2018-09-19,71.54000091552734,74.12999725341797,71.54000091552734,73.72000122070312,68.4306640625,21766100
2018-09-20,74.5,75.01000213623047,74.26000213623047,74.79000091552734,69.42388916015625,23550500
2018-09-21,74.9800033569336,75.23999786376953,73.97000122070312,74.1500015258789,68.82980346679688,28874700
2018-09-24,74.08000183105469,74.52999877929688,73.12000274658203,73.83999633789062,68.54204559326172,14023100
2018-09-25,74.22000122070312,74.52999877929688,73.47000122070312,73.51000213623047,68.23573303222656,12324300
2018-09-26,73.5199966430664,73.98999786376953,72.37000274658203,72.44999694824219,67.25178527832031,15060000
2018-09-27,72.9000015258789,73.62000274658203,72.37999725341797,72.94999694824219,67.71590423583984,11420600
2018-09-28,72.05999755859375,72.43000030517578,71.4800033569336,71.73999786376953,66.59272003173828,14341900
2018-10-01,72.23999786376953,72.86000061035156,71.76000213623047,71.93000030517578,66.76909637451172,11263700
2018-10-02,71.51000213623047,72.18000030517578,71.02999877929688,71.80000305175781,66.64842224121094,12746900
2018-10-03,72.54000091552734,72.83999633789062,72.0199966430664,72.36000061035156,67.16825103759766,11977900
2018-10-04,72.77999877929688,73.9800033569336,72.0199966430664,72.62000274658203,67.40958404541016,18956800
2018-10-05,72.94999694824219,73.12000274658203,72.06999969482422,72.41999816894531,67.22393798828125,11481400
2018-10-08,71.69000244140625,72.9800033569336,71.5199966430664,72.58999633789062,67.38172912597656,11958200
2018-10-09,72.05999755859375,72.69999694824219,71.41000366210938,71.88999938964844,66.73196411132812,15654500
2018-10-10,72.06999969482422,72.5,69.87000274658203,69.94999694824219,64.93114471435547,23679600
2018-10-11,69.13999938964844,70.6500015258789,68.36000061035156,68.37999725341797,63.473793029785156,28890800
2018-10-12,70.44999694824219,71.2300033569336,68.41000366210938,69.83999633789062,64.82904815673828,29024200
2018-10-15,70.12999725341797,70.63999938964844,69.18000030517578,69.20999908447266,64.24424743652344,17661300
2018-10-16,69.88999938964844,70.04000091552734,69.16999816894531,69.70999908447266,64.70836639404297,15453500
2018-10-17,69.3499984741211,70.79000091552734,69.02999877929688,69.83999633789062,64.82904815673828,16774200
2018-10-18,69.54000091552734,70.38999938964844,68.41000366210938,68.62000274658203,63.69657897949219,18168500
2018-10-19,68.54000091552734,69.5999984741211,68.16000366210938,68.86000061035156,63.91935348510742,16721900
2018-10-22,68.88999938964844,69.20999908447266,66.56999969482422,66.58999633789062,61.812225341796875,17890900
2018-10-23,64.1500015258789,66.08000183105469,63.18000030517578,65.7300033569336,61.01394271850586,32809200
2018-10-24,65.41000366210938,65.41000366210938,63.59000015258789,63.79999923706055,59.22240447998047,23420600
2018-10-25,64.7699966430664,65.51000213623047,64.33000183105469,64.97000122070312,60.30846405029297,19510300
2018-10-26,64.16999816894531,64.73999786376953,63.18000030517578,64.20999908447266,59.602996826171875,24066300
2018-10-29,65.05999755859375,65.62000274658203,63.68000030517578,64.3499984741211,59.73294448852539,20036800
2018-10-30,64.5999984741211,65.19000244140625,63.810001373291016,64.52999877929688,59.9000358581543,19951900
2018-10-31,65.01000213623047,66.20999908447266,64.83999633789062,65.45999908447266,60.7633056640625,20450300
2018-11-01,66.08999633789062,66.44000244140625,65.19999694824219,65.83000183105469,61.10676574707031,17744100
2018-11-02,66.06999969482422,66.91999816894531,65.58000183105469,65.91999816894531,61.61146545410156,21214800
2018-11-05,66.30000305175781,67.47000122070312,66.26000213623047,67.30000305175781,62.90127182006836,14823900
2018-11-06,67.30999755859375,67.30999755859375,66.16999816894531,66.68000030517578,62.32179641723633,17049600
2018-11-07,67.29000091552734,68.30999755859375,66.69999694824219,68.26000213623047,63.798526763916016,15529300
2018-11-08,67.94000244140625,69.0,66.8499984741211,67.77999877929688,63.34989547729492,18908100
2018-11-09,67.19999694824219,67.48999786376953,65.18000030517578,65.76000213623047,61.46193313598633,27125800
2018-11-12,65.55999755859375,65.9800033569336,64.06999969482422,64.20999908447266,60.01323318481445,16424200
2018-11-13,64.37999725341797,65.44000244140625,64.31999969482422,64.77999877929688,60.54597473144531,14121300
2018-11-14,65.38999938964844,65.79000091552734,62.84000015258789,63.5,59.34963607788086,19754600
2018-11-15,62.970001220703125,64.72000122070312,62.34000015258789,64.5999984741211,60.377742767333984,19202300
2018-11-16,64.48999786376953,64.97000122070312,64.0199966430664,64.94999694824219,60.70486831665039,15995200
2018-11-19,65.08000183105469,65.54000091552734,64.19999694824219,64.62000274658203,60.39643478393555,12227400
2018-11-20,63.81999969482422,64.01000213623047,62.150001525878906,62.529998779296875,58.44303512573242,21024000
2018-11-21,62.7599983215332,63.83000183105469,62.66999816894531,62.869998931884766,58.76081848144531,12380200
2018-11-23,62.33000183105469,62.439998626708984,61.720001220703125,61.75,57.71401596069336,7316500
2018-11-26,62.66999816894531,63.91999816894531,62.5,63.72999954223633,59.56460952758789,19065100
2018-11-27,63.349998474121094,63.84000015258789,62.75,63.459999084472656,59.312252044677734,12867900
2018-11-28,63.63999938964844,65.6500015258789,62.90999984741211,65.58000183105469,61.2936897277832,17719000
2018-11-29,65.08999633789062,65.55999755859375,64.66000366210938,64.9000015258789,60.658138275146484,12914200
2018-11-30,64.37000274658203,65.0,64.11000061035156,64.79000091552734,60.555328369140625,14207800
2018-12-03,66.04000091552734,66.45999908447266,64.80999755859375,65.16000366210938,60.90114974975586,14255500
2018-12-04,64.58000183105469,64.63999938964844,61.119998931884766,62.2599983215332,58.19068145751953,27104500
2018-12-06,59.36000061035156,60.09000015258789,58.36000061035156,60.060001373291016,56.134483337402344,37802600
2018-12-07,59.720001220703125,60.720001220703125,58.13999938964844,58.349998474121094,54.5362434387207,24282100
2018-12-10,57.95000076293945,58.310001373291016,55.83000183105469,57.06999969482422,53.33990478515625,30695800
2018-12-11,58.16999816894531,58.33000183105469,55.900001525878906,56.220001220703125,52.54545974731445,23712500
2018-12-12,57.130001068115234,57.150001525878906,55.849998474121094,55.97999954223633,52.32114791870117,24941600
2018-12-13,56.380001068115234,56.439998626708984,55.40999984741211,55.77000045776367,52.124874114990234,27670700
2018-12-14,54.72999954223633,56.36000061035156,54.630001068115234,55.02000045776367,51.423892974853516,22839300
2018-12-17,54.849998474121094,55.93000030517578,53.91999816894531,54.25,50.704219818115234,26212500
2018-12-18,54.720001220703125,55.66999816894531,53.54999923706055,53.93000030517578,50.40513229370117,27302000
2018-12-19,53.900001525878906,55.400001525878906,52.18000030517578,52.81999969482422,49.367679595947266,31483100
2018-12-20,52.209999084472656,53.25,51.720001220703125,52.27000045776367,48.85363006591797,39800000
2018-12-21,51.900001525878906,52.560001373291016,49.880001068115234,50.2400016784668,46.9563102722168,52323000
2018-12-24,49.400001525878906,50.25,48.47999954223633,49.2599983215332,46.040367126464844,21970800
2018-12-26,49.650001525878906,51.45000076293945,48.41999816894531,51.439998626708984,48.077877044677734,32005600
2018-12-27,50.619998931884766,51.77000045776367,49.70000076293945,51.77000045776367,48.386314392089844,28573400
2018-12-28,51.93000030517578,52.54999923706055,51.56999969482422,51.83000183105469,48.44239044189453,23176900
2018-12-31,51.97999954223633,52.66999816894531,51.38999938964844,52.060001373291016,48.65736389160156,19317500
2019-01-02,50.68000030517578,53.7400016784668,50.66999816894531,53.529998779296875,50.03127670288086,21646300
2019-01-03,53.40999984741211,53.619998931884766,52.220001220703125,52.560001373291016,49.124671936035156,21183000
2019-01-04,54.0099983215332,55.380001068115234,53.65999984741211,55.130001068115234,51.526702880859375,24205100
2019-01-07,55.33000183105469,56.209999084472656,54.79999923706055,55.61000061035156,51.9753303527832,20634100
2019-01-08,56.029998779296875,56.189998626708984,54.7599983215332,55.459999084472656,51.83513259887695,18840100
2019-01-09,55.709999084472656,56.7400016784668,55.61000061035156,56.380001068115234,52.695003509521484,19359100
2019-01-10,55.9900016784668,56.959999084472656,55.70000076293945,56.439998626708984,52.751075744628906,16910000
2019-01-11,56.459999084472656,57.41999816894531,56.029998779296875,56.689998626708984,52.984737396240234,23087500
2019-01-14,56.099998474121094,59.29999923706055,55.70000076293945,58.93000030517578,55.078330993652344,34783400
2019-01-15,59.88999938964844,61.81999969482422,59.54999923706055,61.380001068115234,57.36820602416992,42694200
2019-01-16,61.95000076293945,62.81999969482422,61.2400016784668,62.189998626708984,58.1252555847168,27628900
2019-01-17,61.630001068115234,62.75,61.33000183105469,62.470001220703125,58.386962890625,22728900
2019-01-18,62.86000061035156,63.189998626708984,62.0099983215332,63.119998931884766,58.99447250366211,19947300
2019-01-22,62.66999816894531,62.810001373291016,61.43000030517578,61.849998474121094,57.8074836730957,24608700
2019-01-23,62.27000045776367,62.47999954223633,61.150001525878906,62.130001068115234,58.06917953491211,16819800
2019-01-24,61.7400016784668,62.91999816894531,61.7400016784668,62.709999084472656,58.611270904541016,14962200
2019-01-25,63.33000183105469,64.44999694824219,63.22999954223633,64.0199966430664,59.83564376831055,15827200
2019-01-28,63.189998626708984,64.05999755859375,63.099998474121094,63.849998474121094,59.676761627197266,12683500
2019-01-29,63.709999084472656,64.06999969482422,63.150001525878906,63.209999084472656,59.07859802246094,13472000
2019-01-30,63.459999084472656,64.73999786376953,62.9900016784668,64.22000122070312,60.0225830078125,15929600
2019-01-31,63.650001525878906,64.5999984741211,63.63999938964844,64.45999908447266,60.246891021728516,19442600
2019-02-01,64.25,64.66000366210938,63.59000015258789,63.66999816894531,59.9268798828125,16991700
2019-02-04,63.5,64.05999755859375,63.20000076293945,64.05999755859375,60.293949127197266,11515500
2019-02-05,64.19000244140625,64.19999694824219,63.349998474121094,63.810001373291016,60.058658599853516,13310900
2019-02-06,63.83000183105469,64.61000061035156,63.560001373291016,63.88999938964844,60.13394546508789,13774300
2019-02-07,63.61000061035156,63.630001068115234,61.90999984741211,62.810001373291016,59.11744689941406,17922400
2019-02-08,62.130001068115234,62.52000045776367,61.0099983215332,62.0099983215332,58.36446762084961,15770800
2019-02-11,62.40999984741211,62.43000030517578,61.41999816894531,61.61000061035156,57.98798751831055,14614100
2019-02-12,62.150001525878906,63.34000015258789,62.150001525878906,62.66999816894531,58.98567581176758,14347400
2019-02-13,63.29999923706055,63.75,62.970001220703125,63.040000915527344,59.33392333984375,10710500
2019-02-14,62.349998474121094,62.86000061035156,61.41999816894531,62.41999816894531,58.750362396240234,12855300
2019-02-15,63.13999938964844,64.58000183105469,63.0099983215332,64.2699966430664,60.49160385131836,17908900
2019-02-19,63.72999954223633,64.6500015258789,63.52000045776367,64.37999725341797,60.59513854980469,11013900
2019-02-20,64.5,64.69999694824219,64.13999938964844,64.63999938964844,60.83985137939453,10545000
2019-02-21,64.55000305175781,64.94000244140625,64.04000091552734,64.31999969482422,60.53866958618164,10696100
2019-02-22,64.62999725341797,65.13999938964844,63.84000015258789,64.13999938964844,60.3692512512207,14003800
2019-02-25,64.58999633789062,65.43000030517578,64.44999694824219,64.52999877929688,60.736328125,12853000
2019-02-26,64.08999633789062,64.66999816894531,63.88999938964844,64.12000274658203,60.35042953491211,12912800
2019-02-27,64.23999786376953,64.58000183105469,63.68000030517578,64.4000015258789,60.61396408081055,13495700
2019-02-28,64.45999908447266,64.66000366210938,63.84000015258789,63.97999954223633,60.218658447265625,14209300
2019-03-01,64.77999877929688,65.69000244140625,64.11000061035156,64.47000122070312,60.679847717285156,14376000
2019-03-04,64.52999877929688,65.30000305175781,63.11000061035156,63.75,60.00217819213867,15786600
2019-03-05,63.65999984741211,63.65999984741211,61.90999984741211,62.93000030517578,59.23038864135742,18754900
2019-03-06,62.70000076293945,63.06999969482422,62.099998474121094,62.5099983215332,58.8350715637207,12711200
2019-03-07,62.029998779296875,62.119998931884766,61.209999084472656,61.900001525878906,58.26094055175781,15788900
2019-03-08,60.959999084472656,62.119998931884766,60.7599983215332,62.060001373291016,58.411537170410156,14304400
2019-03-11,62.529998779296875,62.959999084472656,62.18000030517578,62.310001373291016,58.64683532714844,14167600
2019-03-12,62.29999923706055,62.939998626708984,61.959999084472656,62.810001373291016,59.11744689941406,14772000
2019-03-13,63.13999938964844,64.2300033569336,63.0,63.650001525878906,59.908058166503906,13781100
2019-03-14,63.689998626708984,64.2699966430664,63.41999816894531,64.11000061035156,60.34101486206055,12193600
2019-03-15,64.16000366210938,65.2699966430664,64.0199966430664,65.19000244140625,61.35751724243164,37840300
2019-03-18,65.20999908447266,66.18000030517578,65.20999908447266,65.93000030517578,62.054019927978516,15601100
2019-03-19,66.45999908447266,66.83000183105469,65.3499984741211,65.62999725341797,61.77165603637695,12723600
2019-03-20,65.26000213623047,65.5999984741211,64.22000122070312,64.30000305175781,60.51984786987305,17494000
2019-03-21,63.66999816894531,64.30999755859375,62.91999816894531,63.90999984741211,60.15277099609375,18638300
2019-03-22,62.97999954223633,63.22999954223633,60.45000076293945,60.97999954223633,57.395023345947266,27527400
2019-03-25,60.97999954223633,61.65999984741211,60.04999923706055,60.33000183105469,56.78323745727539,20899300
2019-03-26,60.9900016784668,61.349998474121094,60.529998779296875,61.220001220703125,57.62092208862305,14740300
2019-03-27,61.380001068115234,61.65999984741211,60.720001220703125,60.72999954223633,57.15971755981445,16359600
2019-03-28,60.95000076293945,62.0,60.81999969482422,61.97999954223633,58.336238861083984,12081000
2019-03-29,62.33000183105469,62.810001373291016,61.959999084472656,62.220001220703125,58.56212615966797,13406300
2019-04-01,62.849998474121094,64.62999725341797,62.81999969482422,64.36000061035156,60.57632064819336,17736300
2019-04-02,64.23999786376953,64.86000061035156,63.91999816894531,64.41999816894531,60.63278579711914,9915800
2019-04-03,64.98999786376953,65.3499984741211,64.52999877929688,65.05999755859375,61.23516082763672,11560800
2019-04-04,64.80999755859375,66.19999694824219,64.80999755859375,65.81999969482422,61.95048141479492,11915700
2019-04-05,65.93000030517578,66.41000366210938,65.19000244140625,65.55000305175781,61.69636535644531,11062400
2019-04-08,65.12999725341797,66.0999984741211,65.0199966430664,66.06999969482422,62.185787200927734,10466400
2019-04-09,65.5999984741211,65.5999984741211,64.68000030517578,65.19999694824219,61.3669319152832,10221000
2019-04-10,65.4800033569336,65.69000244140625,64.77999877929688,65.5199966430664,61.66812515258789,12293300
2019-04-11,65.80000305175781,66.44000244140625,65.30999755859375,65.91000366210938,62.03520202636719,11358700
2019-04-12,67.08000183105469,68.30999755859375,66.63999938964844,67.41999816894531,63.456417083740234,19238700
2019-04-15,67.38999938964844,67.77999877929688,66.2699966430664,67.37999725341797,63.418766021728516,19493900
2019-04-16,67.5,69.41999816894531,67.38999938964844,69.30999755859375,65.23532104492188,18635700
2019-04-17,69.94999694824219,70.75,69.55999755859375,70.3499984741211,66.21416473388672,20509000
2019-04-18,70.01000213623047,70.38999938964844,69.62000274658203,69.66999816894531,65.57415008544922,13513800
2019-04-22,69.58000183105469,69.70999908447266,69.01000213623047,69.08999633789062,65.02824401855469,13195600
2019-04-23,68.83999633789062,69.30000305175781,68.37999725341797,69.19999694824219,65.13178253173828,13205000
2019-04-24,68.98999786376953,69.22000122070312,68.4000015258789,68.83000183105469,64.78352355957031,9699900
2019-04-25,68.55999755859375,69.18000030517578,68.1500015258789,68.7300033569336,64.68940734863281,8913600
2019-04-26,68.9000015258789,69.58000183105469,68.51000213623047,69.51000213623047,65.42354583740234,10692700
2019-04-29,69.69000244140625,71.94000244140625,69.58000183105469,71.02999877929688,66.85418701171875,16491400
2019-04-30,71.0199966430664,71.33000183105469,70.22000122070312,70.69999694824219,66.54358673095703,11122000
2019-05-01,70.68000030517578,71.16999816894531,69.73999786376953,69.95999908447266,65.84710693359375,13261700
2019-05-02,69.73999786376953,70.4800033569336,69.4800033569336,70.36000061035156,66.22357177734375,12186700
2019-05-03,70.38999938964844,70.9800033569336,70.0,70.66999816894531,66.9435043334961,11486700
2019-05-06,69.05000305175781,70.66999816894531,68.76000213623047,70.41000366210938,66.69721984863281,12004000
2019-05-07,69.3499984741211,69.5,67.62000274658203,68.16000366210938,64.56586456298828,17673400
2019-05-08,67.87999725341797,68.8499984741211,67.70999908447266,68.22000122070312,64.62269592285156,9470500
2019-05-09,66.83000183105469,67.86000061035156,66.43000030517578,67.62999725341797,64.06380462646484,16994200
2019-05-10,67.2699966430664,68.0999984741211,66.52999877929688,67.9000015258789,64.31956481933594,12318700
2019-05-13,66.12999725341797,66.33000183105469,63.959999084472656,64.37999725341797,60.98518371582031,23494400
2019-05-14,64.62000274658203,65.97000122070312,64.3499984741211,65.26000213623047,61.81877899169922,15096400
2019-05-15,64.45999908447266,65.22000122070312,64.0199966430664,64.87000274658203,61.44934844970703,14570900
2019-05-16,65.30999755859375,66.38999938964844,65.16999816894531,65.9800033569336,62.500816345214844,10573100
2019-05-17,64.97000122070312,65.93000030517578,64.88999938964844,65.06999969482422,61.638797760009766,11503500
2019-05-20,64.75,65.5,64.5199966430664,64.95999908447266,61.53459930419922,11605900
2019-05-21,65.5,66.08999633789062,65.19999694824219,66.08000183105469,62.595542907714844,11051500
2019-05-22,65.83999633789062,65.91999816894531,64.63999938964844,64.66000366210938,61.250423431396484,12564900
2019-05-23,63.81999969482422,63.939998626708984,63.08000183105469,63.900001525878906,60.53049850463867,15042200
2019-05-24,64.29000091552734,64.70999908447266,64.05999755859375,64.38999938964844,60.99465560913086,9715400
2019-05-28,64.08999633789062,64.44999694824219,63.7599983215332,63.790000915527344,60.42629623413086,14727400
2019-05-29,63.150001525878906,63.83000183105469,62.720001220703125,63.709999084472656,60.35050964355469,13836300
2019-05-30,64.7699966430664,65.25,63.25,63.61000061035156,60.25578689575195,13570900
2019-05-31,62.38999938964844,62.869998931884766,61.970001220703125,62.150001525878906,58.87277603149414,19968900
2019-06-03,62.099998474121094,62.779998779296875,61.939998626708984,62.61000061035156,59.30851745605469,19636800
2019-06-04,63.790000915527344,65.94000244140625,63.7599983215332,65.87999725341797,62.40608596801758,17743100
2019-06-05,65.44999694824219,66.0199966430664,64.5,65.77999877929688,62.311363220214844,12536300
2019-06-06,65.81999969482422,66.7699966430664,65.5,66.47000122070312,62.9649772644043,10868900
2019-06-07,66.16000366210938,66.80000305175781,65.62000274658203,65.69000244140625,62.22610855102539,11674200
2019-06-10,66.87999725341797,67.9800033569336,66.7300033569336,67.12000274658203,63.5806999206543,10994700
2019-06-11,67.58000183105469,68.02999877929688,67.16000366210938,67.87999725341797,64.30062103271484,9800900
2019-06-12,67.6500015258789,67.80999755859375,66.62999725341797,66.80999755859375,63.287044525146484,9877700
2019-06-13,66.83000183105469,67.44000244140625,66.7699966430664,67.08000183105469,63.542808532714844,9453600
2019-06-14,67.1500015258789,67.72000122070312,66.5,67.4800033569336,63.92171859741211,8901900
2019-06-17,67.5,67.51000213623047,66.4000015258789,66.54000091552734,63.03128433227539,8135900
2019-06-18,66.80999755859375,68.25,66.5,67.9800033569336,64.3953628540039,12199100
2019-06-19,68.16000366210938,68.58999633789062,67.58000183105469,67.58999633789062,64.02591705322266,12334800
2019-06-20,68.55999755859375,68.72000122070312,67.23999786376953,68.0999984741211,64.50902557373047,15557100
2019-06-21,68.02999877929688,68.95999908447266,67.81999969482422,67.97000122070312,64.38587951660156,19502500
2019-06-24,67.81999969482422,68.5,67.37999725341797,67.41000366210938,63.85540771484375,11223700
2019-06-25,67.45999908447266,67.4800033569336,66.4800033569336,66.54000091552734,63.03128433227539,14205600
2019-06-26,67.04000091552734,67.72000122070312,66.7699966430664,67.22000122070312,63.6754264831543,13654100
2019-06-27,67.62000274658203,68.43000030517578,67.52999877929688,68.1500015258789,64.55638885498047,11989100
2019-06-28,69.27999877929688,70.20999908447266,69.12999725341797,70.02999877929688,66.33724975585938,20388700
2019-07-01,70.86000061035156,71.63999938964844,70.19000244140625,70.73999786376953,67.00981140136719,13596400
2019-07-02,70.36000061035156,70.9800033569336,70.08999633789062,70.44000244140625,66.72563171386719,10272200
2019-07-03,70.70999908447266,71.19999694824219,70.27999877929688,70.8499984741211,67.114013671875,7632400
2019-07-05,71.2699966430664,71.80000305175781,70.9800033569336,71.4000015258789,67.635009765625,9107300
2019-07-08,70.76000213623047,71.69000244140625,70.63999938964844,71.12999725341797,67.37924194335938,10196000
2019-07-09,70.52999877929688,71.66999816894531,70.41000366210938,71.55999755859375,67.78656768798828,9477700
2019-07-10,71.5,71.94000244140625,70.6500015258789,71.12999725341797,67.37924194335938,12153200
2019-07-11,71.43000030517578,72.0,71.08999633789062,71.61000061035156,67.83393859863281,10739400
2019-07-12,71.88999938964844,72.0199966430664,71.58000183105469,71.7699966430664,67.9854965209961,15355700
2019-07-15,71.7300033569336,72.1500015258789,70.08000183105469,71.70999908447266,67.92866516113281,23365800
2019-07-16,71.69999694824219,72.0,71.08999633789062,71.31999969482422,67.5592269897461,16516600
2019-07-17,71.19000244140625,71.5,70.62000274658203,70.81999969482422,67.08558654785156,12278200
2019-07-18,70.54000091552734,71.9000015258789,70.4800033569336,71.79000091552734,68.00445556640625,13409900
2019-07-19,71.7300033569336,72.16999816894531,70.86000061035156,70.91999816894531,67.1803207397461,11184600
2019-07-22,70.72000122070312,71.29000091552734,70.68000030517578,71.11000061035156,67.36030578613281,7930600
2019-07-23,71.33000183105469,72.18000030517578,71.30000305175781,71.98999786376953,68.19389343261719,11804300
2019-07-24,71.66000366210938,73.08000183105469,71.66000366210938,73.01000213623047,69.16012573242188,12512900
2019-07-25,72.95999908447266,73.08000183105469,70.93000030517578,71.38999938964844,67.62554168701172,15698300
2019-07-26,72.1500015258789,72.63999938964844,71.8499984741211,72.16000366210938,68.35494232177734,10625900
2019-07-29,71.91000366210938,72.33999633789062,71.7300033569336,71.76000213623047,67.97602844238281,8561200
2019-07-30,71.02999877929688,71.70999908447266,70.58000183105469,71.70999908447266,67.92866516113281,9208300
2019-07-31,71.4000015258789,71.66000366210938,70.80999755859375,71.16000366210938,67.40767669677734,13617300
2019-08-01,70.66999816894531,71.08999633789062,67.5999984741211,68.3499984741211,64.745849609375,22571000
2019-08-02,67.61000061035156,68.05999755859375,66.62999725341797,67.61000061035156,64.52633666992188,14771400
2019-08-05,65.5999984741211,65.81999969482422,64.58000183105469,65.18000030517578,62.207157135009766,21144800
2019-08-06,66.0,66.33000183105469,64.83000183105469,66.25,63.228363037109375,12411500
2019-08-07,64.62999725341797,65.31999969482422,63.63999938964844,65.13999938964844,62.16899108886719,18418300
2019-08-08,65.8499984741211,66.79000091552734,65.62999725341797,66.73999786376953,63.696006774902344,13577900
2019-08-09,66.33000183105469,66.56999969482422,65.20999908447266,66.05000305175781,63.0374870300293,13604600
2019-08-12,64.61000061035156,64.79000091552734,63.84000015258789,64.23999786376953,61.31003189086914,12555100
2019-08-13,63.900001525878906,65.95999908447266,63.5099983215332,64.83000183105469,61.87313461303711,19056700
2019-08-14,62.880001068115234,63.040000915527344,61.18000030517578,61.40999984741211,58.60911560058594,29370700
2019-08-15,61.97999954223633,62.369998931884766,60.720001220703125,61.31999969482422,58.52322006225586,16340400
2019-08-16,61.93000030517578,63.65999984741211,61.849998474121094,63.47999954223633,60.58470153808594,16450700
2019-08-19,64.81999969482422,64.91000366210938,64.16000366210938,64.30999755859375,61.3768424987793,13312700
2019-08-20,63.720001220703125,64.08000183105469,63.349998474121094,63.41999816894531,60.52743911743164,9815800
2019-08-21,64.12999725341797,64.16999816894531,63.060001373291016,63.25,60.36519241333008,14692900
2019-08-22,63.810001373291016,64.20999908447266,63.40999984741211,63.90999984741211,60.995086669921875,9718500
2019-08-23,63.279998779296875,64.12999725341797,61.52000045776367,61.95000076293945,59.12448501586914,17997900
2019-08-26,62.56999969482422,62.81999969482422,62.16999816894531,62.720001220703125,59.8593635559082,10628800
2019-08-27,63.0099983215332,63.099998474121094,61.15999984741211,61.65999984741211,58.84770584106445,17219300
2019-08-28,61.29999923706055,62.79999923706055,61.29999923706055,62.36000061035156,59.515785217285156,12343500
2019-08-29,63.310001373291016,64.2300033569336,63.099998474121094,63.900001525878906,60.98554611206055,11478200
2019-08-30,64.33999633789062,64.81999969482422,64.19000244140625,64.3499984741211,61.41501998901367,11844600
2019-09-03,64.0,64.04000091552734,62.31999969482422,63.41999816894531,60.52743911743164,11991500
2019-09-04,64.0,64.4800033569336,63.84000015258789,64.27999877929688,61.34821319580078,9689800
2019-09-05,65.6500015258789,67.27999877929688,65.61000061035156,66.33999633789062,63.314247131347656,14723500
2019-09-06,66.19000244140625,66.5,65.75,65.97000122070312,62.96113586425781,10476000
2019-09-09,66.76000213623047,69.30000305175781,66.69000244140625,68.79000091552734,65.65251159667969,20193300
2019-09-10,69.18000030517578,70.01000213623047,68.44999694824219,68.9800033569336,65.83385467529297,18146200
2019-09-11,68.72000122070312,69.20999908447266,68.11000061035156,68.9000015258789,65.75749969482422,11858800
2019-09-12,68.11000061035156,70.05999755859375,67.93000030517578,69.30000305175781,66.13925170898438,15528700
2019-09-13,70.33999633789062,70.73999786376953,69.8499984741211,70.38999938964844,67.17953491210938,14313100
2019-09-16,68.95999908447266,70.11000061035156,68.95999908447266,69.83000183105469,66.64508056640625,12063700
2019-09-17,69.77999877929688,69.77999877929688,68.66999816894531,69.4800033569336,66.31104278564453,10916900
2019-09-18,69.20999908447266,70.3499984741211,68.95999908447266,70.08999633789062,66.8932113647461,11234500
2019-09-19,70.05999755859375,70.47000122070312,69.58999633789062,69.7300033569336,66.54964447021484,10069100
2019-09-20,70.1500015258789,70.54000091552734,69.33000183105469,69.3499984741211,66.18697357177734,26002100
2019-09-23,68.62000274658203,69.69999694824219,68.61000061035156,69.55000305175781,66.37785339355469,9546300
2019-09-24,69.5,69.56999969482422,67.55999755859375,67.9000015258789,64.80311584472656,16801900
2019-09-25,67.91000366210938,69.69999694824219,67.87000274658203,69.37999725341797,66.21560668945312,12243000
2019-09-26,69.31999969482422,69.52999877929688,68.80000305175781,69.11000061035156,65.95793151855469,8555500
2019-09-27,69.81999969482422,70.36000061035156,69.05999755859375,69.45999908447266,66.29195404052734,11559700
2019-09-30,69.80000305175781,69.9000015258789,69.01000213623047,69.08000183105469,65.92928314208984,8661000
2019-10-01,69.56999969482422,70.2699966430664,68.01000213623047,68.1500015258789,65.04170989990234,12428500
2019-10-02,67.76000213623047,67.80000305175781,66.19000244140625,66.26000213623047,63.23790740966797,14760900
2019-10-03,66.08000183105469,66.7300033569336,64.79000091552734,66.69999694824219,63.6578369140625,12646100
2019-10-04,66.76000213623047,68.23999786376953,66.66999816894531,68.18000030517578,65.07034301757812,10977100
2019-10-07,67.87000274658203,68.83999633789062,67.86000061035156,68.1500015258789,65.04170989990234,7835500
2019-10-08,67.02999877929688,67.18000030517578,66.02999877929688,66.4000015258789,63.37152099609375,13500700
2019-10-09,67.0,67.7699966430664,66.79000091552734,67.43000030517578,64.35453796386719,8357800
2019-10-10,67.7699966430664,69.29000091552734,67.55000305175781,68.62000274658203,65.49026489257812,9817000
2019-10-11,69.98999786376953,70.93000030517578,69.98999786376953,70.0999984741211,66.90277099609375,14921700
2019-10-14,69.52999877929688,70.5,69.45999908447266,70.23999786376953,67.036376953125,11398600
2019-10-15,70.16999816894531,72.08000183105469,68.69999694824219,71.22000122070312,67.97168731689453,22030100
2019-10-16,70.81999969482422,71.45999908447266,69.41999816894531,69.5,66.33013916015625,17295400
2019-10-17,70.02999877929688,70.33999633789062,69.18000030517578,69.5999984741211,66.42556762695312,11382800
2019-10-18,69.31999969482422,70.08999633789062,69.13999938964844,69.73999786376953,66.5591812133789,10413600
2019-10-21,70.5199966430664,71.88999938964844,70.5199966430664,71.80999755859375,68.5347671508789,13080600
2019-10-22,71.72000122070312,72.87000274658203,71.47000122070312,72.05999755859375,68.77336120605469,11052300
2019-10-23,71.9000015258789,72.47000122070312,71.7300033569336,72.44999694824219,69.14558410644531,10327000
2019-10-24,72.55000305175781,72.86000061035156,71.86000061035156,72.30000305175781,69.00243377685547,7445700
2019-10-25,71.97000122070312,73.41999816894531,71.80999755859375,73.16999816894531,69.83274841308594,10497600
2019-10-28,73.7300033569336,74.27999877929688,73.44000244140625,73.58999633789062,70.23358917236328,13086800
2019-10-29,73.13999938964844,73.79000091552734,72.72000122070312,73.08999633789062,69.75638580322266,9592300
2019-10-30,72.75,73.3499984741211,72.0999984741211,72.97000122070312,69.6418685913086,12431500
2019-10-31,72.36000061035156,72.97000122070312,71.33000183105469,71.86000061035156,68.58248901367188,16864000
2019-11-01,72.25,73.98999786376953,72.0999984741211,73.83999633789062,70.97590637207031,12935200
2019-11-04,74.94000244140625,75.2699966430664,74.11000061035156,75.1500015258789,72.23509979248047,12585200
2019-11-05,75.19000244140625,75.97000122070312,74.63999938964844,74.83000183105469,71.9275131225586,14403200
2019-11-06,74.41999816894531,75.05000305175781,73.97000122070312,74.41999816894531,71.53340911865234,12629200
2019-11-07,75.41000366210938,76.27999877929688,75.41000366210938,75.80999755859375,72.86949920654297,14340500
2019-11-08,75.4800033569336,76.12000274658203,75.05999755859375,76.12000274658203,73.16747283935547,7927100
2019-11-11,75.44999694824219,76.08000183105469,75.23999786376953,75.5999984741211,72.66764068603516,6020300
2019-11-12,75.55000305175781,75.95999908447266,75.01000213623047,75.06999969482422,72.158203125,11066600
2019-11-13,74.25,74.91000366210938,73.70999908447266,73.91000366210938,71.04319763183594,14040700
2019-11-14,73.61000061035156,74.01000213623047,73.33000183105469,73.83999633789062,70.97590637207031,9446800
2019-11-15,74.33999633789062,74.45999908447266,73.68000030517578,74.4000015258789,71.51419830322266,10294000
2019-11-18,74.29000091552734,74.63999938964844,73.55999755859375,74.4000015258789,71.51419830322266,8525700
2019-11-19,74.97000122070312,75.23999786376953,74.47000122070312,74.81999969482422,71.91790008544922,9095500
2019-11-20,74.62999725341797,74.72000122070312,73.22000122070312,73.91000366210938,71.04319763183594,12799900
2019-11-21,74.08000183105469,74.62999725341797,73.51000213623047,73.9000015258789,71.03358459472656,8585100
2019-11-22,74.0999984741211,74.91999816894531,73.97000122070312,74.87000274658203,71.9659652709961,7910700
2019-11-25,74.93000030517578,75.8499984741211,74.87000274658203,75.68000030517578,72.74454498291016,11497700
2019-11-26,75.83999633789062,75.83999633789062,74.81999969482422,75.45999908447266,72.53307342529297,11306000
2019-11-27,75.83999633789062,76.12999725341797,75.5,75.72000122070312,72.78299713134766,7592100
2019-11-29,75.43000030517578,75.80000305175781,74.98999786376953,75.12000274658203,72.20625305175781,6246900
2019-12-02,75.41999816894531,75.93000030517578,74.43000030517578,74.5199966430664,71.62952423095703,11085300
2019-12-03,73.37999725341797,73.47000122070312,72.5,73.33000183105469,70.4856948852539,13559400
2019-12-04,73.83000183105469,74.58999633789062,73.41999816894531,74.2300033569336,71.35079193115234,8266400
2019-12-05,74.6500015258789,74.8499984741211,74.3499984741211,74.70999908447266,71.81217193603516,9581200
2019-12-06,75.93000030517578,76.22000122070312,75.5999984741211,75.80999755859375,72.86949920654297,9877800
2019-12-09,75.18000030517578,75.91999816894531,75.08000183105469,75.33000183105469,72.40811920166016,8817100
2019-12-10,75.06999969482422,76.2699966430664,74.87000274658203,75.77999877929688,72.84066772460938,13019600
2019-12-11,76.12000274658203,76.20999908447266,75.5,75.55000305175781,72.61959075927734,10484900
2019-12-12,75.80999755859375,77.5199966430664,75.62000274658203,77.05000305175781,74.06140899658203,15829000
2019-12-13,77.05000305175781,77.83000183105469,76.05999755859375,76.38999938964844,73.427001953125,13447000
2019-12-16,77.36000061035156,77.5999984741211,76.9000015258789,76.91000366210938,73.92682647705078,13967200
2019-12-17,77.29000091552734,78.12999725341797,77.12999725341797,77.73999786376953,74.7246322631836,14409200
2019-12-18,77.69999694824219,78.33000183105469,77.66000366210938,77.91999816894531,74.89765167236328,12643000
2019-12-19,78.0,78.5199966430664,77.94000244140625,78.19999694824219,75.16679382324219,13006200
2019-12-20,78.94000244140625,79.05000305175781,78.04000091552734,78.51000213623047,75.46477508544922,32019400
2019-12-23,78.66999816894531,78.97000122070312,78.44000244140625,78.76000213623047,75.705078125,9256500
2019-12-24,78.69999694824219,78.94000244140625,78.45999908447266,78.58999633789062,75.54166412353516,4576200
2019-12-26,78.75,79.83999633789062,78.6500015258789,79.83000183105469,76.73357391357422,11992800
2019-12-27,80.0,80.18000030517578,79.58000183105469,79.66999816894531,76.57978057861328,10867900
2019-12-30,80.1500015258789,80.41999816894531,79.33999633789062,79.51000213623047,76.42598724365234,10084900
2019-12-31,79.31999969482422,79.94000244140625,79.0999984741211,79.88999938964844,76.79124450683594,8031200
2020-01-02,80.12999725341797,81.26000213623047,80.02999877929688,81.2300033569336,78.07927703857422,12728900
2020-01-03,79.80000305175781,80.5199966430664,79.44999694824219,79.69999694824219,76.60861206054688,12437400
2020-01-06,78.72000122070312,79.55000305175781,78.72000122070312,79.44999694824219,76.3683090209961,10059500
2020-01-07,79.29000091552734,79.30000305175781,78.7300033569336,78.76000213623047,75.705078125,10469100
2020-01-08,78.7699966430664,80.0,78.68000030517578,79.36000061035156,76.28179931640625,11292400
2020-01-09,80.9800033569336,80.9800033569336,79.7300033569336,80.08000183105469,76.973876953125,12895900
2020-01-10,80.0,80.01000213623047,79.06999969482422,79.25,76.17606353759766,10062100
2020-01-13,79.5,80.72000122070312,79.0,80.6500015258789,77.52176666259766,16566300
2020-01-14,81.19999694824219,83.11000061035156,80.97000122070312,81.91000366210938,78.7328872680664,24971800
2020-01-15,81.7300033569336,82.05000305175781,80.7300033569336,81.23999786376953,78.08887481689453,16063600
2020-01-16,81.95999908447266,82.12999725341797,80.8499984741211,81.0,77.85818481445312,10426000
2020-01-17,81.16000366210938,81.4000015258789,80.80999755859375,81.12000274658203,77.97354125976562,12413100
2020-01-21,80.4800033569336,80.91000366210938,79.87000274658203,79.9000015258789,76.80085754394531,10522000
2020-01-22,80.19999694824219,80.4800033569336,79.86000061035156,80.0999984741211,76.99308776855469,8045600
2020-01-23,79.58000183105469,80.08000183105469,78.91999816894531,79.80000305175781,76.70474243164062,11618200
2020-01-24,79.62000274658203,79.66999816894531,77.63999938964844,78.41999816894531,75.37826538085938,15036100
2020-01-27,76.26000213623047,77.0,75.8499984741211,76.70999908447266,73.73458862304688,15859600
2020-01-28,77.20999908447266,78.12999725341797,76.77999877929688,77.23999786376953,74.24402618408203,10960200
2020-01-29,77.54000091552734,77.9000015258789,76.41000366210938,76.4800033569336,73.51351165771484,9478900
2020-01-30,75.73999786376953,77.54000091552734,75.5,77.43000030517578,74.42666625976562,12498200
2020-01-31,75.95999908447266,76.18000030517578,73.91000366210938,74.41000366210938,71.99803161621094,17101200
2020-02-03,74.69999694824219,76.20999908447266,74.69999694824219,75.12999725341797,72.69468688964844,11099200
2020-02-04,76.75,77.2699966430664,76.43000030517578,76.5,74.02027893066406,12173200
2020-02-05,77.91999816894531,78.9800033569336,77.80999755859375,78.8499984741211,76.29410552978516,13070400
2020-02-06,79.80000305175781,79.86000061035156,78.4000015258789,78.97000122070312,76.41021728515625,12826400
2020-02-07,78.12999725341797,79.05000305175781,78.05999755859375,78.69000244140625,76.13928985595703,8341700
2020-02-10,78.08000183105469,78.73999786376953,78.05000305175781,78.4800033569336,75.93609619140625,8418300
2020-02-11,78.75,79.55000305175781,78.63999938964844,79.08999633789062,76.52632141113281,9437200
2020-02-12,79.9000015258789,80.7699966430664,79.30000305175781,79.33000183105469,76.758544921875,9484100
2020-02-13,78.88999938964844,79.27999877929688,78.62000274658203,79.0,76.43923950195312,8946200
2020-02-14,78.88999938964844,79.08999633789062,78.44999694824219,78.79000091552734,76.23604583740234,9056600
2020-02-18,78.61000061035156,78.86000061035156,77.51000213623047,77.58000183105469,75.06526947021484,10343500
2020-02-19,77.87000274658203,78.38999938964844,77.62000274658203,78.05000305175781,75.52003479003906,9145200
2020-02-20,77.66000366210938,78.69000244140625,77.30999755859375,78.22000122070312,75.68452453613281,11763400
2020-02-21,77.55999755859375,77.95999908447266,76.1500015258789,76.44000244140625,73.96221923828125,14020000
2020-02-24,73.37999725341797,74.05000305175781,72.44000244140625,72.52999877929688,70.17896270751953,21096200
2020-02-25,72.62999725341797,73.20999908447266,69.0,69.43000030517578,67.179443359375,27451000
2020-02-26,70.0199966430664,70.61000061035156,68.16000366210938,68.18000030517578,65.969970703125,25552100
2020-02-27,66.0999984741211,66.88999938964844,64.4000015258789,64.44999694824219,62.360870361328125,34656800
2020-02-28,62.0,64.44999694824219,61.34000015258789,63.459999084472656,61.4029655456543,46029800
2020-03-02,63.849998474121094,67.61000061035156,63.119998931884766,67.58999633789062,65.39908599853516,29006400
2020-03-03,67.86000061035156,68.43000030517578,64.47000122070312,65.05000305175781,62.94143295288086,29547700
2020-03-04,66.05000305175781,67.5199966430664,64.36000061035156,67.38999938964844,65.20557403564453,24188500
2020-03-05,64.80000305175781,65.12000274658203,63.0099983215332,63.4900016784668,61.4319953918457,27277600
2020-03-06,60.459999084472656,62.310001373291016,59.7400016784668,61.279998779296875,59.29362869262695,29916600
2020-03-09,54.310001373291016,55.61000061035156,51.0,51.369998931884766,49.70485305786133,35625600
2020-03-10,54.72999954223633,55.70000076293945,51.5,55.58000183105469,53.77839660644531,32527500
2020-03-11,53.95000076293945,54.33000183105469,50.02000045776367,50.790000915527344,49.14366149902344,36709000
2020-03-12,45.29999923706055,49.0,42.81999969482422,43.2599983215332,41.85773849487305,45941600
2020-03-13,47.81999969482422,51.2400016784668,45.310001373291016,51.040000915527344,49.38555908203125,40519800
2020-03-16,40.4900016784668,45.22999954223633,39.56999969482422,41.189998626708984,39.854835510253906,35133800
2020-03-17,42.0,43.97999954223633,38.79999923706055,40.25,38.94530487060547,51650000
2020-03-18,37.060001373291016,37.9900016784668,32.0,36.43000030517578,35.2491340637207,48351400
2020-03-19,35.470001220703125,41.2400016784668,34.20000076293945,39.63999938964844,38.35508346557617,43397100
2020-03-20,40.459999084472656,40.9900016784668,37.20000076293945,38.060001373291016,36.826297760009766,38163900
2020-03-23,37.54999923706055,38.150001525878906,34.619998931884766,35.38999938964844,34.24284362792969,33013300
2020-03-24,37.650001525878906,40.91999816894531,37.34000015258789,40.65999984741211,39.34202194213867,34100600
2020-03-25,42.310001373291016,44.70000076293945,39.43000030517578,41.86000061035156,40.50312042236328,38211100
2020-03-26,43.68000030517578,46.290000915527344,43.0,46.02000045776367,44.52827835083008,31528600
2020-03-27,44.130001068115234,45.5,43.0,43.79999923706055,42.3802375793457,25484500
2020-03-30,44.04999923706055,44.2599983215332,41.56999969482422,44.08000183105469,42.651161193847656,27459000
2020-03-31,43.630001068115234,44.22999954223633,41.650001525878906,42.119998931884766,40.75469207763672,26219100
2020-04-01,39.13999938964844,40.25,38.0,38.5099983215332,37.2617073059082,29219500
2020-04-02,38.36000061035156,39.65999984741211,37.29999923706055,39.22999954223633,37.9583740234375,29532100
2020-04-03,39.0,39.459999084472656,36.66999816894531,37.4900016784668,36.274776458740234,25327100
2020-04-06,39.79999923706055,41.34000015258789,39.5099983215332,41.119998931884766,39.787105560302734,30064700
2020-04-07,44.810001373291016,45.59000015258789,41.119998931884766,41.25,39.91289520263672,35220700
2020-04-08,42.849998474121094,44.45000076293945,41.970001220703125,44.2599983215332,42.82532501220703,32944800
2020-04-09,46.939998626708984,49.220001220703125,46.369998931884766,47.40999984741211,45.87321853637695,43659200
2020-04-13,47.5,47.56999969482422,45.27000045776367,46.68000030517578,45.16688537597656,27944300
2020-04-14,47.65999984741211,47.7400016784668,43.529998779296875,45.41999816894531,43.94772720336914,40466200
2020-04-15,43.369998931884766,44.27000045776367,42.61000061035156,42.86000061035156,41.47071075439453,32249000
2020-04-16,42.709999084472656,42.84000015258789,40.099998474121094,40.52000045776367,39.20655822753906,37756000
2020-04-17,43.150001525878906,45.619998931884766,42.650001525878906,45.45000076293945,43.97675704956055,41252900
2020-04-20,43.400001525878906,45.439998626708984,42.88999938964844,44.0099983215332,42.58342742919922,33471900
2020-04-21,42.349998474121094,43.11000061035156,41.06999969482422,41.56999969482422,40.2225227355957,35336200
2020-04-22,43.0,43.119998931884766,41.849998474121094,42.2400016784668,40.87080764770508,21911600
2020-04-23,42.650001525878906,43.7400016784668,42.2599983215332,42.459999084472656,41.08367156982422,23970700
2020-04-24,43.0,43.34000015258789,41.72999954223633,43.099998474121094,41.70292663574219,26310300
2020-04-27,44.16999816894531,46.81999969482422,43.72999954223633,46.560001373291016,45.05077362060547,30929200
2020-04-28,48.939998626708984,49.59000015258789,46.93000030517578,47.209999084472656,45.67970275878906,28973300
2020-04-29,49.70000076293945,50.650001525878906,48.459999084472656,50.2599983215332,48.630836486816406,32941100
2020-04-30,49.06999969482422,49.77000045776367,48.040000915527344,48.560001373291016,46.98594665527344,28687000
2020-05-01,46.310001373291016,46.470001220703125,45.220001220703125,45.52000045776367,44.51197052001953,28078900
2020-05-04,45.029998779296875,45.36000061035156,43.97999954223633,45.119998931884766,44.120826721191406,26340200
2020-05-05,46.29999923706055,46.349998474121094,43.91999816894531,43.95000076293945,42.97673797607422,27342900
2020-05-06,44.4900016784668,45.02000045776367,42.720001220703125,42.95000076293945,41.99888229370117,25028000
2020-05-07,43.52000045776367,45.15999984741211,43.439998626708984,44.63999938964844,43.65145492553711,29849100
2020-05-08,45.31999969482422,46.41999816894531,45.2599983215332,46.31999969482422,45.294254302978516,22919100
2020-05-11,45.209999084472656,45.25,43.810001373291016,44.06999969482422,43.094078063964844,34765200
2020-05-12,44.38999938964844,44.689998626708984,42.31999969482422,42.349998474121094,41.412166595458984,33328300
2020-05-13,42.0,42.20000076293945,40.22999954223633,40.599998474121094,39.70092010498047,35350600
2020-05-14,39.9900016784668,42.099998474121094,38.7599983215332,42.060001373291016,41.12858963012695,40976400
2020-05-15,41.58000183105469,42.45000076293945,41.099998474121094,41.91999816894531,40.9916877746582,28494900
2020-05-18,44.04999923706055,45.90999984741211,43.4900016784668,45.66999816894531,44.65864562988281,39406100
2020-05-19,45.27000045776367,45.790000915527344,44.209999084472656,44.43000030517578,43.446109771728516,27271600
2020-05-20,45.56999969482422,46.279998779296875,45.220001220703125,45.470001220703125,44.463077545166016,23841300
2020-05-21,45.16999816894531,45.790000915527344,44.779998779296875,45.0,44.00348663330078,21698300
2020-05-22,44.77000045776367,45.04999923706055,43.689998626708984,44.099998474121094,43.1234130859375,22631700
2020-05-26,46.20000076293945,48.900001525878906,45.97999954223633,48.16999816894531,47.1032829284668,34429300
2020-05-27,51.68000030517578,52.38999938964844,49.86000061035156,52.2599983215332,51.10271072387695,43660500
2020-05-28,52.9900016784668,53.0099983215332,49.11000061035156,49.15999984741211,48.07136535644531,37972800
2020-05-29,48.02000045776367,49.47999954223633,47.560001373291016,47.90999984741211,46.84904479980469,35900500
2020-06-01,48.13999938964844,49.68000030517578,47.81999969482422,49.45000076293945,48.35493850708008,22860100
2020-06-02,50.709999084472656,51.290000915527344,50.15999984741211,50.84000015258789,49.71415710449219,27651300
2020-06-03,52.560001373291016,53.7599983215332,52.41999816894531,53.34000015258789,52.15879821777344,33341800
2020-06-04,53.29999923706055,55.689998626708984,52.61000061035156,55.650001525878906,54.41764450073242,33083500
2020-06-05,61.56999969482422,62.470001220703125,58.34000015258789,58.86000061035156,57.55656051635742,44648500
2020-06-08,60.65999984741211,61.33000183105469,59.77000045776367,61.2400016784668,59.88385772705078,32587100
2020-06-09,59.0,60.20000076293945,57.650001525878906,59.5,58.18238830566406,30422900
2020-06-10,58.900001525878906,59.13999938964844,55.86000061035156,55.86000061035156,54.62299346923828,36743700
2020-06-11,51.66999816894531,53.52000045776367,48.20000076293945,48.38999938964844,47.31841278076172,62098600
2020-06-12,51.400001525878906,52.45000076293945,49.79999923706055,52.25,51.09293746948242,39022000
2020-06-15,49.959999084472656,53.0,49.7400016784668,52.97999954223633,51.806766510009766,36592100
2020-06-16,56.29999923706055,56.400001525878906,52.31999969482422,54.45000076293945,53.24421691894531,37638700
2020-06-17,54.70000076293945,54.79999923706055,52.880001068115234,53.0,51.82632827758789,23693700
2020-06-18,52.66999816894531,53.650001525878906,52.029998779296875,53.040000915527344,51.865440368652344,22280600
2020-06-19,54.060001373291016,54.09000015258789,51.560001373291016,52.91999816894531,51.74809646606445,50379300
2020-06-22,51.849998474121094,52.56999969482422,51.52000045776367,52.060001373291016,50.907142639160156,22642100
2020-06-23,52.95000076293945,53.72999954223633,52.5,52.95000076293945,51.777435302734375,22092600
2020-06-24,51.66999816894531,51.84000015258789,50.15999984741211,50.810001373291016,49.6848258972168,27207700
2020-06-25,50.29999923706055,52.790000915527344,50.130001068115234,52.68000030517578,51.5134162902832,28112400
2020-06-26,52.34000015258789,52.34000015258789,49.470001220703125,49.58000183105469,48.48206329345703,35426200
2020-06-29,50.279998779296875,50.91999816894531,49.61000061035156,50.290000915527344,49.17634201049805,22578600
2020-06-30,49.810001373291016,51.54999923706055,49.650001525878906,51.099998474121094,49.96839904785156,23360400
2020-07-01,51.7599983215332,52.0,50.150001525878906,50.349998474121094,49.235008239746094,19206900
2020-07-02,52.119998931884766,52.459999084472656,50.279998779296875,50.54999923706055,49.430580139160156,22042700
2020-07-06,51.869998931884766,52.560001373291016,51.189998626708984,51.970001220703125,50.81913757324219,22613100
2020-07-07,51.25,51.36000061035156,50.09000015258789,50.31999969482422,49.20567321777344,21235300
2020-07-08,50.20000076293945,51.06999969482422,49.939998626708984,50.880001068115234,49.753273010253906,19115300
2020-07-09,50.72999954223633,51.08000183105469,49.029998779296875,49.45000076293945,48.35493850708008,24263900
2020-07-10,49.45000076293945,52.689998626708984,49.45000076293945,52.650001525878906,51.48407745361328,28027800
2020-07-13,53.33000183105469,53.599998474121094,51.86000061035156,52.20000076293945,51.044044494628906,27151800
2020-07-14,51.290000915527344,52.08000183105469,50.0099983215332,50.150001525878906,49.0394401550293,35814400
2020-07-15,51.900001525878906,52.11000061035156,50.68000030517578,51.84000015258789,50.692012786865234,27666500
2020-07-16,51.279998779296875,52.459999084472656,50.939998626708984,51.459999084472656,50.32042694091797,18824000
2020-07-17,51.220001220703125,51.47999954223633,50.20000076293945,50.220001220703125,49.10789108276367,19747400
2020-07-20,49.9900016784668,50.58000183105469,49.75,50.13999938964844,49.029659271240234,23472600
2020-07-21,50.900001525878906,51.81999969482422,50.66999816894531,51.72999954223633,50.584449768066406,21956300
2020-07-22,51.540000915527344,52.279998779296875,51.150001525878906,51.65999984741211,50.51599884033203,17873400
2020-07-23,51.45000076293945,52.22999954223633,51.130001068115234,52.08000183105469,50.926700592041016,17090400
2020-07-24,52.099998474121094,52.47999954223633,51.5,51.66999816894531,50.52577590942383,16258900
2020-07-27,51.459999084472656,51.459999084472656,50.61000061035156,51.290000915527344,50.154197692871094,13991400
2020-07-28,51.02000045776367,51.65999984741211,50.970001220703125,51.27000045776367,50.13463592529297,13121400
2020-07-29,51.16999816894531,52.59000015258789,50.9900016784668,52.52000045776367,51.356956481933594,16991000
2020-07-30,51.11000061035156,51.20000076293945,49.86000061035156,50.869998931884766,49.743492126464844,24154600
2020-07-31,50.2599983215332,50.310001373291016,49.369998931884766,50.0099983215332,49.39777755737305,22488400
2020-08-03,50.560001373291016,50.849998474121094,49.689998626708984,50.38999938964844,49.773128509521484,15856600
2020-08-04,50.22999954223633,50.31999969482422,49.849998474121094,50.13999938964844,49.526187896728516,16230800
2020-08-05,50.5,51.310001373291016,50.470001220703125,51.040000915527344,50.4151725769043,16500800
2020-08-06,50.75,51.290000915527344,50.58000183105469,50.88999938964844,50.267005920410156,11025000
2020-08-07,50.52000045776367,52.22999954223633,50.130001068115234,52.119998931884766,51.48194885253906,21492200
2020-08-10,52.290000915527344,53.209999084472656,52.25,52.86000061035156,52.212890625,16850400
2020-08-11,54.45000076293945,55.029998779296875,53.540000915527344,53.7599983215332,53.101871490478516,25256500
2020-08-12,54.939998626708984,55.02000045776367,52.75,53.349998474121094,52.69689178466797,19348000
2020-08-13,52.83000183105469,53.47999954223633,52.56999969482422,52.88999938964844,52.242523193359375,13815300
2020-08-14,52.45000076293945,53.349998474121094,52.36000061035156,52.93000030517578,52.28203201293945,13861300
2020-08-17,52.630001068115234,52.81999969482422,51.349998474121094,51.41999816894531,50.7905158996582,19788700
2020-08-18,51.52000045776367,51.529998779296875,50.279998779296875,50.34000015258789,49.72373962402344,17100800
2020-08-19,50.68000030517578,51.33000183105469,50.0,50.290000915527344,49.674354553222656,20837300
2020-08-20,49.529998779296875,50.02000045776367,49.22999954223633,49.58000183105469,48.973045349121094,15920900
2020-08-21,49.45000076293945,50.08000183105469,49.15999984741211,49.29999923706055,48.69647216796875,17416000
2020-08-24,49.900001525878906,51.130001068115234,49.45000076293945,51.060001373291016,50.4349250793457,19745100
2020-08-25,51.849998474121094,52.5099983215332,50.970001220703125,51.650001525878906,51.017704010009766,17244800
2020-08-26,51.65999984741211,51.790000915527344,50.81999969482422,50.849998474121094,50.22749328613281,14541600
2020-08-27,50.720001220703125,52.209999084472656,50.650001525878906,51.720001220703125,51.08684539794922,19393500
2020-08-28,52.06999969482422,52.369998931884766,51.529998779296875,52.279998779296875,51.63998794555664,16990300
2020-08-31,51.90999984741211,52.040000915527344,51.099998474121094,51.119998931884766,50.49419021606445,16280100
2020-09-01,50.880001068115234,51.56999969482422,50.540000915527344,51.20000076293945,50.573211669921875,16909900
2020-09-02,51.040000915527344,52.13999938964844,50.65999984741211,51.95000076293945,51.314029693603516,15348600
2020-09-03,52.439998626708984,53.63999938964844,51.22999954223633,51.5,50.869537353515625,25003200
2020-09-04,52.470001220703125,53.36000061035156,51.439998626708984,52.52000045776367,51.877052307128906,25124000
2020-09-08,51.91999816894531,52.09000015258789,50.65999984741211,51.040000915527344,50.4151725769043,28128600
2020-09-09,51.20000076293945,51.59000015258789,50.619998931884766,51.400001525878906,50.7707633972168,19193900
2020-09-10,51.720001220703125,52.5,50.70000076293945,50.95000076293945,50.326271057128906,22324400
2020-09-11,50.88999938964844,51.689998626708984,50.79999923706055,51.0,50.37565994262695,21033200
2020-09-14,51.4900016784668,52.08000183105469,47.900001525878906,48.150001525878906,47.560550689697266,58798300
2020-09-15,48.119998931884766,48.38999938964844,44.66999816894531,44.810001373291016,44.26144027709961,84689700
2020-09-16,45.209999084472656,46.7599983215332,44.619998931884766,46.02000045776367,45.456626892089844,45484600
2020-09-17,45.459999084472656,45.83000183105469,45.0099983215332,45.529998779296875,44.97262191772461,28741600
2020-09-18,45.52000045776367,45.959999084472656,44.7599983215332,44.86000061035156,44.31082534790039,33201700
2020-09-21,43.40999984741211,44.15999984741211,43.06999969482422,43.93000030517578,43.3922119140625,33469700
2020-09-22,43.790000915527344,44.130001068115234,43.08000183105469,43.290000915527344,42.760047912597656,25799200
2020-09-23,43.61000061035156,43.95000076293945,41.790000915527344,41.849998474121094,41.33767318725586,28780200
2020-09-24,41.849998474121094,42.599998474121094,41.290000915527344,42.189998626708984,41.67351150512695,31259200
2020-09-25,41.84000015258789,42.130001068115234,41.52000045776367,42.02000045776367,41.505592346191406,26917200
2020-09-28,42.91999816894531,43.880001068115234,42.88999938964844,43.34000015258789,42.80943298339844,21204600
2020-09-29,43.099998474121094,43.290000915527344,42.02000045776367,42.41999816894531,41.90069580078125,20694300
2020-09-30,42.58000183105469,43.59000015258789,42.5,43.11000061035156,42.58224868774414,22520900
2020-10-01,43.33000183105469,43.650001525878906,42.599998474121094,43.439998626708984,42.908206939697266,21900500
2020-10-02,42.540000915527344,43.869998931884766,42.52000045776367,43.65999984741211,43.12551498413086,23899200
2020-10-05,44.2599983215332,45.22999954223633,44.209999084472656,44.90999984741211,44.36021423339844,24170600
2020-10-06,45.47999954223633,46.060001373291016,44.15999984741211,44.40999984741211,43.8663330078125,29505900
2020-10-07,45.02000045776367,45.630001068115234,44.61000061035156,44.84000015258789,44.29106903076172,22135800
2020-10-08,44.90999984741211,45.16999816894531,44.279998779296875,44.720001220703125,44.172542572021484,28630700
2020-10-09,45.0099983215332,45.59000015258789,44.689998626708984,44.93000030517578,44.37997055053711,25595600
2020-10-12,45.09000015258789,45.9900016784668,44.95000076293945,45.880001068115234,45.31834030151367,24070200
2020-10-13,46.119998931884766,46.119998931884766,43.54999923706055,43.68000030517578,43.14527130126953,49899100
2020-10-14,43.52000045776367,44.2400016784668,43.0,43.029998779296875,42.50322723388672,30300900
2020-10-15,42.540000915527344,43.63999938964844,42.25,43.61000061035156,43.07612991333008,26408000
2020-10-16,43.68000030517578,43.880001068115234,43.08000183105469,43.189998626708984,42.66127014160156,25998000
2020-10-19,43.349998474121094,43.38999938964844,42.810001373291016,42.900001525878906,42.374820709228516,22793600
2020-10-20,43.369998931884766,44.08000183105469,43.34000015258789,43.52000045776367,42.98723220825195,21255900
2020-10-21,43.459999084472656,43.72999954223633,42.900001525878906,43.0099983215332,42.48347091674805,19816300
2020-10-22,42.88999938964844,43.9900016784668,42.65999984741211,43.95000076293945,43.41196823120117,21341200
2020-10-23,44.209999084472656,44.56999969482422,43.66999816894531,43.95000076293945,43.41196823120117,18486500
2020-10-26,43.36000061035156,43.400001525878906,42.810001373291016,43.2599983215332,42.730411529541016,24928100
2020-10-27,43.040000915527344,43.040000915527344,41.869998931884766,41.880001068115234,41.3673095703125,24251700
2020-10-28,40.970001220703125,41.59000015258789,40.7400016784668,41.130001068115234,40.626487731933594,27485000
2020-10-29,41.130001068115234,42.150001525878906,40.709999084472656,41.65999984741211,41.150001525878906,23351000
2020-10-30,41.029998779296875,41.540000915527344,40.4900016784668,41.41999816894531,41.41999816894531,26962800
2020-11-02,41.86000061035156,42.66999816894531,41.20000076293945,42.209999084472656,42.209999084472656,24310800
2020-11-03,43.29999923706055,44.02000045776367,43.060001373291016,43.529998779296875,43.529998779296875,29985200
2020-11-04,42.529998779296875,43.40999984741211,41.900001525878906,42.08000183105469,42.08000183105469,25956400
2020-11-05,42.34000015258789,43.58000183105469,42.18000030517578,43.06999969482422,43.06999969482422,24945100
2020-11-06,43.5099983215332,43.61000061035156,42.5,42.709999084472656,42.709999084472656,17705200
2020-11-09,46.869998931884766,48.779998779296875,46.2599983215332,47.63999938964844,47.63999938964844,56895200
2020-11-10,48.310001373291016,48.75,47.45000076293945,47.650001525878906,47.650001525878906,33275800
2020-11-11,47.900001525878906,49.290000915527344,47.68000030517578,48.93000030517578,48.93000030517578,29719600
2020-11-12,47.970001220703125,48.40999984741211,47.709999084472656,48.279998779296875,48.279998779296875,28457400
2020-11-13,48.650001525878906,49.06999969482422,48.400001525878906,48.65999984741211,48.65999984741211,18632500
2020-11-16,50.40999984741211,51.02000045776367,49.86000061035156,50.400001525878906,50.400001525878906,26699400
